doi,doi_link,title,year,host,oa_pdf_url,block_reason,openalex_key,detail
10.1002/chem.200600228,https://doi.org/10.1002/chem.200600228,Formation of Phosphaethyne Dimers: A Mechanistic Study,2006,(none),,no fetchable PDF and no Europe PMC full text,W1971437397,0 PDF location(s) + Europe PMC tried; no Europe PMC OA full text
10.1002/chem.201603640,https://doi.org/10.1002/chem.201603640,Observation of Slow Relaxation and Single‐Molecule Toroidal Behavior in a Family of Butterfly‐Shaped Ln<sub>4</sub> Complexes,2016,(none),,no fetchable PDF and no Europe PMC full text,W2550491543,0 PDF location(s) + Europe PMC tried; no Europe PMC OA full text
10.1002/jcc.24897,https://doi.org/10.1002/jcc.24897,Theoretical studies of spin state‐specific [2 + 2] and [5 + 2] photocycloaddition reactions of <i>n</i>‐(1‐penten‐5‐yl)maleimide,2017,(none),,no fetchable PDF and no Europe PMC full text,W2739675675,0 PDF location(s) + Europe PMC tried; no Europe PMC OA full text
10.1016/s0301-0104(02)00966-7,https://doi.org/10.1016/s0301-0104(02)00966-7,Thiazyl chloride: an experimental and theoretical study of the valence shell HeI photoelectron spectrum,2003,(none),,no fetchable PDF and no Europe PMC full text,W1975937059,0 PDF location(s) + Europe PMC tried; no Europe PMC OA full text
10.1021/acs.cgd.5c00236,https://doi.org/10.1021/acs.cgd.5c00236,Structural and Magnetic Studies of a Discrete Tetranuclear Complex Featuring an Oxalato-Bridged Ni3IICrIII Cluster,2025,(none),,unknown,W4412961281,
10.1021/acs.cgd.5c00337,https://doi.org/10.1021/acs.cgd.5c00337,"Tuning Self-Aggregation and Nuclearity in Multinuclear CoII Complexes: Synthesis, Structural Diversity, and Changes in Magnetic Anisotropy and Relaxation Behavior",2025,(none),,unknown,W4410603616,
10.1021/acs.cgd.5c01058,https://doi.org/10.1021/acs.cgd.5c01058,Regulation of Ligand Substitution in Mononuclear Dy/Gd Complexes: Slow Magnetic Relaxation and Magnetocaloric Effects,2025,(none),,unknown,W4415606929,
10.1021/acs.inorgchem.5c01823,https://doi.org/10.1021/acs.inorgchem.5c01823,Electronic Structure of Tetragonal Fe-Oxo Complexes Governs HAT vs PCET Mechanisms in C–H Oxidation,2025,(none),,unknown,W4412203161,
10.1021/acs.inorgchem.5c02059.s002,https://doi.org/10.1021/acs.inorgchem.5c02059.s002,Spectroscopicand Theoretical Studies of RutheniumComplexes with a Noninnocent N<sub>2</sub>S<sub>2</sub> Ligand inDifferent Redox States,2025,(none),,no OA PDF URL known,W7111139044,no OA URL in index
10.1021/acs.inorgchem.5c02481,https://doi.org/10.1021/acs.inorgchem.5c02481,Nanostructuring of Dysprosocenium Single-Ion Magnets through Encapsulation in MOFs: A Promising Approach to Achieve High Axiality and Ambient Stability with Long-Range Ordering,2025,(none),,unknown,W4413849878,
10.1021/acs.inorgchem.5c02893,https://doi.org/10.1021/acs.inorgchem.5c02893,Electronic Structure and Hypercorrole Features of Deprotonated Free-Base and Reduced Copper Corroles,2025,(none),,unknown,W4415982472,
10.1021/acs.inorgchem.5c03327,https://doi.org/10.1021/acs.inorgchem.5c03327,Fe(II)-Porphyrin Catalysts Emulate Enzymatic Structural Features for C–H Amination Reactions,2025,(none),,unknown,W4413005179,
10.1021/acs.inorgchem.5c03532,https://doi.org/10.1021/acs.inorgchem.5c03532,"In Silico
                    Investigation to Rationalize the Effect of Weak Donor versus Strong Donor Halides as Bridges in Dinuclear Dysprosium(III) Single-Molecule Magnets",2025,(none),,unknown,W4415341061,
10.1021/acs.inorgchem.5c03903,https://doi.org/10.1021/acs.inorgchem.5c03903,"Unravelling Magneto-Structural Correlations in Pseudo
                    D
                    
                      5
                      h
                      /6
                      h
                    
                    -Symmetric Dy(III) Single-Molecule Magnets",2025,(none),,unknown,W4417274606,
10.1021/acs.inorgchem.5c03929,https://doi.org/10.1021/acs.inorgchem.5c03929,Synthesis &amp; Magnetic Properties of an Antimony Chelate (‘XantSb2’) Supported Cobalt(II): Rare Example of a 5p|3d Paramagnetic Complex,2025,(none),,unknown,W4414553927,
10.1021/acs.inorgchem.5c03943,https://doi.org/10.1021/acs.inorgchem.5c03943,"Peroxide Ligands Support Tetranuclear Lanthanide Ensembles: Synthesis, Structure, Magnetism, and Theoretical Studies",2025,(none),,unknown,W4416178400,
10.1021/acs.inorgchem.6c01030,https://doi.org/10.1021/acs.inorgchem.6c01030,"Implicating the Role of Enhanced Oxyl Attribute in Facilitating Exceptional C–H Activation by a [Co
                    2
                    III,IV
                    (μ-O)
                    2
                    ] Diamond-Core Complex: A Theoretical Perspective",2026,(none),,unknown,W7163070452,
10.1021/acs.jctc.5c00190.s001,https://doi.org/10.1021/acs.jctc.5c00190.s001,Second-Order CompleteActive Space Perturbation Theory(CASPT2) and <i>N</i>‑Electron Valence State PerturbationTheory (NEVPT2) Based on Adaptive Sampling Configuration InteractionSelf-Consistent Field (ASCI-SCF),2025,(none),,no OA PDF URL known,W7111002894,no OA URL in index
10.1021/acs.jctc.5c00899.s001,https://doi.org/10.1021/acs.jctc.5c00899.s001,MC-PDFT NuclearGradients and L‑PDFT Energieswith Meta and Hybrid Meta On-Top Functionals for Ground- and Excited-StateGeometry Optimization and Vertical Excitation Energies,2025,(none),,no OA PDF URL known,W7110985523,no OA URL in index
10.1021/acs.jctc.5c00899.s002,https://doi.org/10.1021/acs.jctc.5c00899.s002,MC-PDFT NuclearGradients and L‑PDFT Energieswith Meta and Hybrid Meta On-Top Functionals for Ground- and Excited-StateGeometry Optimization and Vertical Excitation Energies,2025,(none),,no OA PDF URL known,W7111042252,no OA URL in index
10.1021/acs.jctc.5c01321,https://doi.org/10.1021/acs.jctc.5c01321,MC25: An Accurate Meta Pair-Density Functional for Multiconfiguration Pair-Density Functional Theory and Linearized Pair-Density Functional Theory,2025,(none),,unknown,W4415705632,
10.1021/acs.jctc.5c01333,https://doi.org/10.1021/acs.jctc.5c01333,Capturing Electron Correlation with Machine Learning through a Data-Driven CASPT2 Framework,2025,(none),,unknown,W4415431826,
10.1021/acs.jctc.5c01336,https://doi.org/10.1021/acs.jctc.5c01336,Density Matrix Embedding Theory-Based Multiconfigurational Quantum Chemistry Approach to Lanthanide Single-Ion Magnets,2025,(none),,unknown,W4414624827,
10.1021/acs.jctc.5c01411.s002,https://doi.org/10.1021/acs.jctc.5c01411.s002,A Benchmark Databasefor Spin-Flip Gap Calculationsin Single- and Multireference Systems Using ΔDFT and Beyond,2025,(none),,no OA PDF URL known,W7110799334,no OA URL in index
10.1021/acs.joc.6c01030,https://doi.org/10.1021/acs.joc.6c01030,Spiro-Induced Strain as a Design Principle for Long-Lived Singlet Diradicals with π-Single Bond Character,2026,(none),,unknown,W7165173266,
10.1021/acs.joc.9b01197,https://doi.org/10.1021/acs.joc.9b01197,Detection and Identification of Reaction Intermediates in the Photorearrangement of Pyridazine <i>N</i>-Oxide: Discrepancies between Experiment and Theory,2019,(none),,no fetchable PDF and no Europe PMC full text,W2958737176,0 PDF location(s) + Europe PMC tried; no Europe PMC OA full text
10.1021/acs.jpca.1c07108,https://doi.org/10.1021/acs.jpca.1c07108,Theoretical Studies on the Excited-State Decay Mechanism of Homomenthyl Salicylate in a Gas Phase and an Acetonitrile Solution,2021,(none),,unknown,W4200113171,
10.1021/acs.jpca.1c09150,https://doi.org/10.1021/acs.jpca.1c09150,Large Inverted Singlet–Triplet Energy Gaps Are Not Always Favorable for Triplet Harvesting: Vibronic Coupling Drives the (Reverse) Intersystem Crossing in Heptazine Derivatives,2021,(none),,no OA PDF URL known,W3211816253,no OA URL in index
10.1021/acs.jpca.4c08520,https://doi.org/10.1021/acs.jpca.4c08520,Quantum Mechanics/Molecular Mechanics Studies on the Excited-State Relaxation Mechanisms of Cytidine Analogues: 2′-Deoxy-5-Methylcytidine and 2′-Deoxy-5-Hydroxymethylcytidine in Aqueous Solution,2025,(none),,unknown,W4409642959,
10.1021/acs.jpca.5c00196.s002,https://doi.org/10.1021/acs.jpca.5c00196.s002,"Infrared MultiplePhoton Dissociation Spectroscopyof the H–H Stretching Mode and Low-Lying Electronic Transitionsin Fe<sup>+</sup>(H<sub>2</sub>)<sub>1,2</sub> and Fe<sup>+</sup>(D<sub>2</sub>)<sub>1,2</sub>",2025,(none),,no OA PDF URL known,W7111412995,no OA URL in index
10.1021/acs.jpca.5c01912,https://doi.org/10.1021/acs.jpca.5c01912,Mechanism of Chemiluminescence in the Air Afterglow Reaction,2025,(none),,unknown,W4410244095,
10.1021/acs.jpca.5c02571,https://doi.org/10.1021/acs.jpca.5c02571,Theoretical Prediction of the Magnetic Blocking Temperature of Dysprosium-Based Metallofullerene Single-Molecule Magnets,2025,(none),,unknown,W4413994610,
10.1021/acs.jpca.5c03028,https://doi.org/10.1021/acs.jpca.5c03028,Nonunitary Variational Quantum Eigensolver with the Localized Active Space Method and Cost Mitigation,2025,(none),,unknown,W4413309593,
10.1021/acs.jpca.5c03032,https://doi.org/10.1021/acs.jpca.5c03032,Beyond Born–Oppenheimer Constructed Diabatic Potential Energy Surfaces for H3: Adiabatic and Diabatic Reaction Probabilities,2025,(none),,unknown,W4412094189,
10.1021/acs.jpca.5c03032.s002,https://doi.org/10.1021/acs.jpca.5c03032.s002,Beyond Born–OppenheimerConstructed DiabaticPotential Energy Surfaces for H<sub>3</sub>: Adiabatic and DiabaticReaction Probabilities,2025,(none),,no fetchable PDF and no Europe PMC full text,W7111125933,0 PDF location(s) + Europe PMC tried; no Europe PMC OA full text
10.1021/acs.jpca.5c04699.s002,https://doi.org/10.1021/acs.jpca.5c04699.s002,Time-DependentMulticonfigurational Short-Range DensityFunctional Theory with Generalized Valence Bond Wave Functions,2025,(none),,no fetchable PDF and no Europe PMC full text,W7111061770,0 PDF location(s) + Europe PMC tried; no Europe PMC OA full text
10.1021/acs.jpca.5c04929,https://doi.org/10.1021/acs.jpca.5c04929,Quantum Mechanics/Molecular Mechanics Study on the Excited-State Relaxation Pathways of 2′-Deoxy-5-Fluorocytidine in Aqueous Solution,2025,(none),,unknown,W4415901453,
10.1021/acs.jpca.5c05370,https://doi.org/10.1021/acs.jpca.5c05370,Two Competing Excited-State Intramolecular Proton Transfer Pathways in AHMD,2025,(none),,unknown,W4416332636,
10.1021/acs.jpca.5c05510.s002,https://doi.org/10.1021/acs.jpca.5c05510.s002,Benchmarking Electronic-Structure Methods for theDescription of Dark Transitions in Carbonyls at and Beyond the Franck–CondonPoint,2025,(none),,no OA PDF URL known,W7111391771,no OA URL in index
10.1021/acs.jpca.5c05513,https://doi.org/10.1021/acs.jpca.5c05513,"The Electronic Structure of Boron, Aluminum, and Scandium Monoxides: BO, AlO, and ScO",2025,(none),,unknown,W4414536538,
10.1021/acs.jpca.5c06689,https://doi.org/10.1021/acs.jpca.5c06689,"Role of Cd
                    2+
                    and Ag
                    +
                    as Codoping Species in the Mechanism of the Luminescence Activation/Deactivation of a Ln
                    3+
                    @UiO-66-(COOH)
                    2
                    Chemical Sensor: A Quantum Chemistry Approach",2025,(none),,unknown,W4417429222,
10.1021/acs.jpca.5c07496,https://doi.org/10.1021/acs.jpca.5c07496,Theoretical Study on the Nitrile Substitution Effect in a Schiff Base Derivative: Suppression of Excited-State Intramolecular Proton Transfer and Dominance of Torsional Decay,2025,(none),,unknown,W4417439596,
10.1021/acs.jpca.5c08237,https://doi.org/10.1021/acs.jpca.5c08237,Excited-State Relaxation Mechanism of 5-Hydroxyflavone: A CASPT2 Investigation in the Microsolvated Aqueous Surrounding,2026,(none),,unknown,W7132833229,
10.1021/acs.jpca.6b10687,https://doi.org/10.1021/acs.jpca.6b10687,Structure and Electronic Transitions of C<sub>7</sub>H<sub>4</sub>O<sub>2</sub><sup>+</sup> and C<sub>7</sub>H<sub>5</sub>O<sub>2</sub><sup>+</sup> Ions: Neon Matrix and Theoretical Studies,2016,(none),,no OA PDF URL known,W2557536494,no OA URL in index
10.1021/acs.jpca.6c01999,https://doi.org/10.1021/acs.jpca.6c01999,A Wave Function Theory and Density Functional Theory Investigation of Ground and Excited States of HfSi,2026,(none),,unknown,W7163570672,
10.1021/acs.jpca.6c02386,https://doi.org/10.1021/acs.jpca.6c02386,"1-, 2-, and 3-Electron Pancake Bonds in Covalent Scaffolds: Redox Modulation of Through-Space Exchange in Blatter Diradicals",2026,(none),,unknown,W7167932438,
10.1021/acs.jpcc.6b10391,https://doi.org/10.1021/acs.jpcc.6b10391,Electronic Transition of Ferrocenium: Neon Matrix and CASPT2 Studies,2016,(none),,no OA PDF URL known,W2557630530,no OA URL in index
10.1021/acs.jpclett.5c01270,https://doi.org/10.1021/acs.jpclett.5c01270,Hydrogen-Bonded Complexes of Methylnitrene,2025,(none),,unknown,W4411984214,
10.1021/acs.jpclett.5c02294,https://doi.org/10.1021/acs.jpclett.5c02294,"Photodissociation Pathways of Methanol: Dissociation, Roaming, and Migration",2025,(none),,unknown,W4415473661,
10.1021/acs.jpclett.5c02294.s001,https://doi.org/10.1021/acs.jpclett.5c02294.s001,"PhotodissociationPathways of Methanol: Dissociation,Roaming, and Migration",2025,(none),,no fetchable PDF and no Europe PMC full text,W7111306693,0 PDF location(s) + Europe PMC tried; no Europe PMC OA full text
10.1021/acs.jpclett.5c03195,https://doi.org/10.1021/acs.jpclett.5c03195,Nonadiabatic Dynamics of the Molecular Tully Models with the Mixed-Reference Spin-Flip Time-Dependent Density Functional Theory,2025,(none),,unknown,W4417297565,
10.1021/acs.organomet.6c00039,https://doi.org/10.1021/acs.organomet.6c00039,"Molecular
Organo-Dysprosium Polychalcogenides Isolated
from Inverse-Sandwich Dysprosium Arene Complexes with Chalcogens",2026,(none),,unknown,W7167475633,
10.1021/ja106902s.s001,https://doi.org/10.1021/ja106902s.s001,Intermediate-Valence Tautomerism in Decamethylytterbocene Complexes of Methyl-Substituted Bipyridines,2011,(none),,no fetchable PDF and no Europe PMC full text,W4299403217,0 PDF location(s) + Europe PMC tried; no Europe PMC OA full text
10.1021/ja809624w,https://doi.org/10.1021/ja809624w,Decamethylytterbocene Complexes of Bipyridines and Diazabutadienes: Multiconfigurational Ground States and Open-Shell Singlet Formation,2009,(none),,no fetchable PDF and no Europe PMC full text,W1980734759,0 PDF location(s) + Europe PMC tried; no Europe PMC OA full text
10.1021/jacs.5c03770,https://doi.org/10.1021/jacs.5c03770,Photochemistry of Ni(II) Tolyl Chlorides Supported by Bidentate Ligand Frameworks,2025,(none),,unknown,W4410286619,
10.1021/jacs.5c12079.s002,https://doi.org/10.1021/jacs.5c12079.s002,Molecular Models ofLayered Ternary Cu<sub>2</sub>MoS<sub>4</sub> Reveal Sulfur-BasedH<sub>2</sub> Evolution Pathway,2025,(none),,no fetchable PDF and no Europe PMC full text,W7110828816,0 PDF location(s) + Europe PMC tried; no Europe PMC OA full text
10.1021/jacs.5c12079.s003,https://doi.org/10.1021/jacs.5c12079.s003,Molecular Models ofLayered Ternary Cu<sub>2</sub>MoS<sub>4</sub> Reveal Sulfur-BasedH<sub>2</sub> Evolution Pathway,2025,(none),,no fetchable PDF and no Europe PMC full text,W7111092150,0 PDF location(s) + Europe PMC tried; no Europe PMC OA full text
10.1021/jacs.5c15650,https://doi.org/10.1021/jacs.5c15650,Super-reduction of Polyoxometalates: Unlocking the Oxidation State of Metalate Centers down to (III),2025,(none),,unknown,W4416084540,
10.1021/jp108460v,https://doi.org/10.1021/jp108460v,CASPT2 Study of the Potential Energy Surface of the HSO<sub>2</sub> System,2011,(none),,no OA PDF URL known,W2324822375,no OA URL in index
10.1021/jp509561v,https://doi.org/10.1021/jp509561v,Electronic Absorption Spectra of H<sub>2</sub>C<sub>6</sub>O<sup>+</sup> Isomers: Produced by Ion–Molecule Reactions,2014,(none),,no OA PDF URL known,W2329654758,no OA URL in index
10.1021/jp803213j,https://doi.org/10.1021/jp803213j,New Relativistic Atomic Natural Orbital Basis Sets for Lanthanide Atoms with Applications to the Ce Diatom and LuF<sub>3</sub>,2008,(none),,no fetchable PDF and no Europe PMC full text,W2045238539,0 PDF location(s) + Europe PMC tried; no Europe PMC OA full text
10.1021/jp8037335,https://doi.org/10.1021/jp8037335,Ground- and Excited-State Aromaticity and Antiaromaticity in Benzene and Cyclobutadiene,2008,(none),,no fetchable PDF and no Europe PMC full text,W2016465083,0 PDF location(s) + Europe PMC tried; no Europe PMC OA full text
10.1021/jp807172h,https://doi.org/10.1021/jp807172h,Mechanism of Spectral Tuning Going from Retinal in Vacuo to Bovine Rhodopsin and its Mutants: Multireference ab Initio Quantum Mechanics/Molecular Mechanics Studies,2008,(none),,no fetchable PDF and no Europe PMC full text,W2054504985,0 PDF location(s) + Europe PMC tried; no Europe PMC OA full text
10.1039/c8cp00602d,https://doi.org/10.1039/c8cp00602d,Impacts of hydroxylation on the photophysics of chalcones: insights into the relation between the chemical composition and the electronic structure,2018,(none),,no fetchable PDF and no Europe PMC full text,W2788209667,0 PDF location(s) + Europe PMC tried; no Europe PMC OA full text
10.1039/d1dt02038b,https://doi.org/10.1039/d1dt02038b,"From tetranuclear to pentanuclear [Co–Ln] (Ln = Gd, Tb, Dy, Ho) complexes across the lanthanide series: effect of varying sequence of ligand addition",2021,(none),,no fetchable PDF and no Europe PMC full text,W3187986025,0 PDF location(s) + Europe PMC tried; no Europe PMC OA full text
10.1039/d3cp01243c,https://doi.org/10.1039/d3cp01243c,The impact of spin-vibrational coupling on magnetic relaxation of a Co( <scp>ii</scp> ) single-molecule magnet,2023,(none),,no fetchable PDF and no Europe PMC full text,W4367721402,0 PDF location(s) + Europe PMC tried; no Europe PMC OA full text
10.1063/1.5048924,https://doi.org/10.1063/1.5048924,Modeling core-level excitations with variationally optimized reduced-density matrices and the extended random phase approximation,2018,(none),,"HTML landing page, not a PDF",W2904017371,1 PDF location(s) + Europe PMC tried; ValueError: not a PDF (probably an HTML landing page) | no Europe PMC OA full text
10.1080/00268976.2015.1087601,https://doi.org/10.1080/00268976.2015.1087601,Theoretical study of vibronic perturbations in magnesium carbide,2015,(none),,no OA PDF URL known,W2214091558,no OA URL in index
10.1080/00268976.2016.1164348,https://doi.org/10.1080/00268976.2016.1164348,<i>Ab initio</i>insights on photophysics of 9-methylhypoxanthine,2016,(none),,no fetchable PDF and no Europe PMC full text,W2324347976,0 PDF location(s) + Europe PMC tried; no Europe PMC OA full text
10.1080/00268976.2016.1201600,https://doi.org/10.1080/00268976.2016.1201600,On the performance of DFT/MRCI-R and MR-MP2 in spin–orbit coupling calculations on diatomics and polyatomic organic molecules,2016,(none),,no fetchable PDF and no Europe PMC full text,W2466175445,0 PDF location(s) + Europe PMC tried; no Europe PMC OA full text
10.1080/00268976.2016.1213436,https://doi.org/10.1080/00268976.2016.1213436,"Theoretical insights into excited-state intramolecular proton transfer in 1,8-dihydroxydibenzo[<i>a,h</i>]phenazine",2016,(none),,no fetchable PDF and no Europe PMC full text,W2487248808,0 PDF location(s) + Europe PMC tried; no Europe PMC OA full text
10.1080/00268976.2025.2563030,https://doi.org/10.1080/00268976.2025.2563030,Unveiling the mechanism of <i>o</i> -fluorophenol ultrafast photodecay using on-the-fly nonadiabatic dynamics,2025,(none),,no fetchable PDF and no Europe PMC full text,W4414848445,0 PDF location(s) + Europe PMC tried; no Europe PMC OA full text
10.1089/aid.1.1983.1.107,https://doi.org/10.1089/aid.1.1983.1.107,THE ACQUIRED IMMUNODEFICIENCY SYNDROME: A DISCUSSION OF ETIOLOGIC HYPOTHESES,1983,(none),,no OA PDF URL known,W2229452080,no OA URL in index
10.11588/heidok.00037525,https://doi.org/10.11588/heidok.00037525,"Experimental Studies on the Ligand Field Effects and Magnetic Interactions in 3d, 4f and 5d Mono- and Heterometallic Molecular Compounds",2025,(none),,no fetchable PDF and no Europe PMC full text,W7104249822,0 PDF location(s) + Europe PMC tried; no Europe PMC OA full text
10.3389/fchem.2025.1603873.s001,https://doi.org/10.3389/fchem.2025.1603873.s001,Table 1_Theoretical laser cooling feasibility study of ZrH molecule at the fine structure level.docx,2025,(none),,no fetchable PDF and no Europe PMC full text,W7111243622,0 PDF location(s) + Europe PMC tried; no Europe PMC OA full text
10.3389/fchem.2025.1603873.s002,https://doi.org/10.3389/fchem.2025.1603873.s002,Table 2_Theoretical laser cooling feasibility study of ZrH molecule at the fine structure level.docx,2025,(none),,no fetchable PDF and no Europe PMC full text,W7110824346,0 PDF location(s) + Europe PMC tried; no Europe PMC OA full text
10.3389/fphy.2025.1635859.s001,https://doi.org/10.3389/fphy.2025.1635859.s001,Data Sheet 1_Theoretical study of spin-orbit coupling and laser cooling for HBr molecule with first-overtone spectral calculations.docx,2025,(none),,no fetchable PDF and no Europe PMC full text,W7110986306,0 PDF location(s) + Europe PMC tried; no Europe PMC OA full text
10.48420/30888737.v1,https://doi.org/10.48420/30888737.v1,"Research data for ""Hydration States of Transplutonium Ions Alter Electronic Structure""",2025,(none),,no fetchable PDF and no Europe PMC full text,W7115938972,0 PDF location(s) + Europe PMC tried; no Europe PMC OA full text
10.48550/arxiv.2601.19699,https://doi.org/10.48550/arxiv.2601.19699,Orthogonally Constrained CASSCF Framework: Newton-Raphson Orbital Optimization and Nuclear Gradients,2026,(none),,no fetchable PDF and no Europe PMC full text,W7125943486,0 PDF location(s) + Europe PMC tried; no Europe PMC OA full text
10.48550/arxiv.2602.04420,https://doi.org/10.48550/arxiv.2602.04420,UGA-SSMRPT2 -- A Multireference Perturbation Theory Predicting Accurate Electronic Excitation Energies in Diverse Molecular Systems,2026,(none),,no OA PDF URL known,W7128057212,no OA URL in index
10.48550/arxiv.2602.07746,https://doi.org/10.48550/arxiv.2602.07746,Charge Transfer with a Spin. I: A Generalized CASSCF Framework for Investigating Charge Transfer in the Presence of Spin-Orbit Coupling,2026,(none),,no fetchable PDF and no Europe PMC full text,W7128540746,0 PDF location(s) + Europe PMC tried; no Europe PMC OA full text
10.48550/arxiv.2602.07750,https://doi.org/10.48550/arxiv.2602.07750,Charge Transfer with a Spin. II: A Framework for Diabatization which Localizes Charge and Spin,2026,(none),,no fetchable PDF and no Europe PMC full text,W7128522335,0 PDF location(s) + Europe PMC tried; no Europe PMC OA full text
10.48550/arxiv.2602.24236,https://doi.org/10.48550/arxiv.2602.24236,Relativistic Complete Active Space Self-consistent-Field Method with a Hierarchy of Exact Two-Component Hamiltonians,2026,(none),,no fetchable PDF and no Europe PMC full text,W7133209380,0 PDF location(s) + Europe PMC tried; no Europe PMC OA full text
10.48550/arxiv.2603.07089,https://doi.org/10.48550/arxiv.2603.07089,\textit{Ab Initio} Adiabatic Potential Energy Surfaces and Non-adiabatic Couplings for O$_3$: Construction of Four State Diabatic Hamiltonian,2026,(none),,no OA PDF URL known,W7134851058,no OA URL in index
10.5281/zenodo.18434136,https://doi.org/10.5281/zenodo.18434136,Sector-Aware VQE for Reduced Fe₄N₂ Active-Space Models: Correction of a Prior Redox-Driven Electronic-Structure Collapse Claim,2026,(none),,no fetchable PDF and no Europe PMC full text,W7126169604,0 PDF location(s) + Europe PMC tried; no Europe PMC OA full text
10.5281/zenodo.18877522,https://doi.org/10.5281/zenodo.18877522,BOMD Structural Analysis of Dark and Bright State of Channelrhodopsin 2,2026,(none),,no fetchable PDF and no Europe PMC full text,W7134034811,0 PDF location(s) + Europe PMC tried; no Europe PMC OA full text
10.5281/zenodo.18886878,https://doi.org/10.5281/zenodo.18886878,Nonadiabatic Surface Hopping Simulation Of Channelrhodopsin 2,2026,(none),,no fetchable PDF and no Europe PMC full text,W7134032243,0 PDF location(s) + Europe PMC tried; no Europe PMC OA full text
10.5281/zenodo.18919025,https://doi.org/10.5281/zenodo.18919025,The multiplet electronic structure of U ion: relativistic all-electron ab initio approach,2024,(none),,no OA PDF URL known,W7134244929,no OA URL in index
10.5281/zenodo.18941709,https://doi.org/10.5281/zenodo.18941709,"ASDM-I (January 16, 2026 Canonical Version) – Published by Whirl ASI / DeepPsyche.",2026,(none),,no OA PDF URL known,W7134804998,no OA URL in index
10.5281/zenodo.3380352,https://doi.org/10.5281/zenodo.3380352,Accurate Predictions of Volatile Plutonium Thermodynamic Properties: Dataset,2019,(none),,no OA PDF URL known,W4393548290,no OA URL in index
10.5281/zenodo.4903494,https://doi.org/10.5281/zenodo.4903494,Neural Network Fitted Potential Energy Surface for Ozone,2021,(none),,no OA PDF URL known,W4393765757,no OA URL in index
10.60893/figshare.jcp.30625022.v1,https://doi.org/10.60893/figshare.jcp.30625022.v1,Photodissociation Dynamics of Energized H$_2$COO: Formation of Molecular Products,2025,(none),,no OA PDF URL known,W7108323272,no OA URL in index
10.60893/figshare.jcp.c.8255698,https://doi.org/10.60893/figshare.jcp.c.8255698,<strong>Dynamics studies for the C(<sup>3</sup>P) + H<sub>2</sub> reaction: Based on new global diabatic potential energy surfaces</strong>,2026,(none),,no OA PDF URL known,W7128634780,no OA URL in index
10.70675/2bb8c4bdz7019z4f58z8945zffc33131e7a8,https://doi.org/10.70675/2bb8c4bdz7019z4f58z8945zffc33131e7a8,Approche théorique des collisions réactives de type ion-molécule,2014,(none),,no OA PDF URL known,W7147120367,no OA URL in index
10.70675/6116113fz4cc1z49c5z9477z20d367f40cdf,https://doi.org/10.70675/6116113fz4cc1z49c5z9477z20d367f40cdf,Spectroscopie électronique et couplage spin-orbite de composés organométalliques,2013,(none),,no fetchable PDF and no Europe PMC full text,W7143723207,0 PDF location(s) + Europe PMC tried; no Europe PMC OA full text
10.3891/acta.chem.scand.51-0984,https://doi.org/10.3891/acta.chem.scand.51-0984,Photochemical Nitration by Tetranitromethane. Part XL. Regiochemistry of Trinitromethyl Attachment in the Photolysis of Benzofuran with Tetranitromethane.,1997,actachemscand.org,http://actachemscand.org/pdf/acta_vol_51_p0984-0999.pdf,connection refused / DNS failure,W2040527857,"1 PDF location(s) + Europe PMC tried; ConnectionError: HTTPConnectionPool(host='actachemscand.org', port=80): Max retries exceeded with url: /pdf/acta_vol_51_p0984-0999.pdf (Caused by NameResolutionError(""HTTPConnection(host='actachemscand.org', port=80): Failed to resolve 'actachemscand.org' ([Errn"
10.1002/2016ms000763,https://doi.org/10.1002/2016ms000763,Moisture‐radiative cooling instability,2016,agupubs.onlinelibrary.wiley.com,https://agupubs.onlinelibrary.wiley.com/doi/pdfdirect/10.1002/2016MS000763,HTTP 403 (publisher blocks scripted clients),W2523014656,HTTPError: 403 Client Error: Forbidden for url: https://agupubs.onlinelibrary.wiley.com/doi/pdfdirect/10.1002/2016MS000763
10.1063/1.1290124,https://doi.org/10.1063/1.1290124,A new method of calculation of Franck–Condon factors which includes allowance for anharmonicity and the Duschinsky effect: Simulation of the He I photoelectron spectrum of ClO2,2000,aip.scitation.org,https://aip.scitation.org/doi/pdf/10.1063/1.1290124,"HTML landing page, not a PDF",W1971661511,ValueError: response is not a PDF (probably an HTML landing page)
10.1063/1.1323264,https://doi.org/10.1063/1.1323264,Electric field effects on the ionic-neutral curve crossing of alkali halide molecules,2000,aip.scitation.org,https://aip.scitation.org/doi/pdf/10.1063/1.1323264,"HTML landing page, not a PDF",W2053907135,ValueError: response is not a PDF (probably an HTML landing page)
10.1063/1.1355986,https://doi.org/10.1063/1.1355986,Optical properties of peroxy radicals in silica: Multiconfigurational perturbation theory calculations,2001,aip.scitation.org,https://aip.scitation.org/doi/pdf/10.1063/1.1355986,"HTML landing page, not a PDF",W2084250155,ValueError: response is not a PDF (probably an HTML landing page)
10.1063/1.2128335,https://doi.org/10.1063/1.2128335,Theoretical Investigation of HS2 Radical and Its Positive Ion,2005,aip.scitation.org,https://aip.scitation.org/doi/pdf/10.1063/1.2128335,no fetchable PDF and no Europe PMC full text,W1534029509,0 PDF location(s) + Europe PMC tried; no Europe PMC OA full text
10.1063/1.2128372,https://doi.org/10.1063/1.2128372,Accurate ab Initio Study of the C3S Molecule,2005,aip.scitation.org,https://aip.scitation.org/doi/pdf/10.1063/1.2128372,no fetchable PDF and no Europe PMC full text,W1532877453,0 PDF location(s) + Europe PMC tried; no Europe PMC OA full text
10.1063/1.2187974,https://doi.org/10.1063/1.2187974,The electronic structure of oxo-Mn(salen): Single-reference and multireference approaches,2006,aip.scitation.org,https://aip.scitation.org/doi/pdf/10.1063/1.2187974,"HTML landing page, not a PDF",W1972598001,1 PDF location(s) + Europe PMC tried; ValueError: not a PDF (probably an HTML landing page) | no Europe PMC OA full text
10.1063/1.2202738,https://doi.org/10.1063/1.2202738,A convenient decontraction procedure of internally contracted state-specific multireference algorithms,2006,aip.scitation.org,https://aip.scitation.org/doi/pdf/10.1063/1.2202738,"HTML landing page, not a PDF",W2009567571,ValueError: response is not a PDF (probably an HTML landing page)
10.1063/1.2943147,https://doi.org/10.1063/1.2943147,Optical excitations of defects in realistic nanoscale silica clusters: Comparing the performance of density functional theory using hybrid functionals with correlated wavefunction methods,2008,aip.scitation.org,https://aip.scitation.org/doi/pdf/10.1063/1.2943147,"HTML landing page, not a PDF",W1981397671,ValueError: response is not a PDF (probably an HTML landing page)
10.1063/1.3474571,https://doi.org/10.1063/1.3474571,The electronic structure of the triiodide ion from relativistic correlated calculations: A comparison of different methodologies,2010,aip.scitation.org,https://aip.scitation.org/doi/pdf/10.1063/1.3474571,"HTML landing page, not a PDF",W2035215402,ValueError: response is not a PDF (probably an HTML landing page)
10.1063/1.3636084,https://doi.org/10.1063/1.3636084,Zero field splitting of the chalcogen diatomics using relativistic correlated wave-function methods,2011,aip.scitation.org,https://aip.scitation.org/doi/pdf/10.1063/1.3636084,"HTML landing page, not a PDF",W2076646343,ValueError: response is not a PDF (probably an HTML landing page)
10.1063/1.3651536,https://doi.org/10.1063/1.3651536,<i>Ab initio</i>quantum dynamical study of the multi-state nonadiabatic photodissociation of pyrrole,2011,aip.scitation.org,https://aip.scitation.org/doi/pdf/10.1063/1.3651536,"HTML landing page, not a PDF",W1983551502,ValueError: response is not a PDF (probably an HTML landing page)
10.1063/1.468587,https://doi.org/10.1063/1.468587,A theoretical study of the electronic spectrum of bithiophene,1995,aip.scitation.org,https://aip.scitation.org/doi/pdf/10.1063/1.468587,"HTML landing page, not a PDF",W2059855561,ValueError: response is not a PDF (probably an HTML landing page)
10.1063/1.4818727,https://doi.org/10.1063/1.4818727,"Communication: Electronic UV-Vis transient spectra of the ·OH reaction products of uracil, thymine, cytosine, and 5,6-dihydrouracil by using the complete active space self-consistent field second-order perturbation (CASPT2//CASSCF) theory",2013,aip.scitation.org,https://aip.scitation.org/doi/pdf/10.1063/1.4818727,"HTML landing page, not a PDF",W1990088943,1 PDF location(s) + Europe PMC tried; ValueError: not a PDF (probably an HTML landing page) | no Europe PMC OA full text
10.1063/1.4833563,https://doi.org/10.1063/1.4833563,Solvent effects on the ultrafast nonradiative deactivation mechanisms of thymine in aqueous solution: Excited-state QM/MM molecular dynamics simulations,2013,aip.scitation.org,https://aip.scitation.org/doi/pdf/10.1063/1.4833563,"HTML landing page, not a PDF",W1992559052,ValueError: response is not a PDF (probably an HTML landing page)
10.1063/1.4875806,https://doi.org/10.1063/1.4875806,Simulation of the single-vibronic-level emission spectrum of HPS,2014,aip.scitation.org,https://aip.scitation.org/doi/pdf/10.1063/1.4875806,"HTML landing page, not a PDF",W2090904311,ValueError: response is not a PDF (probably an HTML landing page)
10.1063/1.4928588,https://doi.org/10.1063/1.4928588,Theoretical study of the electronic spectra of neutral and cationic NpO and NpO2,2015,aip.scitation.org,https://aip.scitation.org/doi/pdf/10.1063/1.4928588,"HTML landing page, not a PDF",W2149945995,ValueError: response is not a PDF (probably an HTML landing page)
10.1063/1.4948956,https://doi.org/10.1063/1.4948956,Adaptive time steps in trajectory surface hopping simulations,2016,aip.scitation.org,https://aip.scitation.org/doi/pdf/10.1063/1.4948956,"HTML landing page, not a PDF",W2394874500,ValueError: response is not a PDF (probably an HTML landing page)
10.1063/1.4972812,https://doi.org/10.1063/1.4972812,"Theoretical study of actinide monocarbides (ThC, UC, PuC, and AmC)",2016,aip.scitation.org,https://aip.scitation.org/doi/pdf/10.1063/1.4972812,"HTML landing page, not a PDF",W2561748236,ValueError: response is not a PDF (probably an HTML landing page)
10.1063/1.4983704,https://doi.org/10.1063/1.4983704,"Photofragmentation dynamics of <i>N</i>,<i>N</i>-dimethylformamide following excitation at 193 nm",2017,aip.scitation.org,https://aip.scitation.org/doi/pdf/10.1063/1.4983704,"HTML landing page, not a PDF",W2618097110,ValueError: response is not a PDF (probably an HTML landing page)
10.1063/1.4989465,https://doi.org/10.1063/1.4989465,"Planarizing cytosine: The <i>S</i>1 state structure, vibrations, and nonradiative dynamics of jet-cooled 5,6-trimethylenecytosine",2017,aip.scitation.org,https://aip.scitation.org/doi/pdf/10.1063/1.4989465,"HTML landing page, not a PDF",W2709439784,ValueError: response is not a PDF (probably an HTML landing page)
10.1063/1.5025942,https://doi.org/10.1063/1.5025942,Low-lying excited states of model proteins: Performances of the CC2 method versus multireference methods,2018,aip.scitation.org,https://aip.scitation.org/doi/pdf/10.1063/1.5025942,"HTML landing page, not a PDF",W2801422235,ValueError: response is not a PDF (probably an HTML landing page)
10.1063/1.5046906,https://doi.org/10.1063/1.5046906,"The C(3P) + NO(X2Π) → O(3P) + CN(X2Σ+), N(2D)/N(4S) + CO(X1Σ+) reaction: Rates, branching ratios, and final states from 15 K to 20 000 K",2018,aip.scitation.org,https://aip.scitation.org/doi/pdf/10.1063/1.5046906,"HTML landing page, not a PDF",W2890684701,ValueError: response is not a PDF (probably an HTML landing page)
10.1063/1.5064716,https://doi.org/10.1063/1.5064716,Electronic spectroscopy of methyl vinyl ketone oxide: A four-carbon unsaturated Criegee intermediate from isoprene ozonolysis,2018,aip.scitation.org,https://aip.scitation.org/doi/pdf/10.1063/1.5064716,"HTML landing page, not a PDF",W2907805243,ValueError: response is not a PDF (probably an HTML landing page)
10.1063/1.5109648,https://doi.org/10.1063/1.5109648,"Erratum: “DFT/MRCI Hamiltonian for odd and even numbers of electrons” [J. Chem. Phys. 147, 194104 (2017)]",2019,aip.scitation.org,https://aip.scitation.org/doi/pdf/10.1063/1.5109648,"HTML landing page, not a PDF",W2948720900,ValueError: response is not a PDF (probably an HTML landing page)
10.1063/1.5115819,https://doi.org/10.1063/1.5115819,Analytic first-order derivatives of partially contracted <i>n</i> -electron valence state second-order perturbation theory (PC-NEVPT2),2019,aip.scitation.org,https://aip.scitation.org/doi/pdf/10.1063/1.5115819,"HTML landing page, not a PDF",W2973348934,ValueError: response is not a PDF (probably an HTML landing page)
10.1063/1.5129029,https://doi.org/10.1063/1.5129029,"Mechanism of L2,3-edge x-ray magnetic circular dichroism intensity from quantum chemical calculations and experiment—A case study on V(IV)/V(III) complexes",2020,aip.scitation.org,https://aip.scitation.org/doi/pdf/10.1063/1.5129029,"HTML landing page, not a PDF",W3011447792,ValueError: response is not a PDF (probably an HTML landing page)
10.1063/5.0010019,https://doi.org/10.1063/5.0010019,An alternative choice of the zeroth-order Hamiltonian in CASPT2 theory,2020,aip.scitation.org,https://aip.scitation.org/doi/pdf/10.1063/5.0010019,"HTML landing page, not a PDF",W3033717708,ValueError: response is not a PDF (probably an HTML landing page)
10.1063/5.0030944,https://doi.org/10.1063/5.0030944,On the role of symmetry in XDW-CASPT2,2021,aip.scitation.org,https://aip.scitation.org/doi/pdf/10.1063/5.0030944,"HTML landing page, not a PDF",W3119100192,ValueError: response is not a PDF (probably an HTML landing page)
10.1063/5.0038047,https://doi.org/10.1063/5.0038047,Significant bonding rearrangements triggered by Mg4 clusters,2021,aip.scitation.org,https://aip.scitation.org/doi/pdf/10.1063/5.0038047,"HTML landing page, not a PDF",W3126055729,ValueError: response is not a PDF (probably an HTML landing page)
10.1063/5.0044693,https://doi.org/10.1063/5.0044693,Parameterization of a linear vibronic coupling model with multiconfigurational electronic structure methods to study the quantum dynamics of photoexcited pyrene,2021,aip.scitation.org,https://aip.scitation.org/doi/pdf/10.1063/5.0044693,"HTML landing page, not a PDF",W3135632232,ValueError: response is not a PDF (probably an HTML landing page)
10.1063/5.0051211,https://doi.org/10.1063/5.0051211,Approximations of density matrices in N-electron valence state second-order perturbation theory (NEVPT2). I. Revisiting the NEVPT2 construction,2021,aip.scitation.org,https://aip.scitation.org/doi/pdf/10.1063/5.0051211,"HTML landing page, not a PDF",W3169885071,ValueError: response is not a PDF (probably an HTML landing page)
10.1063/5.0087743,https://doi.org/10.1063/5.0087743,Rovibrational investigation of a new high-lying u+ state of Cu2 by using two-color resonant four-wave-mixing spectroscopy,2022,aip.scitation.org,https://aip.scitation.org/doi/pdf/10.1063/5.0087743,"HTML landing page, not a PDF",W4224864023,ValueError: response is not a PDF (probably an HTML landing page)
10.1007/s00894-011-1283-1,https://doi.org/10.1007/s00894-011-1283-1,Oxygenation of the phenylhalocarbenes. Are they spin-allowed or spin-forbidden reactions?,2011,americanae.aecid.es,http://americanae.aecid.es/americanae/es/registros/registro.do?tipoRegistro=MTD&idBib=3308034,no fetchable PDF and no Europe PMC full text,W2028835978,0 PDF location(s) + Europe PMC tried; no Europe PMC OA full text
10.1016/j.cplett.2017.03.074,https://doi.org/10.1016/j.cplett.2017.03.074,"Bonding in gold-rare earth [Au2M] (M = Eu, Yb, Lu) ions. A strong covalent gold-lanthanide bond",2017,americanae.aecid.es,http://americanae.aecid.es/americanae/es/registros/registro.do?tipoRegistro=MTD&idBib=3268977,no fetchable PDF and no Europe PMC full text,W2597440433,0 PDF location(s) + Europe PMC tried; no Europe PMC OA full text
10.1016/j.saa.2006.01.033,https://doi.org/10.1016/j.saa.2006.01.033,A simple variational-numerical approach to the ro-vibrational spectrum of diatomic molecules,2006,americanae.aecid.es,http://americanae.aecid.es/americanae/es/registros/registro.do?tipoRegistro=MTD&idBib=3264451,timeout,W1639577322,"ConnectTimeout: HTTPConnectionPool(host='americanae.aecid.es', port=80): Max retries exceeded with url: /americanae/es/registros/registro.do?tipoRegistro=MTD&idBib=3264451 (Caused by ConnectTimeoutError(<HTTPConnection(host='americanae.aecid.es', port=80) at 0x7f8ae03ac190>, 'Connection to americana"
10.1016/j.saa.2008.02.027,https://doi.org/10.1016/j.saa.2008.02.027,Theoretical ro-vibrational spectrum of CF+,2008,americanae.aecid.es,http://americanae.aecid.es/americanae/es/registros/registro.do?tipoRegistro=MTD&idBib=3262365,timeout,W1977649088,"ConnectTimeout: HTTPConnectionPool(host='americanae.aecid.es', port=80): Max retries exceeded with url: /americanae/es/registros/registro.do?tipoRegistro=MTD&idBib=3262365 (Caused by ConnectTimeoutError(<HTTPConnection(host='americanae.aecid.es', port=80) at 0x7f8ae037bb20>, 'Connection to americana"
10.1002/jcc.24260,https://doi.org/10.1002/jcc.24260,<scp>UV</scp>‐photoexcitation and ultrafast dynamics of <scp>HCFC</scp>‐132b (<scp>CF</scp><sub>2</sub><scp>C</scp>l<scp>CH</scp><sub>2</sub><scp>C</scp>l),2015,amu.hal.science,https://amu.hal.science/hal-02288778,"HTML landing page, not a PDF",W2178144556,ValueError: response is not a PDF (probably an HTML landing page)
10.1021/acs.jctc.6b00915,https://doi.org/10.1021/acs.jctc.6b00915,Evaluation of Spin-Orbit Couplings with Linear-Response Time-Dependent Density Functional Methods,2016,amu.hal.science,https://amu.hal.science/hal-02288755,"HTML landing page, not a PDF",W2562164133,ValueError: response is not a PDF (probably an HTML landing page)
10.1021/acs.jctc.9b00396,https://doi.org/10.1021/acs.jctc.9b00396,"Ultrafast Photoinduced Dynamics of 1,3-Cyclohexadiene Using XMS-CASPT2 Surface Hopping",2019,amu.hal.science,https://amu.hal.science/hal-02288616,"HTML landing page, not a PDF",W2948407800,ValueError: response is not a PDF (probably an HTML landing page)
10.1021/acs.jpca.6b05110,https://doi.org/10.1021/acs.jpca.6b05110,Why Replacing Different Oxygens of Thymine with Sulfur Causes Distinct Absorption and Intersystem Crossing,2016,amu.hal.science,https://amu.hal.science/hal-02288816,"HTML landing page, not a PDF",W2483570261,ValueError: response is not a PDF (probably an HTML landing page)
10.1021/acs.jpca.6b05180,https://doi.org/10.1021/acs.jpca.6b05180,Insights on the Auxochromic Properties of the Guanidinium Group,2016,amu.hal.science,https://amu.hal.science/hal-02288817,"HTML landing page, not a PDF",W2512267231,ValueError: response is not a PDF (probably an HTML landing page)
10.1021/acs.jpca.9b04372,https://doi.org/10.1021/acs.jpca.9b04372,Stereoselective Excited-State Isomerization and Decay Paths in <i>cis</i>-Cyclobiazobenzene,2019,amu.hal.science,https://amu.hal.science/hal-02288622,"HTML landing page, not a PDF",W2955961721,ValueError: response is not a PDF (probably an HTML landing page)
10.1002/poc.972,https://doi.org/10.1002/poc.972,The electronic spectra of 2‐(2′‐hydroxybenzoyl)pyrrole and 2‐(2′‐methoxybenzoyl)pyrrole: a theoretical study,2005,archive-ouverte.unige.ch,https://archive-ouverte.unige.ch/unige:3653,"HTML landing page, not a PDF",W2102466150,ValueError: response is not a PDF (probably an HTML landing page)
10.1007/s002140050246,https://doi.org/10.1007/s002140050246,A theoretical study of the N 8 cubane to N 8 pentalene isomerization reaction,1997,archive-ouverte.unige.ch,https://archive-ouverte.unige.ch/unige:2950,"HTML landing page, not a PDF",W1499443070,ValueError: response is not a PDF (probably an HTML landing page)
10.1021/acs.jpca.4c04148,https://doi.org/10.1021/acs.jpca.4c04148,"Improving the Accuracy in the Prediction of Transition-Metal Spin-State Energetics Using a Robust Variation-Based Approach: Density Functional Theory, CASPT2 and MC-PDFT Applied to the Case Study of Tris-Diimine Fe(II) Complexes",2024,archive-ouverte.unige.ch,https://archive-ouverte.unige.ch/unige:184257,no fetchable PDF and no Europe PMC full text,W4402765243,0 PDF location(s) + Europe PMC tried; no Europe PMC OA full text
10.1021/ct800284g,https://doi.org/10.1021/ct800284g,"Influence of Guest−Host Interactions on the Structural, Energetic, and Mössbauer Spectroscopy Properties of Iron(II)tris(2,2′-bipyridine) in the Low-Spin and High-Spin States: A Density-Functional Theory Study of the Zeolite-Y Embedded Complex",2008,archive-ouverte.unige.ch,https://archive-ouverte.unige.ch/unige:3559,"HTML landing page, not a PDF",W2071668314,ValueError: response is not a PDF (probably an HTML landing page)
10.1021/ct900282m,https://doi.org/10.1021/ct900282m,What Active Space Adequately Describes Oxygen Activation by a Late Transition Metal? CASPT2 and RASPT2 Applied to Intermediates from the Reaction of O<sub>2</sub> with a Cu(I)-α-Ketocarboxylate,2009,archive-ouverte.unige.ch,https://archive-ouverte.unige.ch/unige:6169,"HTML landing page, not a PDF",W2135362248,ValueError: response is not a PDF (probably an HTML landing page)
10.1021/ja077322o,https://doi.org/10.1021/ja077322o,Infrared Spectra of the WH<sub>4</sub>(H<sub>2</sub>)<sub>4</sub> Complex in Solid Hydrogen,2008,archive-ouverte.unige.ch,https://archive-ouverte.unige.ch/unige:69,"HTML landing page, not a PDF",W1971929671,ValueError: response is not a PDF (probably an HTML landing page)
10.1021/jo062420y,https://doi.org/10.1021/jo062420y,Quantum Chemical Characterization of Low-Energy States of Calicene in the Gas Phase and in Solution,2007,archive-ouverte.unige.ch,https://archive-ouverte.unige.ch/unige:3197,"HTML landing page, not a PDF",W1976482384,ValueError: response is not a PDF (probably an HTML landing page)
10.1021/jp056791e,https://doi.org/10.1021/jp056791e,Theoretical Models on the Cu<sub>2</sub>O<sub>2</sub> Torture Track:  Mechanistic Implications for Oxytyrosinase and Small-Molecule Analogues,2006,archive-ouverte.unige.ch,https://archive-ouverte.unige.ch/unige:3631,"HTML landing page, not a PDF",W2119956272,ValueError: response is not a PDF (probably an HTML landing page)
10.1021/om701153t,https://doi.org/10.1021/om701153t,"A Dichromium(II) Bis(η<sup>8</sup>-pentalene) Double-Sandwich Complex with a Spin Equilibrium: Synthetic, Structural, Magnetic, and Theoretical Studies",2008,archive-ouverte.unige.ch,https://archive-ouverte.unige.ch/unige:65,"HTML landing page, not a PDF",W2086497411,ValueError: response is not a PDF (probably an HTML landing page)
10.1021/om900750t,https://doi.org/10.1021/om900750t,Infrared Spectra of Small Insertion and Methylidene Complexes in Reactions of Laser-Ablated Palladium Atoms with Halomethanes,2009,archive-ouverte.unige.ch,https://archive-ouverte.unige.ch/unige:4800,"HTML landing page, not a PDF",W2038477082,ValueError: response is not a PDF (probably an HTML landing page)
10.1136/annrheumdis-2017-eular.1819,https://doi.org/10.1136/annrheumdis-2017-eular.1819,AB1094 Association between use of traditional chinese medicine and medication adherence among chinese-american rheumatology patients,2017,ard.bmj.com,https://ard.bmj.com/content/annrheumdis/76/Suppl_2/1437.3.full.pdf,HTTP 429 (rate limited),W2755967633,HTTPError: 429 Client Error: Too Many Requests for url: https://ard.bmj.com/content/annrheumdis/76/Suppl_2/1437.3.full.pdf
10.1016/j.comptc.2016.04.029,https://doi.org/10.1016/j.comptc.2016.04.029,Ab initio multi-reference perturbation theory calculations of the ground and low-lying electronic states of the KRb molecule,2016,ars.els-cdn.com,https://ars.els-cdn.com/content/image/1-s2.0-S2210271X16301645-fx1_lrg.jpg,"HTML landing page, not a PDF",W2346200250,1 PDF location(s) + Europe PMC tried; ValueError: not a PDF (probably an HTML landing page) | no Europe PMC OA full text
10.1016/j.comptc.2017.01.008,https://doi.org/10.1016/j.comptc.2017.01.008,Ab initio multi-reference perturbation theory calculations of the ground and some excited electronic states of the RbYb molecule,2017,ars.els-cdn.com,https://ars.els-cdn.com/content/image/1-s2.0-S2210271X17300154-fx1_lrg.jpg,"HTML landing page, not a PDF",W4245519577,1 PDF location(s) + Europe PMC tried; ValueError: not a PDF (probably an HTML landing page) | no Europe PMC OA full text
10.1016/j.comptc.2017.03.046,https://doi.org/10.1016/j.comptc.2017.03.046,Multi-reference perturbation theory study on the CsYb molecule including the spin-orbit coupling,2017,ars.els-cdn.com,https://ars.els-cdn.com/content/image/1-s2.0-S2210271X17301822-fx1_lrg.jpg,"HTML landing page, not a PDF",W2604585084,1 PDF location(s) + Europe PMC tried; ValueError: not a PDF (probably an HTML landing page) | no Europe PMC OA full text
10.1016/j.comptc.2018.03.009,https://doi.org/10.1016/j.comptc.2018.03.009,Multireference equation of motion coupled cluster benchmark study of magnetic model systems,2018,ars.els-cdn.com,https://ars.els-cdn.com/content/image/1-s2.0-S2210271X18300914-fx1_lrg.jpg,"HTML landing page, not a PDF",W2793551562,ValueError: response is not a PDF (probably an HTML landing page)
10.1016/j.comptc.2019.01.014,https://doi.org/10.1016/j.comptc.2019.01.014,Insight into the optical properties of meso-pentafluorophenyl(PFP)-BODIPY: An attractive platform for functionalization of BODIPY dyes,2019,ars.els-cdn.com,https://ars.els-cdn.com/content/image/1-s2.0-S2210271X19300167-ga1_lrg.jpg,"HTML landing page, not a PDF",W2913370436,2 PDF location(s) + Europe PMC tried; ValueError: not a PDF (probably an HTML landing page) | ValueError: not a PDF (probably an HTML landing page) | no Europe PMC OA full text
10.1016/j.cplett.2006.04.073,https://doi.org/10.1016/j.cplett.2006.04.073,Accurate MRCI study of ground-state N2H2 potential energy surface,2006,ars.els-cdn.com,https://ars.els-cdn.com/content/image/1-s2.0-S0009261406004829-fx1.jpg,"HTML landing page, not a PDF",W1987851947,ValueError: response is not a PDF (probably an HTML landing page)
10.1016/j.cplett.2011.09.041,https://doi.org/10.1016/j.cplett.2011.09.041,Many-body study of the photoisomerization of the minimal model of the retinal protonated Schiff base,2011,ars.els-cdn.com,https://ars.els-cdn.com/content/image/1-s2.0-S0009261411011687-fx1_lrg.jpg,"HTML landing page, not a PDF",W1963822330,1 PDF location(s) + Europe PMC tried; ValueError: not a PDF (probably an HTML landing page) | no Europe PMC OA full text
10.1016/j.cplett.2017.03.007,https://doi.org/10.1016/j.cplett.2017.03.007,Comparison of ultrafast electron and X-ray diffraction – A computational study,2017,ars.els-cdn.com,https://ars.els-cdn.com/content/image/1-s2.0-S0009261417302191-fx1_lrg.jpg,"HTML landing page, not a PDF",W2592838325,1 PDF location(s) + Europe PMC tried; ValueError: not a PDF (probably an HTML landing page) | no Europe PMC OA full text
10.1016/j.jms.2023.111788,https://doi.org/10.1016/j.jms.2023.111788,"Accurate equilibrium structures of some challenging molecules: FNO, ClNO, HONO, FNO2, and N2O",2023,ars.els-cdn.com,https://ars.els-cdn.com/content/image/1-s2.0-S002228522300053X-ga1_lrg.jpg,"HTML landing page, not a PDF",W4377030903,ValueError: response is not a PDF (probably an HTML landing page)
10.1016/j.jms.2023.111873,https://doi.org/10.1016/j.jms.2023.111873,"A spectroscopic investigation of the lowest electronic states of the <mml:math xmlns:mml=""http://www.w3.org/1998/Math/MathML"" altimg=""si1.svg""> <mml:mrow> <mml:msubsup> <mml:mtext>I</mml:mtext> <mml:mn>2</mml:mn> <mml:mo>+</mml:mo> </mml:msubsup> </mml:mrow> </mml:math> cation as a candidate for detecting the time variation of fundamental constants",2024,ars.els-cdn.com,https://ars.els-cdn.com/content/image/1-s2.0-S0022285223001388-ga1_lrg.jpg,"HTML landing page, not a PDF",W4390498632,ValueError: response is not a PDF (probably an HTML landing page)
10.11648/j.ijctc.20231101.13,https://doi.org/10.11648/j.ijctc.20231101.13,Molecule-Adapted Gaussian Basis Sets Generated in Multi-Parallel Hartree-Fock Scheme,2023,article.sciencepg.com,https://article.sciencepg.com/pdf/10.11648.j.ijctc.20231101.13,no fetchable PDF and no Europe PMC full text,W4389682832,0 PDF location(s) + Europe PMC tried; no Europe PMC OA full text
10.1039/c3sc52984c,https://doi.org/10.1039/c3sc52984c,Theoretical study of the magnetic anisotropy and magnetic tunnelling in mononuclear Ni(ii) complexes with potential molecular magnet behavior,2013,cer.ihtm.bg.ac.rs,https://cer.ihtm.bg.ac.rs/handle/123456789/2912,"HTML landing page, not a PDF",W2009787285,ValueError: response is not a PDF (probably an HTML landing page)
10.1021/acs.jpcb.5c03283,https://doi.org/10.1021/acs.jpcb.5c03283,Tunable Spectral Properties and Excitonic Couplings of Bacteriochlorophyll-like Dimer Aggregates,2025,chemrxiv.org,https://chemrxiv.org/engage/chemrxiv/article-details/685d564d1a8f9bdab5fcaa20,HTTP 403 (publisher blocks scripted clients),W4412487526,HTTPError: 403 Client Error: Forbidden for url: https://chemrxiv.org/engage/chemrxiv/article-details/685d564d1a8f9bdab5fcaa20
10.26434/chemrxiv-2021-6csxm,https://doi.org/10.26434/chemrxiv-2021-6csxm,Excited-state distortions control the reactivities and regioselectivities of photochemical 4π-electrocyclizations of fluorobenzenes,2021,chemrxiv.org,https://chemrxiv.org/engage/api-gateway/chemrxiv/assets/orp/resource/item/61a7f48e6d4e8f1aa2a6bb85/original/excited-state-distortions-control-the-reactivities-and-regioselectivities-of-photochemical-4p-electrocyclizations-of-fluorobenzenes.pdf,HTTP 403 (publisher blocks scripted clients),W4200421027,HTTPError: 403 Client Error: Forbidden for url: https://chemrxiv.org/engage/api-gateway/chemrxiv/assets/orp/resource/item/61a7f48e6d4e8f1aa2a6bb85/original/excited-state-distortions-control-the-reactivities-and-regioselectivities-of-photochemical-4p-electrocyclizations-of-fluorobenzenes.pdf
10.26434/chemrxiv-2021-9ww0c-v2,https://doi.org/10.26434/chemrxiv-2021-9ww0c-v2,Communication: Multi-reference Approach to the Computation of Double-Core-Hole Spectra,2021,chemrxiv.org,https://chemrxiv.org/engage/api-gateway/chemrxiv/assets/orp/resource/item/60e77cd2b95bddddd4604574/original/communication-multi-reference-approach-to-the-computation-of-double-core-hole-spectra.pdf,HTTP 403 (publisher blocks scripted clients),W4234353272,HTTPError: 403 Client Error: Forbidden for url: https://chemrxiv.org/engage/api-gateway/chemrxiv/assets/orp/resource/item/60e77cd2b95bddddd4604574/original/communication-multi-reference-approach-to-the-computation-of-double-core-hole-spectra.pdf
10.26434/chemrxiv-2021-pjvv1,https://doi.org/10.26434/chemrxiv-2021-pjvv1,Machine-Learned Functionals for Strongly Correlated Systems,2021,chemrxiv.org,https://chemrxiv.org/engage/api-gateway/chemrxiv/assets/orp/resource/item/60ce2e1bfca49046bfc811a8/original/machine-learned-functionals-for-strongly-correlated-systems.pdf,no fetchable PDF and no Europe PMC full text,W4244796928,0 PDF location(s) + Europe PMC tried; no Europe PMC OA full text
10.26434/chemrxiv-2021-rk2lf,https://doi.org/10.26434/chemrxiv-2021-rk2lf,Computational Spectroscopy of the Cr–Cr Bond in Coordination Complexes,2021,chemrxiv.org,https://chemrxiv.org/engage/api-gateway/chemrxiv/assets/orp/resource/item/618bf4bfe0ea847bfd921bca/original/computational-spectroscopy-of-the-cr-cr-bond-in-coordination-complexes.pdf,HTTP 403 (publisher blocks scripted clients),W3214560268,HTTPError: 403 Client Error: Forbidden for url: https://chemrxiv.org/engage/api-gateway/chemrxiv/assets/orp/resource/item/618bf4bfe0ea847bfd921bca/original/computational-spectroscopy-of-the-cr-cr-bond-in-coordination-complexes.pdf
10.26434/chemrxiv-2021-rk2lf-v2,https://doi.org/10.26434/chemrxiv-2021-rk2lf-v2,Computational Spectroscopy of the Cr–Cr Bond in Coordination Complexes,2021,chemrxiv.org,https://chemrxiv.org/engage/api-gateway/chemrxiv/assets/orp/resource/item/61a8f88148e4bc2900f89426/original/computational-spectroscopy-of-the-cr-cr-bond-in-coordination-complexes.pdf,HTTP 403 (publisher blocks scripted clients),W4225671700,HTTPError: 403 Client Error: Forbidden for url: https://chemrxiv.org/engage/api-gateway/chemrxiv/assets/orp/resource/item/61a8f88148e4bc2900f89426/original/computational-spectroscopy-of-the-cr-cr-bond-in-coordination-complexes.pdf
10.26434/chemrxiv-2021-xtlzj,https://doi.org/10.26434/chemrxiv-2021-xtlzj,"Hydration dynamics gives the distinctive brown color in the ""brown ring"" nitrate test",2021,chemrxiv.org,https://chemrxiv.org/engage/api-gateway/chemrxiv/assets/orp/resource/item/6156f61caef99c9201089eeb/original/hydration-dynamics-gives-the-distinctive-brown-color-in-the-brown-ring-nitrate-test.pdf,no fetchable PDF and no Europe PMC full text,W4238777105,0 PDF location(s) + Europe PMC tried; no Europe PMC OA full text
10.26434/chemrxiv-2022-14tkm,https://doi.org/10.26434/chemrxiv-2022-14tkm,Ring strain release and pseudo anti-aromaticities control photochemical reactivities in photoclick reactions,2022,chemrxiv.org,https://chemrxiv.org/engage/api-gateway/chemrxiv/assets/orp/resource/item/638ba261b103af8ddb09c127/original/ring-strain-release-and-pseudo-anti-aromaticities-control-photochemical-reactivities-in-photoclick-reactions-of-solvated-cyclopropenones.pdf,HTTP 403 (publisher blocks scripted clients),W4394190678,HTTPError: 403 Client Error: Forbidden for url: https://chemrxiv.org/engage/api-gateway/chemrxiv/assets/orp/resource/item/638ba261b103af8ddb09c127/original/ring-strain-release-and-pseudo-anti-aromaticities-control-photochemical-reactivities-in-photoclick-reactions-of-solvated-cyclopropenones.pdf
10.26434/chemrxiv-2022-1wjbt,https://doi.org/10.26434/chemrxiv-2022-1wjbt,Can range-separated functionals be optimally tuned to predict spectra and excited state dynamics in photoactive iron complexes?,2022,chemrxiv.org,https://chemrxiv.org/engage/api-gateway/chemrxiv/assets/orp/resource/item/62c3e070f5193957d57ed591/original/can-range-separated-functionals-be-optimally-tuned-to-predict-spectra-and-excited-state-dynamics-in-photoactive-iron-complexes.pdf,HTTP 403 (publisher blocks scripted clients),W4284682720,HTTPError: 403 Client Error: Forbidden for url: https://chemrxiv.org/engage/api-gateway/chemrxiv/assets/orp/resource/item/62c3e070f5193957d57ed591/original/can-range-separated-functionals-be-optimally-tuned-to-predict-spectra-and-excited-state-dynamics-in-photoactive-iron-complexes.pdf
10.26434/chemrxiv-2022-3c782,https://doi.org/10.26434/chemrxiv-2022-3c782,Regularized CASPT2: an intruder-state-free approach,2022,chemrxiv.org,https://chemrxiv.org/engage/api-gateway/chemrxiv/assets/orp/resource/item/62555eb1ed4d88b74e07f792/original/regularized-caspt2-an-intruder-state-free-approach.pdf,HTTP 403 (publisher blocks scripted clients),W4223489197,HTTPError: 403 Client Error: Forbidden for url: https://chemrxiv.org/engage/api-gateway/chemrxiv/assets/orp/resource/item/62555eb1ed4d88b74e07f792/original/regularized-caspt2-an-intruder-state-free-approach.pdf
10.26434/chemrxiv-2022-3c782-v2,https://doi.org/10.26434/chemrxiv-2022-3c782-v2,Regularized CASPT2: an intruder-state-free approach,2022,chemrxiv.org,https://chemrxiv.org/engage/api-gateway/chemrxiv/assets/orp/resource/item/62b991f358b3d609d3611c13/original/regularized-caspt2-an-intruder-state-free-approach.pdf,HTTP 403 (publisher blocks scripted clients),W4283651169,HTTPError: 403 Client Error: Forbidden for url: https://chemrxiv.org/engage/api-gateway/chemrxiv/assets/orp/resource/item/62b991f358b3d609d3611c13/original/regularized-caspt2-an-intruder-state-free-approach.pdf
10.26434/chemrxiv-2022-5v0tt,https://doi.org/10.26434/chemrxiv-2022-5v0tt,"Together, not separately, OH and O3 oxidize Hg(0) to Hg(II) in the atmosphere",2022,chemrxiv.org,https://chemrxiv.org/engage/api-gateway/chemrxiv/assets/orp/resource/item/62bb90b0f5193952db778b6a/original/together-not-separately-oh-and-o3-oxidize-hg-0-to-hg-ii-in-the-atmosphere.pdf,HTTP 403 (publisher blocks scripted clients),W4283697889,HTTPError: 403 Client Error: Forbidden for url: https://chemrxiv.org/engage/api-gateway/chemrxiv/assets/orp/resource/item/62bb90b0f5193952db778b6a/original/together-not-separately-oh-and-o3-oxidize-hg-0-to-hg-ii-in-the-atmosphere.pdf
10.26434/chemrxiv-2022-8mc2h,https://doi.org/10.26434/chemrxiv-2022-8mc2h,A multiconfigurational approach to the electronic structure of electro-generated species of the Re2(μ- Ph2PCH2PPh2)(S2CNEt2)4 complex,2022,chemrxiv.org,https://chemrxiv.org/engage/api-gateway/chemrxiv/assets/orp/resource/item/63274c9cea6a22436cf4d5d9/original/a-multiconfigurational-approach-to-the-electronic-structure-of-electro-generated-species-of-the-re2-ph2pch2p-ph2-s2cn-et2-4-complex.pdf,HTTP 403 (publisher blocks scripted clients),W4296349674,1 PDF location(s) + Europe PMC tried; HTTPError: 403 Client Error: Forbidden for url: https://chemrxiv.org/engage/api-gateway/chemrxiv/assets/orp/resource/item/63274c9cea6a22436cf4d5d9/original/a-multiconfigurational-approach-to-the-electronic-structure-of-electro-generated-species-of-the-re2-ph2pch
10.26434/chemrxiv-2022-8r90r,https://doi.org/10.26434/chemrxiv-2022-8r90r,Boronated Cyanometallates,2022,chemrxiv.org,https://chemrxiv.org/engage/api-gateway/chemrxiv/assets/orp/resource/item/62c61961cd7a997651bb8fd3/original/boronated-cyanometallates.pdf,HTTP 403 (publisher blocks scripted clients),W4285801513,1 PDF location(s) + Europe PMC tried; HTTPError: 403 Client Error: Forbidden for url: https://chemrxiv.org/engage/api-gateway/chemrxiv/assets/orp/resource/item/62c61961cd7a997651bb8fd3/original/boronated-cyanometallates.pdf | no Europe PMC OA full text
10.26434/chemrxiv-2022-8r90r-v2,https://doi.org/10.26434/chemrxiv-2022-8r90r-v2,Boronated Cyanometallates,2022,chemrxiv.org,https://chemrxiv.org/engage/api-gateway/chemrxiv/assets/orp/resource/item/62f30bca69f3a508d0b1f498/original/boronated-cyanometallates.pdf,HTTP 403 (publisher blocks scripted clients),W4292466591,1 PDF location(s) + Europe PMC tried; HTTPError: 403 Client Error: Forbidden for url: https://chemrxiv.org/engage/api-gateway/chemrxiv/assets/orp/resource/item/62f30bca69f3a508d0b1f498/original/boronated-cyanometallates.pdf | no Europe PMC OA full text
10.26434/chemrxiv-2022-b6078,https://doi.org/10.26434/chemrxiv-2022-b6078,Photoisomerization of phytochrome chromophore models: An XMS-CASPT2 study,2022,chemrxiv.org,https://chemrxiv.org/engage/api-gateway/chemrxiv/assets/orp/resource/item/631a14ca5351a31fd1f34fbb/original/photoisomerization-of-phytochrome-chromophore-models-an-xms-caspt2-study.pdf,HTTP 403 (publisher blocks scripted clients),W4297848954,HTTPError: 403 Client Error: Forbidden for url: https://chemrxiv.org/engage/api-gateway/chemrxiv/assets/orp/resource/item/631a14ca5351a31fd1f34fbb/original/photoisomerization-of-phytochrome-chromophore-models-an-xms-caspt2-study.pdf
10.26434/chemrxiv-2022-c6tz8,https://doi.org/10.26434/chemrxiv-2022-c6tz8,Impact of Spin-Phonon Coupling on MagneticRelaxation of a Co(II) Single-Molecule Magnet,2022,chemrxiv.org,https://chemrxiv.org/engage/api-gateway/chemrxiv/assets/orp/resource/item/63181c790429d64d3e95708a/original/impact-of-spin-phonon-coupling-on-magnetic-relaxation-of-a-co-ii-single-molecule-magnet.pdf,no fetchable PDF and no Europe PMC full text,W4294927704,0 PDF location(s) + Europe PMC tried; no Europe PMC OA full text
10.26434/chemrxiv-2022-cz4fr,https://doi.org/10.26434/chemrxiv-2022-cz4fr,Multi-Reference Approach to Normal andResonant Auger Spectra Based on theOne-Center Approximation,2022,chemrxiv.org,https://chemrxiv.org/engage/api-gateway/chemrxiv/assets/orp/resource/item/62305644702f04ffa4bcc7e5/original/multi-reference-approach-to-normal-and-resonant-auger-spectra-based-on-the-one-center-approximation.pdf,HTTP 403 (publisher blocks scripted clients),W4220757830,HTTPError: 403 Client Error: Forbidden for url: https://chemrxiv.org/engage/api-gateway/chemrxiv/assets/orp/resource/item/62305644702f04ffa4bcc7e5/original/multi-reference-approach-to-normal-and-resonant-auger-spectra-based-on-the-one-center-approximation.pdf
10.26434/chemrxiv-2022-j0rbs,https://doi.org/10.26434/chemrxiv-2022-j0rbs,An Air- and Moisture-stable Zinc(II) Carbene Dithiolate Dimer Showing Fast TADF and Dexter Energy Transfer Catalysis,2022,chemrxiv.org,https://chemrxiv.org/engage/api-gateway/chemrxiv/assets/orp/resource/item/635fba2f311072753ff6ec11/original/an-air-and-moisture-stable-zinc-ii-carbene-dithiolate-dimer-showing-fast-tadf-and-dexter-energy-transfer-catalysis.pdf,HTTP 403 (publisher blocks scripted clients),W4308010793,HTTPError: 403 Client Error: Forbidden for url: https://chemrxiv.org/engage/api-gateway/chemrxiv/assets/orp/resource/item/635fba2f311072753ff6ec11/original/an-air-and-moisture-stable-zinc-ii-carbene-dithiolate-dimer-showing-fast-tadf-and-dexter-energy-transfer-catalysis.pdf
10.26434/chemrxiv-2022-ls796,https://doi.org/10.26434/chemrxiv-2022-ls796,Multiconfiguration Pair-Density Functional Theory for Chromium(IV) Molecular Qubits,2022,chemrxiv.org,https://chemrxiv.org/engage/api-gateway/chemrxiv/assets/orp/resource/item/62744531809e32c78b84b98d/original/multiconfiguration-pair-density-functional-theory-for-chromium-iv-molecular-qubits.pdf,HTTP 403 (publisher blocks scripted clients),W4229042550,HTTPError: 403 Client Error: Forbidden for url: https://chemrxiv.org/engage/api-gateway/chemrxiv/assets/orp/resource/item/62744531809e32c78b84b98d/original/multiconfiguration-pair-density-functional-theory-for-chromium-iv-molecular-qubits.pdf
10.26434/chemrxiv-2022-ntlhr,https://doi.org/10.26434/chemrxiv-2022-ntlhr,The Involvement of Triplet State in the Isomerization of Retinaloids,2022,chemrxiv.org,https://chemrxiv.org/engage/api-gateway/chemrxiv/assets/orp/resource/item/62e14790a8e4dc14f91f2146/original/the-involvement-of-triplet-state-in-the-isomerization-of-retinaloids.pdf,HTTP 403 (publisher blocks scripted clients),W4288080466,HTTPError: 403 Client Error: Forbidden for url: https://chemrxiv.org/engage/api-gateway/chemrxiv/assets/orp/resource/item/62e14790a8e4dc14f91f2146/original/the-involvement-of-triplet-state-in-the-isomerization-of-retinaloids.pdf
10.26434/chemrxiv-2022-rrrpn,https://doi.org/10.26434/chemrxiv-2022-rrrpn,"Nanoclusters and Nanoalloys of Group 13elements B, Al, and Ga: Benchmark,structure, and property analysis",2022,chemrxiv.org,https://chemrxiv.org/engage/api-gateway/chemrxiv/assets/orp/resource/item/635ee6abac45c7fd119e9b49/original/nanoclusters-and-nanoalloys-of-group-13-elements-b-al-and-ga-benchmark-structure-and-property-analysis.pdf,HTTP 403 (publisher blocks scripted clients),W4307861599,HTTPError: 403 Client Error: Forbidden for url: https://chemrxiv.org/engage/api-gateway/chemrxiv/assets/orp/resource/item/635ee6abac45c7fd119e9b49/original/nanoclusters-and-nanoalloys-of-group-13-elements-b-al-and-ga-benchmark-structure-and-property-analysis.pdf
10.26434/chemrxiv-2022-w1t0g,https://doi.org/10.26434/chemrxiv-2022-w1t0g,"Analytic First-Order Derivatives of (X)MS-, XDW-, and RMS-CASPT2 Methods",2022,chemrxiv.org,https://chemrxiv.org/engage/api-gateway/chemrxiv/assets/orp/resource/item/62416c1d2c5010fbfa8b9a67/original/analytic-first-order-derivatives-of-x-ms-xdw-and-rms-caspt2-methods.pdf,HTTP 403 (publisher blocks scripted clients),W4220877839,HTTPError: 403 Client Error: Forbidden for url: https://chemrxiv.org/engage/api-gateway/chemrxiv/assets/orp/resource/item/62416c1d2c5010fbfa8b9a67/original/analytic-first-order-derivatives-of-x-ms-xdw-and-rms-caspt2-methods.pdf
10.26434/chemrxiv-2022-w1t0g-v2,https://doi.org/10.26434/chemrxiv-2022-w1t0g-v2,"Analytic First-Order Derivatives of (X)MS, XDW, and RMS Variants of the CASPT2 and RASPT2 Methods",2022,chemrxiv.org,https://chemrxiv.org/engage/api-gateway/chemrxiv/assets/orp/resource/item/628f113c6cae1c9c2118002b/original/analytic-first-order-derivatives-of-x-ms-xdw-and-rms-variants-of-the-caspt2-and-raspt2-methods.pdf,HTTP 403 (publisher blocks scripted clients),W4281568148,HTTPError: 403 Client Error: Forbidden for url: https://chemrxiv.org/engage/api-gateway/chemrxiv/assets/orp/resource/item/628f113c6cae1c9c2118002b/original/analytic-first-order-derivatives-of-x-ms-xdw-and-rms-variants-of-the-caspt2-and-raspt2-methods.pdf
10.26434/chemrxiv-2022-w3x91,https://doi.org/10.26434/chemrxiv-2022-w3x91,Multiconfigurational calculations and photodynamics describe norbornadiene photochemistry,2022,chemrxiv.org,https://chemrxiv.org/engage/api-gateway/chemrxiv/assets/orp/resource/item/637b987f08212917e1ff8a0a/original/multiconfigurational-calculations-and-photodynamics-describe-norbornadiene-photochemistry.pdf,no fetchable PDF and no Europe PMC full text,W4309698326,0 PDF location(s) + Europe PMC tried; no Europe PMC OA full text
10.26434/chemrxiv-2022-xg8zw,https://doi.org/10.26434/chemrxiv-2022-xg8zw,The Impact of the Different Geometrical Restrictions on the Nonadiabatic Photoisomerization of Biliverdin Chromophore,2022,chemrxiv.org,https://chemrxiv.org/engage/api-gateway/chemrxiv/assets/orp/resource/item/62bbabcb13b85bbc5237bf46/original/the-impact-of-the-different-geometrical-restrictions-on-the-nonadiabatic-photoisomerization-of-biliverdin-chromophore.pdf,HTTP 403 (publisher blocks scripted clients),W4283729022,HTTPError: 403 Client Error: Forbidden for url: https://chemrxiv.org/engage/api-gateway/chemrxiv/assets/orp/resource/item/62bbabcb13b85bbc5237bf46/original/the-impact-of-the-different-geometrical-restrictions-on-the-nonadiabatic-photoisomerization-of-biliverdin-chromophore.pdf
10.26434/chemrxiv-2022-zm9hv,https://doi.org/10.26434/chemrxiv-2022-zm9hv,Algorithm for Analytic Nuclear Energy Gradients of State Averaged DMRG-CASSCF Theory with Newly Derived Coupled-Perturbed Equations,2022,chemrxiv.org,https://chemrxiv.org/engage/api-gateway/chemrxiv/assets/orp/resource/item/63474b761f323daea157fac9/original/algorithm-for-analytic-nuclear-energy-gradients-of-state-averaged-dmrg-casscf-theory-with-newly-derived-coupled-perturbed-equations.pdf,HTTP 403 (publisher blocks scripted clients),W4304891434,1 PDF location(s) + Europe PMC tried; HTTPError: 403 Client Error: Forbidden for url: https://chemrxiv.org/engage/api-gateway/chemrxiv/assets/orp/resource/item/63474b761f323daea157fac9/original/algorithm-for-analytic-nuclear-energy-gradients-of-state-averaged-dmrg-casscf-theory-with-newly-derived-co
10.26434/chemrxiv-2023-0v6k8,https://doi.org/10.26434/chemrxiv-2023-0v6k8,New Density Matrix Renormalization GroupApproaches for Strongly Correlated SystemsCoupled with Large Environments,2023,chemrxiv.org,https://chemrxiv.org/engage/api-gateway/chemrxiv/assets/orp/resource/item/646ae512fb40f6b3eef6f660/original/new-density-matrix-renormalization-group-approaches-for-strongly-correlated-systems-coupled-with-large-environments.pdf,HTTP 403 (publisher blocks scripted clients),W4378652166,HTTPError: 403 Client Error: Forbidden for url: https://chemrxiv.org/engage/api-gateway/chemrxiv/assets/orp/resource/item/646ae512fb40f6b3eef6f660/original/new-density-matrix-renormalization-group-approaches-for-strongly-correlated-systems-coupled-with-large-environments.pdf
10.26434/chemrxiv-2023-13cv6,https://doi.org/10.26434/chemrxiv-2023-13cv6,Neural Network Potentials for Reactive Chemistry: CASPT2 Quality Potential Energy Surfaces for Bond Breaking,2023,chemrxiv.org,https://chemrxiv.org/engage/api-gateway/chemrxiv/assets/orp/resource/item/6452ce3e27fccdb3ea725259/original/neural-network-potentials-for-reactive-chemistry-caspt2-quality-potential-energy-surfaces-for-bond-breaking.pdf,HTTP 403 (publisher blocks scripted clients),W4368371365,HTTPError: 403 Client Error: Forbidden for url: https://chemrxiv.org/engage/api-gateway/chemrxiv/assets/orp/resource/item/6452ce3e27fccdb3ea725259/original/neural-network-potentials-for-reactive-chemistry-caspt2-quality-potential-energy-surfaces-for-bond-breaking.pdf
10.26434/chemrxiv-2023-2vk8w,https://doi.org/10.26434/chemrxiv-2023-2vk8w,"Synthesis, Structural Characterization and Phosphorescence Properties of Trigonal Zn(II) Carbene Complexes",2023,chemrxiv.org,https://chemrxiv.org/engage/api-gateway/chemrxiv/assets/orp/resource/item/64df8d8200bbebf0e6661f0b/original/synthesis-structural-characterization-and-phosphorescence-properties-of-trigonal-zn-ii-carbene-complexes.pdf,HTTP 403 (publisher blocks scripted clients),W4386050887,HTTPError: 403 Client Error: Forbidden for url: https://chemrxiv.org/engage/api-gateway/chemrxiv/assets/orp/resource/item/64df8d8200bbebf0e6661f0b/original/synthesis-structural-characterization-and-phosphorescence-properties-of-trigonal-zn-ii-carbene-complexes.pdf
10.26434/chemrxiv-2023-5vf9x,https://doi.org/10.26434/chemrxiv-2023-5vf9x,Local N-electron valence state perturbation theory using pair-natural orbitals based on localized virtual molecular orbitals,2023,chemrxiv.org,https://chemrxiv.org/engage/api-gateway/chemrxiv/assets/orp/resource/item/63cfb8cb1a1ead3066b5d7d3/original/local-n-electron-valence-state-perturbation-theory-using-pair-natural-orbitals-based-on-localized-virtual-molecular-orbitals.pdf,HTTP 403 (publisher blocks scripted clients),W4317910625,HTTPError: 403 Client Error: Forbidden for url: https://chemrxiv.org/engage/api-gateway/chemrxiv/assets/orp/resource/item/63cfb8cb1a1ead3066b5d7d3/original/local-n-electron-valence-state-perturbation-theory-using-pair-natural-orbitals-based-on-localized-virtual-molecular-orbitals.pdf
10.26434/chemrxiv-2023-5w45b,https://doi.org/10.26434/chemrxiv-2023-5w45b,Molecular Geometry and Electronic Structure of Copper Corroles,2023,chemrxiv.org,https://chemrxiv.org/engage/api-gateway/chemrxiv/assets/orp/resource/item/646fb076be16ad5c57e83cd3/original/molecular-geometry-and-electronic-structure-of-copper-corroles.pdf,HTTP 403 (publisher blocks scripted clients),W4378619123,HTTPError: 403 Client Error: Forbidden for url: https://chemrxiv.org/engage/api-gateway/chemrxiv/assets/orp/resource/item/646fb076be16ad5c57e83cd3/original/molecular-geometry-and-electronic-structure-of-copper-corroles.pdf
10.26434/chemrxiv-2023-9z6bg,https://doi.org/10.26434/chemrxiv-2023-9z6bg,Chelate Complexes of 3d Transition Metal Ions – A Challenge for Electronic-Structure Methods?,2023,chemrxiv.org,https://chemrxiv.org/engage/api-gateway/chemrxiv/assets/orp/resource/item/6570363729a13c4d47c44f7c/original/chelate-complexes-of-3d-transition-metal-ions-a-challenge-for-electronic-structure-methods.pdf,HTTP 403 (publisher blocks scripted clients),W4389441261,1 PDF location(s) + Europe PMC tried; HTTPError: 403 Client Error: Forbidden for url: https://chemrxiv.org/engage/api-gateway/chemrxiv/assets/orp/resource/item/6570363729a13c4d47c44f7c/original/chelate-complexes-of-3d-transition-metal-ions-a-challenge-for-electronic-structure-methods.pdf | no Europe
10.26434/chemrxiv-2023-cf93b,https://doi.org/10.26434/chemrxiv-2023-cf93b,Experimental and Theoretical Studies of Hyperthermal N + O2 Collisions,2023,chemrxiv.org,https://chemrxiv.org/engage/api-gateway/chemrxiv/assets/orp/resource/item/64a54e12ba3e99daef8d5caa/original/experimental-and-theoretical-studies-of-hyperthermal-n-o2-collisions.pdf,HTTP 403 (publisher blocks scripted clients),W4383346474,HTTPError: 403 Client Error: Forbidden for url: https://chemrxiv.org/engage/api-gateway/chemrxiv/assets/orp/resource/item/64a54e12ba3e99daef8d5caa/original/experimental-and-theoretical-studies-of-hyperthermal-n-o2-collisions.pdf
10.26434/chemrxiv-2023-fcl8s,https://doi.org/10.26434/chemrxiv-2023-fcl8s,Predicting Magnetic Coupling and Spin-Polarization Energy in Triangulene Analogues,2023,chemrxiv.org,https://chemrxiv.org/engage/api-gateway/chemrxiv/assets/orp/resource/item/63ee6184fcfb27a31fe5dd9f/original/predicting-magnetic-coupling-and-spin-polarization-energy-in-triangulene-analogues.pdf,HTTP 403 (publisher blocks scripted clients),W4321252641,1 PDF location(s) + Europe PMC tried; HTTPError: 403 Client Error: Forbidden for url: https://chemrxiv.org/engage/api-gateway/chemrxiv/assets/orp/resource/item/63ee6184fcfb27a31fe5dd9f/original/predicting-magnetic-coupling-and-spin-polarization-energy-in-triangulene-analogues.pdf | no Europe PMC OA 
10.26434/chemrxiv-2023-gl5w4,https://doi.org/10.26434/chemrxiv-2023-gl5w4,Analytic First-Order Derivatives of CASPT2 with IPEA shift,2023,chemrxiv.org,https://chemrxiv.org/engage/api-gateway/chemrxiv/assets/orp/resource/item/63ef043b1d2d1840639fd42b/original/analytic-first-order-derivatives-of-caspt2-with-ipea-shift.pdf,HTTP 403 (publisher blocks scripted clients),W4321225521,HTTPError: 403 Client Error: Forbidden for url: https://chemrxiv.org/engage/api-gateway/chemrxiv/assets/orp/resource/item/63ef043b1d2d1840639fd42b/original/analytic-first-order-derivatives-of-caspt2-with-ipea-shift.pdf
10.26434/chemrxiv-2023-gl5w4-v2,https://doi.org/10.26434/chemrxiv-2023-gl5w4-v2,Analytic First-Order Derivatives of CASPT2 with IPEA shift,2023,chemrxiv.org,https://chemrxiv.org/engage/api-gateway/chemrxiv/assets/orp/resource/item/6437c1b41d262d40ea602ae8/original/analytic-first-order-derivatives-of-caspt2-with-ipea-shift.pdf,HTTP 403 (publisher blocks scripted clients),W4365452631,HTTPError: 403 Client Error: Forbidden for url: https://chemrxiv.org/engage/api-gateway/chemrxiv/assets/orp/resource/item/6437c1b41d262d40ea602ae8/original/analytic-first-order-derivatives-of-caspt2-with-ipea-shift.pdf
10.26434/chemrxiv-2023-h7tsp,https://doi.org/10.26434/chemrxiv-2023-h7tsp,Identification of New Inverted Singlet-Triplet Cores by High--Throughput Virtual Screening,2023,chemrxiv.org,https://chemrxiv.org/engage/api-gateway/chemrxiv/assets/orp/resource/item/646dc5e8b3dd6a6530a5c193/original/identification-of-new-inverted-singlet-triplet-cores-by-high-throughput-virtual-screening.pdf,HTTP 403 (publisher blocks scripted clients),W4378232194,1 PDF location(s) + Europe PMC tried; HTTPError: 403 Client Error: Forbidden for url: https://chemrxiv.org/engage/api-gateway/chemrxiv/assets/orp/resource/item/646dc5e8b3dd6a6530a5c193/original/identification-of-new-inverted-singlet-triplet-cores-by-high-throughput-virtual-screening.pdf | no Europe 
10.26434/chemrxiv-2023-h7tsp-v2,https://doi.org/10.26434/chemrxiv-2023-h7tsp-v2,Identification of New Inverted Singlet-Triplet Cores by High--Throughput Virtual Screening,2023,chemrxiv.org,https://chemrxiv.org/engage/api-gateway/chemrxiv/assets/orp/resource/item/646efb89be16ad5c57df9820/original/identification-of-new-inverted-singlet-triplet-cores-by-high-throughput-virtual-screening.pdf,HTTP 403 (publisher blocks scripted clients),W4378221424,1 PDF location(s) + Europe PMC tried; HTTPError: 403 Client Error: Forbidden for url: https://chemrxiv.org/engage/api-gateway/chemrxiv/assets/orp/resource/item/646efb89be16ad5c57df9820/original/identification-of-new-inverted-singlet-triplet-cores-by-high-throughput-virtual-screening.pdf | no Europe 
10.26434/chemrxiv-2023-jt226,https://doi.org/10.26434/chemrxiv-2023-jt226,Chiral Carbene Zinc(II) Dithiolates: Efficient TADF Emitters Showing Circularly Polarized Luminescence,2023,chemrxiv.org,https://chemrxiv.org/engage/api-gateway/chemrxiv/assets/orp/resource/item/653ad506a8b423585a4d9baf/original/chiral-carbene-zinc-ii-dithiolates-efficient-tadf-emitters-showing-circularly-polarized-luminescence.pdf,HTTP 403 (publisher blocks scripted clients),W4387972681,HTTPError: 403 Client Error: Forbidden for url: https://chemrxiv.org/engage/api-gateway/chemrxiv/assets/orp/resource/item/653ad506a8b423585a4d9baf/original/chiral-carbene-zinc-ii-dithiolates-efficient-tadf-emitters-showing-circularly-polarized-luminescence.pdf
10.26434/chemrxiv-2023-m5s0w,https://doi.org/10.26434/chemrxiv-2023-m5s0w,Characterising conical intersections in DNA/RNA nucleobases with multiconfigurational wave functions of varying active space size,2023,chemrxiv.org,https://chemrxiv.org/engage/api-gateway/chemrxiv/assets/orp/resource/item/6474b14ae64f843f41f7aebd/original/characterising-conical-intersections-in-dna-rna-nucleobases-with-multiconfigurational-wave-functions-of-varying-active-space-size.pdf,no fetchable PDF and no Europe PMC full text,W4381279933,0 PDF location(s) + Europe PMC tried; no Europe PMC OA full text
10.26434/chemrxiv-2023-nq0w0,https://doi.org/10.26434/chemrxiv-2023-nq0w0,Triplet-Sensitized Bidirectional Isomerization of Bridged Azobenzene,2023,chemrxiv.org,https://chemrxiv.org/engage/api-gateway/chemrxiv/assets/orp/resource/item/64485926e4bbbe4bbf3fd9b2/original/triplet-sensitized-bidirectional-isomerization-of-bridged-azobenzene.pdf,HTTP 403 (publisher blocks scripted clients),W4367050393,HTTPError: 403 Client Error: Forbidden for url: https://chemrxiv.org/engage/api-gateway/chemrxiv/assets/orp/resource/item/64485926e4bbbe4bbf3fd9b2/original/triplet-sensitized-bidirectional-isomerization-of-bridged-azobenzene.pdf
10.26434/chemrxiv-2023-rn9bj,https://doi.org/10.26434/chemrxiv-2023-rn9bj,Electron transfer in TEMPO-based organic radical batteries governed by electronic coupling,2023,chemrxiv.org,https://chemrxiv.org/engage/api-gateway/chemrxiv/assets/orp/resource/item/6498b3a22e632767b0c5bc6a/original/electron-transfer-in-tempo-based-organic-radical-batteries-governed-by-electronic-coupling.pdf,HTTP 403 (publisher blocks scripted clients),W4382022244,1 PDF location(s) + Europe PMC tried; HTTPError: 403 Client Error: Forbidden for url: https://chemrxiv.org/engage/api-gateway/chemrxiv/assets/orp/resource/item/6498b3a22e632767b0c5bc6a/original/electron-transfer-in-tempo-based-organic-radical-batteries-governed-by-electronic-coupling.pdf | no Europe
10.26434/chemrxiv-2023-rs2xc,https://doi.org/10.26434/chemrxiv-2023-rs2xc,Zero-field splitting tensor of the triplet excited states of aromatic molecules: A valence full-π complete active space self-consistent field study,2023,chemrxiv.org,https://chemrxiv.org/engage/api-gateway/chemrxiv/assets/orp/resource/item/65603b945bc9fcb5c94146cb/original/zero-field-splitting-tensor-of-the-triplet-excited-states-of-aromatic-molecules-a-valence-full-complete-active-space-self-consistent-field-study.pdf,no fetchable PDF and no Europe PMC full text,W4388971902,0 PDF location(s) + Europe PMC tried; no Europe PMC OA full text
10.26434/chemrxiv-2023-snc7m,https://doi.org/10.26434/chemrxiv-2023-snc7m,Thermally stable Terbium(II) and Dysprosium(II) Bis-Amidinate Single-Molecule Magnets,2023,chemrxiv.org,https://chemrxiv.org/engage/api-gateway/chemrxiv/assets/orp/resource/item/64b69dffb605c6803bee5c3e/original/thermally-stable-terbium-ii-and-dysprosium-ii-bis-amidinate-single-molecule-magnets.pdf,HTTP 403 (publisher blocks scripted clients),W4384932239,1 PDF location(s) + Europe PMC tried; HTTPError: 403 Client Error: Forbidden for url: https://chemrxiv.org/engage/api-gateway/chemrxiv/assets/orp/resource/item/64b69dffb605c6803bee5c3e/original/thermally-stable-terbium-ii-and-dysprosium-ii-bis-amidinate-single-molecule-magnets.pdf | no Europe PMC OA
10.26434/chemrxiv-2023-wpc4r,https://doi.org/10.26434/chemrxiv-2023-wpc4r,Pushing Boundaries in Single Molecule Magnets: An Ab Initio Perspective on Harnessing Unusual Oxidation States for Unprecedented Lanthanide SMM Performance,2023,chemrxiv.org,https://chemrxiv.org/engage/api-gateway/chemrxiv/assets/orp/resource/item/651bb371006594091255f0fc/original/pushing-boundaries-in-single-molecule-magnets-an-ab-initio-perspective-on-harnessing-unusual-oxidation-states-for-unprecedented-lanthanide-smm-performance.pdf,HTTP 403 (publisher blocks scripted clients),W4387334180,1 PDF location(s) + Europe PMC tried; HTTPError: 403 Client Error: Forbidden for url: https://chemrxiv.org/engage/api-gateway/chemrxiv/assets/orp/resource/item/651bb371006594091255f0fc/original/pushing-boundaries-in-single-molecule-magnets-an-ab-initio-perspective-on-harnessing-unusual-oxidation-sta
10.26434/chemrxiv-2023-z0vxs,https://doi.org/10.26434/chemrxiv-2023-z0vxs,Optical Properties of Neutral F Centers in Bulk MgO with Density Matrix Embedding,2023,chemrxiv.org,https://chemrxiv.org/engage/api-gateway/chemrxiv/assets/orp/resource/item/64a609c76e1c4c986be342f8/original/optical-properties-of-neutral-f-centers-in-bulk-mg-o-with-density-matrix-embedding.pdf,HTTP 403 (publisher blocks scripted clients),W4383535098,HTTPError: 403 Client Error: Forbidden for url: https://chemrxiv.org/engage/api-gateway/chemrxiv/assets/orp/resource/item/64a609c76e1c4c986be342f8/original/optical-properties-of-neutral-f-centers-in-bulk-mg-o-with-density-matrix-embedding.pdf
10.26434/chemrxiv-2024-05mq8,https://doi.org/10.26434/chemrxiv-2024-05mq8,Analytic First-Order Derivatives of CASPT2 Combined with the Polarizable Continuum Model,2024,chemrxiv.org,https://chemrxiv.org/engage/api-gateway/chemrxiv/assets/orp/resource/item/671722f1d433919392cd6b24/original/analytic-first-order-derivatives-of-caspt2-combined-with-the-polarizable-continuum-model.pdf,HTTP 403 (publisher blocks scripted clients),W4403688228,HTTPError: 403 Client Error: Forbidden for url: https://chemrxiv.org/engage/api-gateway/chemrxiv/assets/orp/resource/item/671722f1d433919392cd6b24/original/analytic-first-order-derivatives-of-caspt2-combined-with-the-polarizable-continuum-model.pdf
10.26434/chemrxiv-2024-05mq8-v2,https://doi.org/10.26434/chemrxiv-2024-05mq8-v2,Analytic First-Order Derivatives of CASPT2 Combined with the Polarizable Continuum Model,2024,chemrxiv.org,https://chemrxiv.org/engage/api-gateway/chemrxiv/assets/orp/resource/item/6770e03cfa469535b921f8f1/original/analytic-first-order-derivatives-of-caspt2-combined-with-the-polarizable-continuum-model.pdf,HTTP 403 (publisher blocks scripted clients),W4405914598,HTTPError: 403 Client Error: Forbidden for url: https://chemrxiv.org/engage/api-gateway/chemrxiv/assets/orp/resource/item/6770e03cfa469535b921f8f1/original/analytic-first-order-derivatives-of-caspt2-combined-with-the-polarizable-continuum-model.pdf
10.26434/chemrxiv-2024-2tvmv,https://doi.org/10.26434/chemrxiv-2024-2tvmv,Computational Investigations of the Detailed Mechanism of Reverse Intersystem Crossing in Inverted Singlet-Triplet Gap Molecules,2024,chemrxiv.org,https://chemrxiv.org/engage/api-gateway/chemrxiv/assets/orp/resource/item/65f29f789138d231616dede2/original/computational-investigations-of-the-detailed-mechanism-of-reverse-intersystem-crossing-in-inverted-singlet-triplet-gap-molecules.pdf,HTTP 403 (publisher blocks scripted clients),W4392863027,HTTPError: 403 Client Error: Forbidden for url: https://chemrxiv.org/engage/api-gateway/chemrxiv/assets/orp/resource/item/65f29f789138d231616dede2/original/computational-investigations-of-the-detailed-mechanism-of-reverse-intersystem-crossing-in-inverted-singlet-triplet-gap-molecules.pdf
10.26434/chemrxiv-2024-36b1n,https://doi.org/10.26434/chemrxiv-2024-36b1n,Approaching the Complete Basis Set Limit for Transition Metal Spin–State Energetics,2024,chemrxiv.org,https://chemrxiv.org/engage/api-gateway/chemrxiv/assets/orp/resource/item/65a9329866c1381729be2f66/original/approaching-the-complete-basis-set-limit-for-transition-metal-spin-state-energetics.pdf,HTTP 403 (publisher blocks scripted clients),W4391169489,HTTPError: 403 Client Error: Forbidden for url: https://chemrxiv.org/engage/api-gateway/chemrxiv/assets/orp/resource/item/65a9329866c1381729be2f66/original/approaching-the-complete-basis-set-limit-for-transition-metal-spin-state-energetics.pdf
10.26434/chemrxiv-2024-3h77f,https://doi.org/10.26434/chemrxiv-2024-3h77f,Excited State Structure and Minimum Energy Conical Intersection Optimization Using DFT/MRCI,2024,chemrxiv.org,https://chemrxiv.org/engage/api-gateway/chemrxiv/assets/orp/resource/item/66fee5fb51558a15effa0d4d/original/excited-state-structure-and-minimum-energy-conical-intersection-optimization-using-dft-mrci.pdf,HTTP 403 (publisher blocks scripted clients),W4403171056,HTTPError: 403 Client Error: Forbidden for url: https://chemrxiv.org/engage/api-gateway/chemrxiv/assets/orp/resource/item/66fee5fb51558a15effa0d4d/original/excited-state-structure-and-minimum-energy-conical-intersection-optimization-using-dft-mrci.pdf
10.26434/chemrxiv-2024-4wfr8-v2,https://doi.org/10.26434/chemrxiv-2024-4wfr8-v2,Can SCF and ROKS DFT-based methods predict the inversion of the singlet-triplet gap in organic molecules?,2024,chemrxiv.org,https://chemrxiv.org/engage/api-gateway/chemrxiv/assets/orp/resource/item/674420ec5a82cea2fab8e2f9/original/can-scf-and-roks-dft-based-methods-predict-the-inversion-of-the-singlet-triplet-gap-in-organic-molecules.pdf,HTTP 403 (publisher blocks scripted clients),W4404698790,HTTPError: 403 Client Error: Forbidden for url: https://chemrxiv.org/engage/api-gateway/chemrxiv/assets/orp/resource/item/674420ec5a82cea2fab8e2f9/original/can-scf-and-roks-dft-based-methods-predict-the-inversion-of-the-singlet-triplet-gap-in-organic-molecules.pdf
10.26434/chemrxiv-2024-5hc8g-v2,https://doi.org/10.26434/chemrxiv-2024-5hc8g-v2,A Hybrid Meta On-Top Functional for Multiconfiguration Pair-Density Functional Theory,2024,chemrxiv.org,https://chemrxiv.org/engage/api-gateway/chemrxiv/assets/orp/resource/item/6707f8b2cec5d6c142ca5846/original/a-hybrid-meta-on-top-functional-for-multiconfiguration-pair-density-functional-theory.pdf,no fetchable PDF and no Europe PMC full text,W4403292465,0 PDF location(s) + Europe PMC tried; no Europe PMC OA full text
10.26434/chemrxiv-2024-5q627,https://doi.org/10.26434/chemrxiv-2024-5q627,Enhancing Reverse Intersystem Crossing with Extended Inverted Singlet-Triplet (X−INVEST) systems,2024,chemrxiv.org,https://chemrxiv.org/engage/api-gateway/chemrxiv/assets/orp/resource/item/6704d4dacec5d6c1428f2e99/original/enhancing-reverse-intersystem-crossing-with-extended-inverted-singlet-triplet-x-invest-systems.pdf,HTTP 403 (publisher blocks scripted clients),W4403312464,HTTPError: 403 Client Error: Forbidden for url: https://chemrxiv.org/engage/api-gateway/chemrxiv/assets/orp/resource/item/6704d4dacec5d6c1428f2e99/original/enhancing-reverse-intersystem-crossing-with-extended-inverted-singlet-triplet-x-invest-systems.pdf
10.26434/chemrxiv-2024-5q956-v2,https://doi.org/10.26434/chemrxiv-2024-5q956-v2,Exploring the Influence of Approximations for Simulating Valence Excited X-ray Spectra,2024,chemrxiv.org,https://chemrxiv.org/engage/api-gateway/chemrxiv/assets/orp/resource/item/672354eaf9980725cfac4b78/original/exploring-the-influence-of-approximations-for-simulating-valence-excited-x-ray-spectra.pdf,HTTP 403 (publisher blocks scripted clients),W4403964916,HTTPError: 403 Client Error: Forbidden for url: https://chemrxiv.org/engage/api-gateway/chemrxiv/assets/orp/resource/item/672354eaf9980725cfac4b78/original/exploring-the-influence-of-approximations-for-simulating-valence-excited-x-ray-spectra.pdf
10.26434/chemrxiv-2024-7zqx1,https://doi.org/10.26434/chemrxiv-2024-7zqx1,Quasi-degenerate extension of local N-electron valence state perturbation theory with pair-natural orbital method based on localized virtual molecular orbitals,2024,chemrxiv.org,https://chemrxiv.org/engage/api-gateway/chemrxiv/assets/orp/resource/item/65d592f566c138172923eb4f/original/quasi-degenerate-extension-of-local-n-electron-valence-state-perturbation-theory-with-pair-natural-orbital-method-based-on-localized-virtual-molecular-orbitals.pdf,HTTP 403 (publisher blocks scripted clients),W4392051448,HTTPError: 403 Client Error: Forbidden for url: https://chemrxiv.org/engage/api-gateway/chemrxiv/assets/orp/resource/item/65d592f566c138172923eb4f/original/quasi-degenerate-extension-of-local-n-electron-valence-state-perturbation-theory-with-pair-natural-orbital-method-based-on-localized-virtual-mol
10.26434/chemrxiv-2024-clzns,https://doi.org/10.26434/chemrxiv-2024-clzns,A DFT/MRCI Hamiltonian Parameterized Using Only Ab Initio Data: I. Valence Excited States,2024,chemrxiv.org,https://chemrxiv.org/engage/api-gateway/chemrxiv/assets/orp/resource/item/6604723d9138d23161785f22/original/a-dft-mrci-hamiltonian-parameterized-using-only-ab-initio-data-i-valence-excited-states.pdf,HTTP 403 (publisher blocks scripted clients),W4393316188,HTTPError: 403 Client Error: Forbidden for url: https://chemrxiv.org/engage/api-gateway/chemrxiv/assets/orp/resource/item/6604723d9138d23161785f22/original/a-dft-mrci-hamiltonian-parameterized-using-only-ab-initio-data-i-valence-excited-states.pdf
10.26434/chemrxiv-2024-htvk4,https://doi.org/10.26434/chemrxiv-2024-htvk4,Spin–State Energetics for Hydride and Helium Models of Transition Metal Complexes: A Benchmark Study of Wave Function Quantum Chemistry Methods,2024,chemrxiv.org,https://chemrxiv.org/engage/api-gateway/chemrxiv/assets/orp/resource/item/66bd1a97f3f4b05290e355c6/original/spin-state-energetics-for-hydride-and-helium-models-of-transition-metal-complexes-a-benchmark-study-of-wave-function-quantum-chemistry-methods.pdf,HTTP 403 (publisher blocks scripted clients),W4401649530,HTTPError: 403 Client Error: Forbidden for url: https://chemrxiv.org/engage/api-gateway/chemrxiv/assets/orp/resource/item/66bd1a97f3f4b05290e355c6/original/spin-state-energetics-for-hydride-and-helium-models-of-transition-metal-complexes-a-benchmark-study-of-wave-function-quantum-chemistry-methods.p
10.26434/chemrxiv-2024-j79q7,https://doi.org/10.26434/chemrxiv-2024-j79q7,Unveiling the redox non-innocence of metallocorroles: Exploring K-edge X-ray absorption near-edge spectroscopy with a multiconfigurational wave function approach,2024,chemrxiv.org,https://chemrxiv.org/engage/api-gateway/chemrxiv/assets/orp/resource/item/66a3dd8601103d79c5c6a112/original/unveiling-the-redox-non-innocence-of-metallocorroles-exploring-k-edge-x-ray-absorption-near-edge-spectroscopy-with-a-multiconfigurational-wave-function-approach.pdf,HTTP 403 (publisher blocks scripted clients),W4401153544,HTTPError: 403 Client Error: Forbidden for url: https://chemrxiv.org/engage/api-gateway/chemrxiv/assets/orp/resource/item/66a3dd8601103d79c5c6a112/original/unveiling-the-redox-non-innocence-of-metallocorroles-exploring-k-edge-x-ray-absorption-near-edge-spectroscopy-with-a-multiconfigurational-wave-f
10.26434/chemrxiv-2024-kj11f,https://doi.org/10.26434/chemrxiv-2024-kj11f,FCIQMC–CASPT2 with Imaginary–Time–Averaged Wave Functions,2024,chemrxiv.org,https://chemrxiv.org/engage/api-gateway/chemrxiv/assets/orp/resource/item/6721f611f9980725cf5fb826/original/fciqmc-caspt2-with-imaginary-time-averaged-wave-functions.pdf,HTTP 403 (publisher blocks scripted clients),W4403986331,HTTPError: 403 Client Error: Forbidden for url: https://chemrxiv.org/engage/api-gateway/chemrxiv/assets/orp/resource/item/6721f611f9980725cf5fb826/original/fciqmc-caspt2-with-imaginary-time-averaged-wave-functions.pdf
10.26434/chemrxiv-2024-nqqbn,https://doi.org/10.26434/chemrxiv-2024-nqqbn,Indications for a Direct Singlet Fission Mechanism in TIPS-Pentacene Crystals from Hybrid DFT/MRCI and Molecular Mechanics Studies,2024,chemrxiv.org,https://chemrxiv.org/engage/api-gateway/chemrxiv/assets/orp/resource/item/675ac5157be152b1d0bb7fae/original/indications-for-a-direct-singlet-fission-mechanism-in-tips-pentacene-crystals-from-hybrid-dft-mrci-and-molecular-mechanics-studies.pdf,HTTP 403 (publisher blocks scripted clients),W4405416390,HTTPError: 403 Client Error: Forbidden for url: https://chemrxiv.org/engage/api-gateway/chemrxiv/assets/orp/resource/item/675ac5157be152b1d0bb7fae/original/indications-for-a-direct-singlet-fission-mechanism-in-tips-pentacene-crystals-from-hybrid-dft-mrci-and-molecular-mechanics-studies.pdf
10.26434/chemrxiv-2024-nsj0f,https://doi.org/10.26434/chemrxiv-2024-nsj0f,Automated Multireference Vertical Excitations for Transition Metal Compounds,2024,chemrxiv.org,https://chemrxiv.org/engage/api-gateway/chemrxiv/assets/orp/resource/item/67671fd86dde43c908ec6761/original/automated-multireference-vertical-excitations-for-transition-metal-compounds.pdf,HTTP 403 (publisher blocks scripted clients),W4405822336,HTTPError: 403 Client Error: Forbidden for url: https://chemrxiv.org/engage/api-gateway/chemrxiv/assets/orp/resource/item/67671fd86dde43c908ec6761/original/automated-multireference-vertical-excitations-for-transition-metal-compounds.pdf
10.26434/chemrxiv-2024-nwbqd,https://doi.org/10.26434/chemrxiv-2024-nwbqd,Performance of Quantum Chemistry Methods for Benchmark Set of Spin–State Energetics Derived from Experimental Data of 17 Transition Metal Complexes (SSE17),2024,chemrxiv.org,https://chemrxiv.org/engage/api-gateway/chemrxiv/assets/orp/resource/item/66a8b15cc9c6a5c07a792487/original/performance-of-quantum-chemistry-methods-for-benchmark-set-of-spin-state-energetics-derived-from-experimental-data-of-17-transition-metal-complexes-sse17.pdf,HTTP 403 (publisher blocks scripted clients),W4401217787,HTTPError: 403 Client Error: Forbidden for url: https://chemrxiv.org/engage/api-gateway/chemrxiv/assets/orp/resource/item/66a8b15cc9c6a5c07a792487/original/performance-of-quantum-chemistry-methods-for-benchmark-set-of-spin-state-energetics-derived-from-experimental-data-of-17-transition-metal-comple
10.26434/chemrxiv-2024-t5m4d,https://doi.org/10.26434/chemrxiv-2024-t5m4d,"Investigating the non-radiative photo-processes of unnatural DNA base: 7-(2-thienyl)-imidazo[4,5-b]pyridine (Ds) - A computational study",2024,chemrxiv.org,https://chemrxiv.org/engage/api-gateway/chemrxiv/assets/orp/resource/item/666e45e75101a2ffa8aff17c/original/investigating-the-non-radiative-photo-processes-of-unnatural-dna-base-7-2-thienyl-imidazo-4-5-b-pyridine-ds-a-computational-study.pdf,no fetchable PDF and no Europe PMC full text,W4399739288,0 PDF location(s) + Europe PMC tried; no Europe PMC OA full text
10.26434/chemrxiv-2024-vd15w,https://doi.org/10.26434/chemrxiv-2024-vd15w,Extreme Isotopic Fractionation in CO and H2 Formed in Formaldehyde Photolysis; Theory and Experiment,2024,chemrxiv.org,https://chemrxiv.org/engage/api-gateway/chemrxiv/assets/orp/resource/item/672b24ac5a82cea2fa36cb1d/original/extreme-isotopic-fractionation-in-co-and-h2-formed-in-formaldehyde-photolysis-theory-and-experiment.pdf,HTTP 403 (publisher blocks scripted clients),W4404195226,HTTPError: 403 Client Error: Forbidden for url: https://chemrxiv.org/engage/api-gateway/chemrxiv/assets/orp/resource/item/672b24ac5a82cea2fa36cb1d/original/extreme-isotopic-fractionation-in-co-and-h2-formed-in-formaldehyde-photolysis-theory-and-experiment.pdf
10.26434/chemrxiv-2024-vd15w-v2,https://doi.org/10.26434/chemrxiv-2024-vd15w-v2,Extreme Isotopic Fractionation in CO and H2 Formed in Formaldehyde Photolysis; Theory and Experiment,2024,chemrxiv.org,https://chemrxiv.org/engage/api-gateway/chemrxiv/assets/orp/resource/item/672db8f95a82cea2fa7950bd/original/extreme-isotopic-fractionation-in-co-and-h2-formed-in-formaldehyde-photolysis-theory-and-experiment.pdf,HTTP 403 (publisher blocks scripted clients),W4404220407,HTTPError: 403 Client Error: Forbidden for url: https://chemrxiv.org/engage/api-gateway/chemrxiv/assets/orp/resource/item/672db8f95a82cea2fa7950bd/original/extreme-isotopic-fractionation-in-co-and-h2-formed-in-formaldehyde-photolysis-theory-and-experiment.pdf
10.26434/chemrxiv-2024-wtrg5,https://doi.org/10.26434/chemrxiv-2024-wtrg5,Photodissociation Dynamics of Indole using Multi-Configuration Time-dependent Hartree Method,2024,chemrxiv.org,https://chemrxiv.org/engage/api-gateway/chemrxiv/assets/orp/resource/item/673339bef9980725cff0eabe/original/photodissociation-dynamics-of-indole-using-multi-configuration-time-dependent-hartree-method.pdf,HTTP 403 (publisher blocks scripted clients),W4404365081,HTTPError: 403 Client Error: Forbidden for url: https://chemrxiv.org/engage/api-gateway/chemrxiv/assets/orp/resource/item/673339bef9980725cff0eabe/original/photodissociation-dynamics-of-indole-using-multi-configuration-time-dependent-hartree-method.pdf
10.26434/chemrxiv-2024-xnq0h,https://doi.org/10.26434/chemrxiv-2024-xnq0h,Calculation of quasi-diabatic states within the DFT/MRCI(2) framework: the QD-DFT/MRCI(2) method,2024,chemrxiv.org,https://chemrxiv.org/engage/api-gateway/chemrxiv/assets/orp/resource/item/661455e2418a5379b06b84ef/original/calculation-of-quasi-diabatic-states-within-the-dft-mrci-2-framework-the-qd-dft-mrci-2-method.pdf,HTTP 403 (publisher blocks scripted clients),W4394605926,HTTPError: 403 Client Error: Forbidden for url: https://chemrxiv.org/engage/api-gateway/chemrxiv/assets/orp/resource/item/661455e2418a5379b06b84ef/original/calculation-of-quasi-diabatic-states-within-the-dft-mrci-2-framework-the-qd-dft-mrci-2-method.pdf
10.26434/chemrxiv-2025-2xwpq,https://doi.org/10.26434/chemrxiv-2025-2xwpq,Unified Mechanistic Framework for DDQ-promoted Transformation of Electron-deficient Alkenes: the Addition-Coupled Electron Transfer (ACET) Perspective,2025,chemrxiv.org,https://chemrxiv.org/engage/api-gateway/chemrxiv/assets/orp/resource/item/68a6a81ba94eede154bd2926/original/unified-mechanistic-framework-for-ddq-promoted-transformation-of-electron-deficient-alkenes-the-addition-coupled-electron-transfer-acet-perspective.pdf,HTTP 403 (publisher blocks scripted clients),W4413604613,HTTPError: 403 Client Error: Forbidden for url: https://chemrxiv.org/engage/api-gateway/chemrxiv/assets/orp/resource/item/68a6a81ba94eede154bd2926/original/unified-mechanistic-framework-for-ddq-promoted-transformation-of-electron-deficient-alkenes-the-addition-coupled-electron-transfer-acet-perspect
10.26434/chemrxiv-2025-37fb2-v2,https://doi.org/10.26434/chemrxiv-2025-37fb2-v2,Tunable Spectral Properties and Excitonic Couplings of Bacteriochlorophyll-like Dimer Aggregates,2025,chemrxiv.org,https://chemrxiv.org/engage/api-gateway/chemrxiv/assets/orp/resource/item/685d564d1a8f9bdab5fcaa20/original/tunable-spectral-properties-and-excitonic-couplings-of-bacteriochlorophyll-like-dimer-aggregates.pdf,HTTP 403 (publisher blocks scripted clients),W4411779862,HTTPError: 403 Client Error: Forbidden for url: https://chemrxiv.org/engage/api-gateway/chemrxiv/assets/orp/resource/item/685d564d1a8f9bdab5fcaa20/original/tunable-spectral-properties-and-excitonic-couplings-of-bacteriochlorophyll-like-dimer-aggregates.pdf
10.26434/chemrxiv-2025-46g93,https://doi.org/10.26434/chemrxiv-2025-46g93,Optically Detected Magnetic Resonance on Carbene molecular Qubits,2025,chemrxiv.org,https://chemrxiv.org/engage/api-gateway/chemrxiv/assets/orp/resource/item/680b63ae927d1c2e66b81b03/original/optically-detected-magnetic-resonance-on-carbene-molecular-qubits.pdf,HTTP 403 (publisher blocks scripted clients),W4409896155,1 PDF location(s) + Europe PMC tried; HTTPError: 403 Client Error: Forbidden for url: https://chemrxiv.org/engage/api-gateway/chemrxiv/assets/orp/resource/item/680b63ae927d1c2e66b81b03/original/optically-detected-magnetic-resonance-on-carbene-molecular-qubits.pdf | no Europe PMC OA full text
10.26434/chemrxiv-2025-4r3vx-v2,https://doi.org/10.26434/chemrxiv-2025-4r3vx-v2,Modeling Oxidative Dehydrogenation of Propane with Supported Vanadia Catalysts Using Multireference Methods,2025,chemrxiv.org,https://chemrxiv.org/engage/api-gateway/chemrxiv/assets/orp/resource/item/686bf63ec1cb1ecda08bd922/original/modeling-oxidative-dehydrogenation-of-propane-with-supported-vanadia-catalysts-using-multireference-methods.pdf,HTTP 403 (publisher blocks scripted clients),W4412121488,HTTPError: 403 Client Error: Forbidden for url: https://chemrxiv.org/engage/api-gateway/chemrxiv/assets/orp/resource/item/686bf63ec1cb1ecda08bd922/original/modeling-oxidative-dehydrogenation-of-propane-with-supported-vanadia-catalysts-using-multireference-methods.pdf
10.26434/chemrxiv-2025-7qsq0,https://doi.org/10.26434/chemrxiv-2025-7qsq0,"Neutral and Anionic Free-base and Copper Corroles: Structural, spectroscopic and computational analysis and hypercorrole features",2025,chemrxiv.org,https://chemrxiv.org/engage/api-gateway/chemrxiv/assets/orp/resource/item/683ef573c1cb1ecda0f041cc/original/neutral-and-anionic-free-base-and-copper-corroles-structural-spectroscopic-and-computational-analysis-and-hypercorrole-features.pdf,no fetchable PDF and no Europe PMC full text,W4411084968,0 PDF location(s) + Europe PMC tried; no Europe PMC OA full text
10.26434/chemrxiv-2025-8910n,https://doi.org/10.26434/chemrxiv-2025-8910n,On the Performance of DFT/MRCI for Singlet–Triplet Gaps and Emission Energies of Thermally Activated Delayed Fluorescence Molecules,2025,chemrxiv.org,https://chemrxiv.org/engage/api-gateway/chemrxiv/assets/orp/resource/item/682a67ad927d1c2e66830904/original/on-the-performance-of-dft-mrci-for-singlet-triplet-gaps-and-emission-energies-of-thermally-activated-delayed-fluorescence-molecules.pdf,HTTP 403 (publisher blocks scripted clients),W4410758861,HTTPError: 403 Client Error: Forbidden for url: https://chemrxiv.org/engage/api-gateway/chemrxiv/assets/orp/resource/item/682a67ad927d1c2e66830904/original/on-the-performance-of-dft-mrci-for-singlet-triplet-gaps-and-emission-energies-of-thermally-activated-delayed-fluorescence-molecules.pdf
10.26434/chemrxiv-2025-cgx8x,https://doi.org/10.26434/chemrxiv-2025-cgx8x,On the role of electronic correlation and state-specific environment polarization in Singlet–Triplet gap inversion,2025,chemrxiv.org,https://chemrxiv.org/engage/api-gateway/chemrxiv/assets/orp/resource/item/68baf9bfa94eede154e5502b/original/on-the-role-of-electronic-correlation-and-state-specific-environment-polarization-in-singlet-triplet-gap-inversion.pdf,HTTP 403 (publisher blocks scripted clients),W4414088287,HTTPError: 403 Client Error: Forbidden for url: https://chemrxiv.org/engage/api-gateway/chemrxiv/assets/orp/resource/item/68baf9bfa94eede154e5502b/original/on-the-role-of-electronic-correlation-and-state-specific-environment-polarization-in-singlet-triplet-gap-inversion.pdf
10.26434/chemrxiv-2025-cgx8x-v2,https://doi.org/10.26434/chemrxiv-2025-cgx8x-v2,On the role of electronic correlation and state-specific environment polarization in Singlet–Triplet gap inversion,2025,chemrxiv.org,https://chemrxiv.org/engage/api-gateway/chemrxiv/assets/orp/resource/item/68c3f2c39008f1a467078b4d/original/on-the-role-of-electronic-correlation-and-state-specific-environment-polarization-in-singlet-triplet-gap-inversion.pdf,HTTP 403 (publisher blocks scripted clients),W4414267803,HTTPError: 403 Client Error: Forbidden for url: https://chemrxiv.org/engage/api-gateway/chemrxiv/assets/orp/resource/item/68c3f2c39008f1a467078b4d/original/on-the-role-of-electronic-correlation-and-state-specific-environment-polarization-in-singlet-triplet-gap-inversion.pdf
10.26434/chemrxiv-2025-cmd6s,https://doi.org/10.26434/chemrxiv-2025-cmd6s,Nonadiabatic Dynamics of the Molecular Tully Models with the Mixed-Reference Spin-Flip Time-Dependent Density Functional Theory,2025,chemrxiv.org,https://chemrxiv.org/engage/api-gateway/chemrxiv/assets/orp/resource/item/687cad54728bf9025e59fb62/original/nonadiabatic-dynamics-of-the-molecular-tully-models-with-the-mixed-reference-spin-flip-time-dependent-density-functional-theory.pdf,HTTP 403 (publisher blocks scripted clients),W4412572672,1 PDF location(s) + Europe PMC tried; HTTPError: 403 Client Error: Forbidden for url: https://chemrxiv.org/engage/api-gateway/chemrxiv/assets/orp/resource/item/687cad54728bf9025e59fb62/original/nonadiabatic-dynamics-of-the-molecular-tully-models-with-the-mixed-reference-spin-flip-time-dependent-dens
10.26434/chemrxiv-2025-dl4sb,https://doi.org/10.26434/chemrxiv-2025-dl4sb,Capturing Electron Correlation with Machine Learning through a Data-Driven CASPT2 Framework,2025,chemrxiv.org,https://chemrxiv.org/engage/api-gateway/chemrxiv/assets/orp/resource/item/689caa1a23be8e43d6096498/original/capturing-electron-correlation-with-machine-learning-through-a-data-driven-caspt2-framework.pdf,no fetchable PDF and no Europe PMC full text,W4413289814,0 PDF location(s) + Europe PMC tried; no Europe PMC OA full text
10.26434/chemrxiv-2025-gbcfl,https://doi.org/10.26434/chemrxiv-2025-gbcfl,Decomposition of magnetic coupling in µ-oxo-bridged metal complexes,2025,chemrxiv.org,https://chemrxiv.org/engage/api-gateway/chemrxiv/assets/orp/resource/item/67aa3f196dde43c9084e7bb9/original/decomposition-of-magnetic-coupling-in-oxo-bridged-metal-complexes.pdf,HTTP 403 (publisher blocks scripted clients),W4407409741,1 PDF location(s) + Europe PMC tried; HTTPError: 403 Client Error: Forbidden for url: https://chemrxiv.org/engage/api-gateway/chemrxiv/assets/orp/resource/item/67aa3f196dde43c9084e7bb9/original/decomposition-of-magnetic-coupling-in-oxo-bridged-metal-complexes.pdf | no Europe PMC OA full text
10.26434/chemrxiv-2025-jc6dp,https://doi.org/10.26434/chemrxiv-2025-jc6dp,Surface Hopping with Fully Correlated Methods,2025,chemrxiv.org,https://chemrxiv.org/engage/api-gateway/chemrxiv/assets/orp/resource/item/68a819d9a94eede1540a9b49/original/surface-hopping-with-fully-correlated-methods.pdf,HTTP 403 (publisher blocks scripted clients),W4413614252,HTTPError: 403 Client Error: Forbidden for url: https://chemrxiv.org/engage/api-gateway/chemrxiv/assets/orp/resource/item/68a819d9a94eede1540a9b49/original/surface-hopping-with-fully-correlated-methods.pdf
10.26434/chemrxiv-2025-jc6dp-v2,https://doi.org/10.26434/chemrxiv-2025-jc6dp-v2,Surface Hopping with Fully Correlated Methods,2025,chemrxiv.org,https://chemrxiv.org/engage/api-gateway/chemrxiv/assets/orp/resource/item/68c257783e708a76495465c7/original/surface-hopping-with-fully-correlated-methods.pdf,HTTP 403 (publisher blocks scripted clients),W4414250211,HTTPError: 403 Client Error: Forbidden for url: https://chemrxiv.org/engage/api-gateway/chemrxiv/assets/orp/resource/item/68c257783e708a76495465c7/original/surface-hopping-with-fully-correlated-methods.pdf
10.26434/chemrxiv-2025-pmnpk,https://doi.org/10.26434/chemrxiv-2025-pmnpk,"Mind the Gaps: What the STGABS27 Set Can Teach About Second Order Excited State Methods, Solvent Models, and Charge Transfer",2025,chemrxiv.org,https://chemrxiv.org/engage/api-gateway/chemrxiv/assets/orp/resource/item/68418fe3c1cb1ecda06d52ff/original/mind-the-gaps-what-the-stgabs27-set-can-teach-about-second-order-excited-state-methods-solvent-models-and-charge-transfer.pdf,HTTP 403 (publisher blocks scripted clients),W4411189229,HTTPError: 403 Client Error: Forbidden for url: https://chemrxiv.org/engage/api-gateway/chemrxiv/assets/orp/resource/item/68418fe3c1cb1ecda06d52ff/original/mind-the-gaps-what-the-stgabs27-set-can-teach-about-second-order-excited-state-methods-solvent-models-and-charge-transfer.pdf
10.26434/chemrxiv-2025-q6rfm,https://doi.org/10.26434/chemrxiv-2025-q6rfm,Cavity quantum electrodynamics complete active space self consistent field theory,2025,chemrxiv.org,https://chemrxiv.org/engage/api-gateway/chemrxiv/assets/orp/resource/item/67d9cd316dde43c90851a9cf/original/cavity-quantum-electrodynamics-complete-active-space-self-consistent-field-theory.pdf,HTTP 403 (publisher blocks scripted clients),W4408618187,1 PDF location(s) + Europe PMC tried; HTTPError: 403 Client Error: Forbidden for url: https://chemrxiv.org/engage/api-gateway/chemrxiv/assets/orp/resource/item/67d9cd316dde43c90851a9cf/original/cavity-quantum-electrodynamics-complete-active-space-self-consistent-field-theory.pdf | no Europe PMC OA f
10.26434/chemrxiv-2025-rz7bq,https://doi.org/10.26434/chemrxiv-2025-rz7bq,Density Matrix Embedding Pair-Density Functional Theory for Molecules,2025,chemrxiv.org,https://chemrxiv.org/engage/api-gateway/chemrxiv/assets/orp/resource/item/67d8a50381d2151a02bf94b8/original/density-matrix-embedding-pair-density-functional-theory-for-molecules.pdf,HTTP 403 (publisher blocks scripted clients),W4408656138,HTTPError: 403 Client Error: Forbidden for url: https://chemrxiv.org/engage/api-gateway/chemrxiv/assets/orp/resource/item/67d8a50381d2151a02bf94b8/original/density-matrix-embedding-pair-density-functional-theory-for-molecules.pdf
10.26434/chemrxiv-2025-s9zgq,https://doi.org/10.26434/chemrxiv-2025-s9zgq,Benchmarking density functional approximations in nonadiabatic dynamics: trans-cis isomerization in retinal model,2025,chemrxiv.org,https://chemrxiv.org/engage/api-gateway/chemrxiv/assets/orp/resource/item/687f3e2ffc5f0acb52670b39/original/benchmarking-density-functional-approximations-in-nonadiabatic-dynamics-trans-cis-isomerization-in-retinal-model.pdf,HTTP 403 (publisher blocks scripted clients),W4412646685,HTTPError: 403 Client Error: Forbidden for url: https://chemrxiv.org/engage/api-gateway/chemrxiv/assets/orp/resource/item/687f3e2ffc5f0acb52670b39/original/benchmarking-density-functional-approximations-in-nonadiabatic-dynamics-trans-cis-isomerization-in-retinal-model.pdf
10.26434/chemrxiv.10001518/v1,https://doi.org/10.26434/chemrxiv.10001518/v1,Automerization of Cyclobutadiene: Multi-Configuration Pair-Density Functional Theory Gives High Accuracy Where Unrestricted Kohn-Sham Density Functional Theory Does Not,2026,chemrxiv.org,https://chemrxiv.org/doi/pdf/10.26434/chemrxiv.10001518/v1,HTTP 403 (publisher blocks scripted clients),W7125474687,HTTPError: 403 Client Error: Forbidden for url: https://chemrxiv.org/doi/pdf/10.26434/chemrxiv.10001518/v1
10.26434/chemrxiv.11328128.v1,https://doi.org/10.26434/chemrxiv.11328128.v1,A Mountaineering Strategy to Excited States: Highly-Accurate Energies and Benchmarks for Medium Size Molecules,2019,chemrxiv.org,https://chemrxiv.org/ndownloader/files/20087567,HTTP 403 (publisher blocks scripted clients),W3216667813,HTTPError: 403 Client Error: Forbidden for url: https://chemrxiv.org/ndownloader/files/20087567
10.26434/chemrxiv.11378643,https://doi.org/10.26434/chemrxiv.11378643,Solvation and Speciation of Cobalt(II). A Theoretical X-Ray Absorption and RIXS Study,2019,chemrxiv.org,https://chemrxiv.org/engage/api-gateway/chemrxiv/assets/orp/resource/item/60c7479d702a9b458818ae14/original/solvation-and-speciation-of-cobalt-ii-a-theoretical-x-ray-absorption-and-rixs-study.pdf,HTTP 403 (publisher blocks scripted clients),W4239426447,HTTPError: 403 Client Error: Forbidden for url: https://chemrxiv.org/engage/api-gateway/chemrxiv/assets/orp/resource/item/60c7479d702a9b458818ae14/original/solvation-and-speciation-of-cobalt-ii-a-theoretical-x-ray-absorption-and-rixs-study.pdf
10.26434/chemrxiv.11446224,https://doi.org/10.26434/chemrxiv.11446224,Resolving the Quadruple Bonding Conundrum in C2 Using Insights Derived from Excited State Potential Energy Surfaces: A Molecular Orbital Perspective,2019,chemrxiv.org,https://chemrxiv.org/engage/api-gateway/chemrxiv/assets/orp/resource/item/60c746fbbdbb89c0e4a38cca/original/resolving-the-quadruple-bonding-conundrum-in-c2-using-insights-derived-from-excited-state-potential-energy-surfaces-a-molecular-orbital-perspective.pdf,no fetchable PDF and no Europe PMC full text,W4236777086,0 PDF location(s) + Europe PMC tried; no Europe PMC OA full text
10.26434/chemrxiv.11618127,https://doi.org/10.26434/chemrxiv.11618127,Locating Conical Intersections Using the Quasidegenerate Partially and Strongly Contracted NEVPT2 Methods,2020,chemrxiv.org,https://chemrxiv.org/engage/api-gateway/chemrxiv/assets/orp/resource/item/60c74833702a9b19bf18af2c/original/locating-conical-intersections-using-the-quasidegenerate-partially-and-strongly-contracted-nevpt2-methods.pdf,HTTP 403 (publisher blocks scripted clients),W4230493074,HTTPError: 403 Client Error: Forbidden for url: https://chemrxiv.org/engage/api-gateway/chemrxiv/assets/orp/resource/item/60c74833702a9b19bf18af2c/original/locating-conical-intersections-using-the-quasidegenerate-partially-and-strongly-contracted-nevpt2-methods.pdf
10.26434/chemrxiv.11618127.v1,https://doi.org/10.26434/chemrxiv.11618127.v1,Locating Conical Intersections Using the Quasidegenerate Partially and Strongly Contracted NEVPT2 Methods,2020,chemrxiv.org,https://chemrxiv.org/engage/api-gateway/chemrxiv/assets/orp/resource/item/60c747f24c89191c2fad2e32/original/locating-conical-intersections-using-the-quasidegenerate-partially-and-strongly-contracted-nevpt2-methods.pdf,HTTP 403 (publisher blocks scripted clients),W4241221138,HTTPError: 403 Client Error: Forbidden for url: https://chemrxiv.org/engage/api-gateway/chemrxiv/assets/orp/resource/item/60c747f24c89191c2fad2e32/original/locating-conical-intersections-using-the-quasidegenerate-partially-and-strongly-contracted-nevpt2-methods.pdf
10.26434/chemrxiv.11618127.v2,https://doi.org/10.26434/chemrxiv.11618127.v2,Locating Conical Intersections Using the Quasidegenerate Partially and Strongly Contracted NEVPT2 Methods,2020,chemrxiv.org,https://chemrxiv.org/ndownloader/files/21633156,HTTP 403 (publisher blocks scripted clients),W3212697169,HTTPError: 403 Client Error: Forbidden for url: https://chemrxiv.org/ndownloader/files/21633156
10.26434/chemrxiv.12411125.v1,https://doi.org/10.26434/chemrxiv.12411125.v1,"Chemical insights into the electronic structure of Fe(II) porphyrin using FCIQMC, DMRG, and generalized active spaces",2020,chemrxiv.org,https://chemrxiv.org/ndownloader/files/22867853,HTTP 403 (publisher blocks scripted clients),W4251548623,1 PDF location(s) + Europe PMC tried; HTTPError: 403 Client Error: Forbidden for url: https://chemrxiv.org/ndownloader/files/22867853 | no Europe PMC OA full text
10.26434/chemrxiv.12639974.v1,https://doi.org/10.26434/chemrxiv.12639974.v1,A New Release of MOPAC Incorporating the INDO/S Semiempirical Model with CI Excited States,2020,chemrxiv.org,https://chemrxiv.org/engage/api-gateway/chemrxiv/assets/orp/resource/item/60c74d9e842e6561a9db34cf/original/a-new-release-of-mopac-incorporating-the-indo-s-semiempirical-model-with-ci-excited-states.pdf,HTTP 403 (publisher blocks scripted clients),W3199257415,HTTPError: 403 Client Error: Forbidden for url: https://chemrxiv.org/engage/api-gateway/chemrxiv/assets/orp/resource/item/60c74d9e842e6561a9db34cf/original/a-new-release-of-mopac-incorporating-the-indo-s-semiempirical-model-with-ci-excited-states.pdf
10.26434/chemrxiv.12776222,https://doi.org/10.26434/chemrxiv.12776222,First Principle Investigations of Long-range Magnetic Exchange Interactions via Polyacene Coupler,2020,chemrxiv.org,https://chemrxiv.org/engage/api-gateway/chemrxiv/assets/orp/resource/item/60c753d9bb8c1a695c3dc124/original/first-principle-investigations-of-long-range-magnetic-exchange-interactions-via-polyacene-coupler.pdf,HTTP 403 (publisher blocks scripted clients),W4250738246,1 PDF location(s) + Europe PMC tried; HTTPError: 403 Client Error: Forbidden for url: https://chemrxiv.org/engage/api-gateway/chemrxiv/assets/orp/resource/item/60c753d9bb8c1a695c3dc124/original/first-principle-investigations-of-long-range-magnetic-exchange-interactions-via-polyacene-coupler.pdf | no
10.26434/chemrxiv.12776222.v1,https://doi.org/10.26434/chemrxiv.12776222.v1,First Principle Investigations of Long-range Magnetic Exchange Interactions via Polyacene Coupler,2020,chemrxiv.org,https://chemrxiv.org/engage/api-gateway/chemrxiv/assets/orp/resource/item/60c75398337d6c6875e288b1/original/first-principle-investigations-of-long-range-magnetic-exchange-interactions-via-polyacene-coupler.pdf,HTTP 403 (publisher blocks scripted clients),W4230937432,1 PDF location(s) + Europe PMC tried; HTTPError: 403 Client Error: Forbidden for url: https://chemrxiv.org/engage/api-gateway/chemrxiv/assets/orp/resource/item/60c75398337d6c6875e288b1/original/first-principle-investigations-of-long-range-magnetic-exchange-interactions-via-polyacene-coupler.pdf | no
10.26434/chemrxiv.12917930,https://doi.org/10.26434/chemrxiv.12917930,An Algorithm to Correct for the CASSCF Active Space in Multiscale QM/MM Calculations Based on Geometry Ensembles,2020,chemrxiv.org,https://chemrxiv.org/engage/api-gateway/chemrxiv/assets/orp/resource/item/60c74f85842e650257db3858/original/an-algorithm-to-correct-for-the-casscf-active-space-in-multiscale-qm-mm-calculations-based-on-geometry-ensembles.pdf,HTTP 403 (publisher blocks scripted clients),W4244969834,1 PDF location(s) + Europe PMC tried; HTTPError: 403 Client Error: Forbidden for url: https://chemrxiv.org/engage/api-gateway/chemrxiv/assets/orp/resource/item/60c74f85842e650257db3858/original/an-algorithm-to-correct-for-the-casscf-active-space-in-multiscale-qm-mm-calculations-based-on-geometry-ens
10.26434/chemrxiv.13002965,https://doi.org/10.26434/chemrxiv.13002965,An Automatic Differentiation and Diagrammatic Notation Approach for Developing Analytical Gradients of Tensor Hyper-Contracted Electronic Structure Methods,2020,chemrxiv.org,https://chemrxiv.org/ndownloader/files/24775604,HTTP 403 (publisher blocks scripted clients),W4246219129,HTTPError: 403 Client Error: Forbidden for url: https://chemrxiv.org/ndownloader/files/24775604
10.26434/chemrxiv.13106813.v1,https://doi.org/10.26434/chemrxiv.13106813.v1,Excited-State Geometry Optimization of Small Molecules with Many-Body Green's Functions Theory,2020,chemrxiv.org,https://chemrxiv.org/engage/api-gateway/chemrxiv/assets/orp/resource/item/60c750f9ee301c4656c7a982/original/excited-state-geometry-optimization-of-small-molecules-with-many-body-green-s-functions-theory.pdf,HTTP 403 (publisher blocks scripted clients),W4243851358,HTTPError: 403 Client Error: Forbidden for url: https://chemrxiv.org/engage/api-gateway/chemrxiv/assets/orp/resource/item/60c750f9ee301c4656c7a982/original/excited-state-geometry-optimization-of-small-molecules-with-many-body-green-s-functions-theory.pdf
10.26434/chemrxiv.13110212,https://doi.org/10.26434/chemrxiv.13110212,First-Principles Investigations of Magnetic Anisotropy and Spin-Crossover Behavior of Fe(III)-TBP Complexes,2020,chemrxiv.org,https://chemrxiv.org/engage/api-gateway/chemrxiv/assets/orp/resource/item/60c75108337d6c7fdfe28485/original/first-principles-investigations-of-magnetic-anisotropy-and-spin-crossover-behavior-of-fe-iii-tbp-complexes.pdf,HTTP 403 (publisher blocks scripted clients),W4252636531,1 PDF location(s) + Europe PMC tried; HTTPError: 403 Client Error: Forbidden for url: https://chemrxiv.org/engage/api-gateway/chemrxiv/assets/orp/resource/item/60c75108337d6c7fdfe28485/original/first-principles-investigations-of-magnetic-anisotropy-and-spin-crossover-behavior-of-fe-iii-tbp-complexes
10.26434/chemrxiv.13150820,https://doi.org/10.26434/chemrxiv.13150820,Reduced Scaling Formulation of CASPT2 Analytical Gradients Using the Supporting Subspace Method,2020,chemrxiv.org,https://chemrxiv.org/engage/api-gateway/chemrxiv/assets/orp/resource/item/60c751549abda2b487f8dbd5/original/reduced-scaling-formulation-of-caspt2-analytical-gradients-using-the-supporting-subspace-method.pdf,HTTP 403 (publisher blocks scripted clients),W4249035396,HTTPError: 403 Client Error: Forbidden for url: https://chemrxiv.org/engage/api-gateway/chemrxiv/assets/orp/resource/item/60c751549abda2b487f8dbd5/original/reduced-scaling-formulation-of-caspt2-analytical-gradients-using-the-supporting-subspace-method.pdf
10.26434/chemrxiv.13513881,https://doi.org/10.26434/chemrxiv.13513881,Auxiliary Atomic Relay Center Facilitates Enhanced Magnetic Couplings in Blatter’s Radical,2021,chemrxiv.org,https://chemrxiv.org/engage/api-gateway/chemrxiv/assets/orp/resource/item/60c753900f50dbd6da397bb1/original/auxiliary-atomic-relay-center-facilitates-enhanced-magnetic-couplings-in-blatter-s-radical.pdf,HTTP 403 (publisher blocks scripted clients),W4249470267,1 PDF location(s) + Europe PMC tried; HTTPError: 403 Client Error: Forbidden for url: https://chemrxiv.org/engage/api-gateway/chemrxiv/assets/orp/resource/item/60c753900f50dbd6da397bb1/original/auxiliary-atomic-relay-center-facilitates-enhanced-magnetic-couplings-in-blatter-s-radical.pdf | no Europe
10.26434/chemrxiv.14103740,https://doi.org/10.26434/chemrxiv.14103740,Electronic Structure of Ytterbium(III) Solvates – A Combined Spectro-scopic and Theoretical Study,2021,chemrxiv.org,https://chemrxiv.org/engage/api-gateway/chemrxiv/assets/orp/resource/item/60c75647ee301c4d5dc7b31b/original/electronic-structure-of-ytterbium-iii-solvates-a-combined-spectro-scopic-and-theoretical-study.pdf,HTTP 403 (publisher blocks scripted clients),W4254001482,1 PDF location(s) + Europe PMC tried; HTTPError: 403 Client Error: Forbidden for url: https://chemrxiv.org/engage/api-gateway/chemrxiv/assets/orp/resource/item/60c75647ee301c4d5dc7b31b/original/electronic-structure-of-ytterbium-iii-solvates-a-combined-spectro-scopic-and-theoretical-study.pdf | no Eu
10.26434/chemrxiv.14103740.v1,https://doi.org/10.26434/chemrxiv.14103740.v1,Electronic Structure of Ytterbium(III) Solvates – A Combined Spectro-scopic and Theoretical Study,2021,chemrxiv.org,https://chemrxiv.org/engage/api-gateway/chemrxiv/assets/orp/resource/item/60c75606567dfea1adec63be/original/electronic-structure-of-ytterbium-iii-solvates-a-combined-spectro-scopic-and-theoretical-study.pdf,no fetchable PDF and no Europe PMC full text,W4237968752,0 PDF location(s) + Europe PMC tried; no Europe PMC OA full text
10.26434/chemrxiv.14183039.v1,https://doi.org/10.26434/chemrxiv.14183039.v1,Role of Electronic Excited State in Kinetics of the CH2OO + SO2 ! HCHO + SO3 Reaction,2021,chemrxiv.org,https://chemrxiv.org/engage/api-gateway/chemrxiv/assets/orp/resource/item/60c755eb337d6c77cfe28d3d/original/role-of-electronic-excited-state-in-kinetics-of-the-ch2oo-so2-hcho-so3-reaction.pdf,HTTP 403 (publisher blocks scripted clients),W3137829036,HTTPError: 403 Client Error: Forbidden for url: https://chemrxiv.org/engage/api-gateway/chemrxiv/assets/orp/resource/item/60c755eb337d6c77cfe28d3d/original/role-of-electronic-excited-state-in-kinetics-of-the-ch2oo-so2-hcho-so3-reaction.pdf
10.26434/chemrxiv.14197457,https://doi.org/10.26434/chemrxiv.14197457,Analytic Gradients for Restricted Active Space Second-order Perturbation Theory (RASPT2),2021,chemrxiv.org,https://chemrxiv.org/engage/api-gateway/chemrxiv/assets/orp/resource/item/60c758c09abda253d3f8e981/original/analytic-gradients-for-restricted-active-space-second-order-perturbation-theory-raspt2.pdf,HTTP 403 (publisher blocks scripted clients),W4250507852,HTTPError: 403 Client Error: Forbidden for url: https://chemrxiv.org/engage/api-gateway/chemrxiv/assets/orp/resource/item/60c758c09abda253d3f8e981/original/analytic-gradients-for-restricted-active-space-second-order-perturbation-theory-raspt2.pdf
10.26434/chemrxiv.14197457.v1,https://doi.org/10.26434/chemrxiv.14197457.v1,Analytic Gradients for Complete and Restricted Active Space Second-order Perturbation Theory within the Diagonal Approximation,2021,chemrxiv.org,https://chemrxiv.org/engage/api-gateway/chemrxiv/assets/orp/resource/item/60c7583d337d6c972fe291dc/original/analytic-gradients-for-complete-and-restricted-active-space-second-order-perturbation-theory-within-the-diagonal-approximation.pdf,HTTP 403 (publisher blocks scripted clients),W3140649216,HTTPError: 403 Client Error: Forbidden for url: https://chemrxiv.org/engage/api-gateway/chemrxiv/assets/orp/resource/item/60c7583d337d6c972fe291dc/original/analytic-gradients-for-complete-and-restricted-active-space-second-order-perturbation-theory-within-the-diagonal-approximation.pdf
10.26434/chemrxiv.14197457.v2,https://doi.org/10.26434/chemrxiv.14197457.v2,Analytic Gradients for Restricted Active Space Second-order Perturbation Theory (RASPT2),2021,chemrxiv.org,https://chemrxiv.org/engage/api-gateway/chemrxiv/assets/orp/resource/item/60c7587e702a9b4e5718cd35/original/analytic-gradients-for-restricted-active-space-second-order-perturbation-theory-raspt2.pdf,HTTP 403 (publisher blocks scripted clients),W4236650175,HTTPError: 403 Client Error: Forbidden for url: https://chemrxiv.org/engage/api-gateway/chemrxiv/assets/orp/resource/item/60c7587e702a9b4e5718cd35/original/analytic-gradients-for-restricted-active-space-second-order-perturbation-theory-raspt2.pdf
10.26434/chemrxiv.14254289,https://doi.org/10.26434/chemrxiv.14254289,Revisiting the Electronic Structure of Cobalt-Porphyrin Nitrene and Carbene Radicals with NEVPT2-CASSCF Calculations: Doublet versus Quartet Ground States,2021,chemrxiv.org,https://chemrxiv.org/engage/api-gateway/chemrxiv/assets/orp/resource/item/60c7567a702a9be92318c8fe/original/revisiting-the-electronic-structure-of-cobalt-porphyrin-nitrene-and-carbene-radicals-with-nevpt2-casscf-calculations-doublet-versus-quartet-ground-states.pdf,HTTP 403 (publisher blocks scripted clients),W4243577789,1 PDF location(s) + Europe PMC tried; HTTPError: 403 Client Error: Forbidden for url: https://chemrxiv.org/engage/api-gateway/chemrxiv/assets/orp/resource/item/60c7567a702a9be92318c8fe/original/revisiting-the-electronic-structure-of-cobalt-porphyrin-nitrene-and-carbene-radicals-with-nevpt2-casscf-ca
10.26434/chemrxiv.14420255,https://doi.org/10.26434/chemrxiv.14420255,Tuning the Magnetic Properties of Diamagnetic Di-Blatter’s Zwitterion to Antiferro- and Ferromagnetic Diradical,2021,chemrxiv.org,https://chemrxiv.org/engage/api-gateway/chemrxiv/assets/orp/resource/item/60c7578e337d6c0a29e29049/original/tuning-the-magnetic-properties-of-diamagnetic-di-blatter-s-zwitterion-to-antiferro-and-ferromagnetic-diradical.pdf,HTTP 403 (publisher blocks scripted clients),W4246744234,1 PDF location(s) + Europe PMC tried; HTTPError: 403 Client Error: Forbidden for url: https://chemrxiv.org/engage/api-gateway/chemrxiv/assets/orp/resource/item/60c7578e337d6c0a29e29049/original/tuning-the-magnetic-properties-of-diamagnetic-di-blatter-s-zwitterion-to-antiferro-and-ferromagnetic-dirad
10.26434/chemrxiv.14524977,https://doi.org/10.26434/chemrxiv.14524977,A Theoretical Approach to Demystify the Role of Copper Salts and O2 in the Mechanism of C-N Bond Cleavage and Nitrogen Transfer,2021,chemrxiv.org,https://chemrxiv.org/engage/api-gateway/chemrxiv/assets/orp/resource/item/60c758350f50db9aa13983ef/original/a-theoretical-approach-to-demystify-the-role-of-copper-salts-and-o2-in-the-mechanism-of-c-n-bond-cleavage-and-nitrogen-transfer.pdf,no fetchable PDF and no Europe PMC full text,W4241806415,0 PDF location(s) + Europe PMC tried; no Europe PMC OA full text
10.26434/chemrxiv.14616714,https://doi.org/10.26434/chemrxiv.14616714,Multi-reference Approach to the Computation of Double-Core-Hole Spectra,2021,chemrxiv.org,https://chemrxiv.org/engage/api-gateway/chemrxiv/assets/orp/resource/item/60c758f9bb8c1ad11d3dcb34/original/multi-reference-approach-to-the-computation-of-double-core-hole-spectra.pdf,HTTP 403 (publisher blocks scripted clients),W4243572509,HTTPError: 403 Client Error: Forbidden for url: https://chemrxiv.org/engage/api-gateway/chemrxiv/assets/orp/resource/item/60c758f9bb8c1ad11d3dcb34/original/multi-reference-approach-to-the-computation-of-double-core-hole-spectra.pdf
10.26434/chemrxiv.14775096,https://doi.org/10.26434/chemrxiv.14775096,"Thionation of a Fluorescent Thieno[3,4-d]pyrimidine Derivative for the Development of a Heavy-Atom-Free Photosensitizer",2021,chemrxiv.org,https://chemrxiv.org/engage/api-gateway/chemrxiv/assets/orp/resource/item/60c9e3b1551c4f65b9c4c305/original/thionation-of-a-fluorescent-thieno-3-4-d-pyrimidine-derivative-for-the-development-of-a-heavy-atom-free-photosensitizer.pdf,HTTP 403 (publisher blocks scripted clients),W4253631037,HTTPError: 403 Client Error: Forbidden for url: https://chemrxiv.org/engage/api-gateway/chemrxiv/assets/orp/resource/item/60c9e3b1551c4f65b9c4c305/original/thionation-of-a-fluorescent-thieno-3-4-d-pyrimidine-derivative-for-the-development-of-a-heavy-atom-free-photosensitizer.pdf
10.26434/chemrxiv.15000007/v1,https://doi.org/10.26434/chemrxiv.15000007/v1,Trajectory Excited-State Dynamics Study of Pyrazine: Assessment of Potential Energy Surfaces and Simulation of Picosecond Timescales,2026,chemrxiv.org,https://chemrxiv.org/doi/pdf/10.26434/chemrxiv.15000007/v1,HTTP 403 (publisher blocks scripted clients),W7128719574,HTTPError: 403 Client Error: Forbidden for url: https://chemrxiv.org/doi/pdf/10.26434/chemrxiv.15000007/v1
10.26434/chemrxiv.15000617/v1,https://doi.org/10.26434/chemrxiv.15000617/v1,An uncontracted Epstein-Nesbet perturbation theory approximation to SC-NEVPT2 based on spin-pure selected CI wave functions,2026,chemrxiv.org,https://chemrxiv.org/doi/pdf/10.26434/chemrxiv.15000617/v1,HTTP 403 (publisher blocks scripted clients),W7133956661,HTTPError: 403 Client Error: Forbidden for url: https://chemrxiv.org/doi/pdf/10.26434/chemrxiv.15000617/v1
10.26434/chemrxiv.15000853/v1,https://doi.org/10.26434/chemrxiv.15000853/v1,Conical Intersection Induced Valley-Ridge Inflection Drives Chemiluminescence in the SO 2 Afterglow Reaction,2026,chemrxiv.org,https://chemrxiv.org/doi/pdf/10.26434/chemrxiv.15000853/v1,HTTP 403 (publisher blocks scripted clients),W7135073035,HTTPError: 403 Client Error: Forbidden for url: https://chemrxiv.org/doi/pdf/10.26434/chemrxiv.15000853/v1
10.26434/chemrxiv.15000921/v1,https://doi.org/10.26434/chemrxiv.15000921/v1,Automated Active Space Selection with CASCI Dipole Moments,2026,chemrxiv.org,https://chemrxiv.org/doi/pdf/10.26434/chemrxiv.15000921/v1,HTTP 403 (publisher blocks scripted clients),W7137319008,1 PDF location(s) + Europe PMC tried; HTTPError: 403 Client Error: Forbidden for url: https://chemrxiv.org/doi/pdf/10.26434/chemrxiv.15000921/v1 | no Europe PMC OA full text
10.26434/chemrxiv.15001736/v1,https://doi.org/10.26434/chemrxiv.15001736/v1,Modeling Xanthophyll Excited States via Cost-Effective Quantum Chemistry methods and Property-Based Diabatization,2026,chemrxiv.org,https://chemrxiv.org/doi/pdf/10.26434/chemrxiv.15001736/v1,HTTP 403 (publisher blocks scripted clients),W7152001626,HTTPError: 403 Client Error: Forbidden for url: https://chemrxiv.org/doi/pdf/10.26434/chemrxiv.15001736/v1
10.26434/chemrxiv.15002579/v2,https://doi.org/10.26434/chemrxiv.15002579/v2,NEVPT2 Multiple Spawning Molecular Dynamics Simulations for Uracil,2026,chemrxiv.org,https://chemrxiv.org/doi/pdf/10.26434/chemrxiv.15002579/v2,HTTP 403 (publisher blocks scripted clients),W7164903904,HTTPError: 403 Client Error: Forbidden for url: https://chemrxiv.org/doi/pdf/10.26434/chemrxiv.15002579/v2
10.26434/chemrxiv.15005727/v1,https://doi.org/10.26434/chemrxiv.15005727/v1,Mechanistic Insights into Luminol Chemiexcitation: The Role of the Amide Carbonyls,2026,chemrxiv.org,https://chemrxiv.org/doi/pdf/10.26434/chemrxiv.15005727/v1,HTTP 403 (publisher blocks scripted clients),W7167631966,HTTPError: 403 Client Error: Forbidden for url: https://chemrxiv.org/doi/pdf/10.26434/chemrxiv.15005727/v1
10.26434/chemrxiv.15005870/v1,https://doi.org/10.26434/chemrxiv.15005870/v1,Systematic Errors Begone! Yb(III) Electronic Structure Demands Dynamic Electron Correlations,2026,chemrxiv.org,https://chemrxiv.org/doi/pdf/10.26434/chemrxiv.15005870/v1,HTTP 403 (publisher blocks scripted clients),W7167819932,HTTPError: 403 Client Error: Forbidden for url: https://chemrxiv.org/doi/pdf/10.26434/chemrxiv.15005870/v1
10.26434/chemrxiv.5373964.v1,https://doi.org/10.26434/chemrxiv.5373964.v1,Ethynamine - Ketenimine - Acetonitrile - Rearrangements: A computational Study of Flash Vacuum Pyrolysis Processes,2017,chemrxiv.org,https://chemrxiv.org/articles/Ethynamine_-_Ketenimine_-_Acetonitrile_-_Rearrangements_A_computational_Study_of_Flash_Vacuum_Pyrolysis_Processes/5373964/files/9244534.pdf,HTTP 403 (publisher blocks scripted clients),W2755809068,HTTPError: 403 Client Error: Forbidden for url: https://chemrxiv.org/articles/Ethynamine_-_Ketenimine_-_Acetonitrile_-_Rearrangements_A_computational_Study_of_Flash_Vacuum_Pyrolysis_Processes/5373964/files/9244534.pdf
10.26434/chemrxiv.7195370,https://doi.org/10.26434/chemrxiv.7195370,On the Role of Valence and Semi-Core Electron Correlation on Spin-Gaps in Fe(II)-Porphyrins,2018,chemrxiv.org,https://chemrxiv.org/engage/api-gateway/chemrxiv/assets/orp/resource/item/60c73ef6567dfe37ffec38f0/original/on-the-role-of-valence-and-semi-core-electron-correlation-on-spin-gaps-in-fe-ii-porphyrins.pdf,HTTP 403 (publisher blocks scripted clients),W4246110430,1 PDF location(s) + Europe PMC tried; HTTPError: 403 Client Error: Forbidden for url: https://chemrxiv.org/engage/api-gateway/chemrxiv/assets/orp/resource/item/60c73ef6567dfe37ffec38f0/original/on-the-role-of-valence-and-semi-core-electron-correlation-on-spin-gaps-in-fe-ii-porphyrins.pdf | no Europe
10.26434/chemrxiv.8298776,https://doi.org/10.26434/chemrxiv.8298776,Analytic First-Order Derivatives of Partially Contracted N-Electron Valence State Second-Order Perturbation Theory (PC-NEVPT2),2019,chemrxiv.org,https://chemrxiv.org/engage/api-gateway/chemrxiv/assets/orp/resource/item/60c743b5567dfef0e1ec4178/original/analytic-first-order-derivatives-of-partially-contracted-n-electron-valence-state-second-order-perturbation-theory-pc-nevpt2.pdf,HTTP 403 (publisher blocks scripted clients),W4244047704,HTTPError: 403 Client Error: Forbidden for url: https://chemrxiv.org/engage/api-gateway/chemrxiv/assets/orp/resource/item/60c743b5567dfef0e1ec4178/original/analytic-first-order-derivatives-of-partially-contracted-n-electron-valence-state-second-order-perturbation-theory-pc-nevpt2.pdf
10.26434/chemrxiv.8298776.v2,https://doi.org/10.26434/chemrxiv.8298776.v2,Analytic First-Order Derivatives of Partially Contracted N-Electron Valence State Second-Order Perturbation Theory (PC-NEVPT2),2019,chemrxiv.org,https://chemrxiv.org/ndownloader/files/16763279,HTTP 403 (publisher blocks scripted clients),W4245457148,HTTPError: 403 Client Error: Forbidden for url: https://chemrxiv.org/ndownloader/files/16763279
10.26434/chemrxiv.8965973,https://doi.org/10.26434/chemrxiv.8965973,Spin State Ordering in Metal-Based Compounds Using the Localized Active Space Self-Consistent Field Method,2019,chemrxiv.org,https://chemrxiv.org/engage/api-gateway/chemrxiv/assets/orp/resource/item/60c7432f842e65dbd9db21eb/original/spin-state-ordering-in-metal-based-compounds-using-the-localized-active-space-self-consistent-field-method.pdf,HTTP 403 (publisher blocks scripted clients),W4239159850,1 PDF location(s) + Europe PMC tried; HTTPError: 403 Client Error: Forbidden for url: https://chemrxiv.org/engage/api-gateway/chemrxiv/assets/orp/resource/item/60c7432f842e65dbd9db21eb/original/spin-state-ordering-in-metal-based-compounds-using-the-localized-active-space-self-consistent-field-method
10.26434/chemrxiv.9108527,https://doi.org/10.26434/chemrxiv.9108527,A Heterogeneous CPU + GPU Algorithm for Variational Two-Electron Reduced-Density Matrix Driven Complete Active Space Self-Consistent Field Theory,2019,chemrxiv.org,https://chemrxiv.org/ndownloader/files/16610963,HTTP 403 (publisher blocks scripted clients),W4253033103,1 PDF location(s) + Europe PMC tried; HTTPError: 403 Client Error: Forbidden for url: https://chemrxiv.org/ndownloader/files/16610963 | no Europe PMC OA full text
10.33774/chemrxiv-2021-2wzq7,https://doi.org/10.33774/chemrxiv-2021-2wzq7,Excited States of Xanthophylls Revisited: Towards the Simulation of Biologically Relevant Systems,2021,chemrxiv.org,https://chemrxiv.org/engage/api-gateway/chemrxiv/assets/orp/resource/item/60d2edfdfca4906986c8a726/original/excited-states-of-xanthophylls-revisited-towards-the-simulation-of-biologically-relevant-systems.pdf,HTTP 403 (publisher blocks scripted clients),W3174725406,HTTPError: 403 Client Error: Forbidden for url: https://chemrxiv.org/engage/api-gateway/chemrxiv/assets/orp/resource/item/60d2edfdfca4906986c8a726/original/excited-states-of-xanthophylls-revisited-towards-the-simulation-of-biologically-relevant-systems.pdf
10.33774/chemrxiv-2021-3p2sx,https://doi.org/10.33774/chemrxiv-2021-3p2sx,Excited States of Crystalline Point Defects with Multireference Density Matrix Embedding Theory,2021,chemrxiv.org,https://chemrxiv.org/engage/api-gateway/chemrxiv/assets/orp/resource/item/61573330b19c7e7e0de683dd/original/excited-states-of-crystalline-point-defects-with-multireference-density-matrix-embedding-theory.pdf,HTTP 403 (publisher blocks scripted clients),W3209299499,1 PDF location(s) + Europe PMC tried; HTTPError: 403 Client Error: Forbidden for url: https://chemrxiv.org/engage/api-gateway/chemrxiv/assets/orp/resource/item/61573330b19c7e7e0de683dd/original/excited-states-of-crystalline-point-defects-with-multireference-density-matrix-embedding-theory.pdf | no E
10.33774/chemrxiv-2021-dnhxj,https://doi.org/10.33774/chemrxiv-2021-dnhxj,"High-pressure reaction profiles and activation volumes of 1,3-cyclohexadiene dimerizations computed by the extreme pressure-polarizable continuum model (XP-PCM)",2021,chemrxiv.org,https://chemrxiv.org/engage/api-gateway/chemrxiv/assets/orp/resource/item/61310da7fc08e3e0548929f2/original/high-pressure-reaction-profiles-and-activation-volumes-of-1-3-cyclohexadiene-dimerizations-computed-by-the-extreme-pressure-polarizable-continuum-model-xp-pcm.pdf,HTTP 403 (publisher blocks scripted clients),W3201770466,HTTPError: 403 Client Error: Forbidden for url: https://chemrxiv.org/engage/api-gateway/chemrxiv/assets/orp/resource/item/61310da7fc08e3e0548929f2/original/high-pressure-reaction-profiles-and-activation-volumes-of-1-3-cyclohexadiene-dimerizations-computed-by-the-extreme-pressure-polarizable-continuu
10.33774/chemrxiv-2021-h3qk7,https://doi.org/10.33774/chemrxiv-2021-h3qk7,Deciphering the role of anions and secondary coordination sphere in tuning anisotropy in Dy(III) air-stable D5h SIMs,2021,chemrxiv.org,https://chemrxiv.org/engage/api-gateway/chemrxiv/assets/orp/resource/item/6152b5641df4a169bb7f1377/original/deciphering-the-role-of-anions-and-secondary-coordination-sphere-in-tuning-anisotropy-in-dy-iii-air-stable-d5h-si-ms.pdf,no fetchable PDF and no Europe PMC full text,W3208537338,0 PDF location(s) + Europe PMC tried; no Europe PMC OA full text
10.33774/chemrxiv-2021-pjvv1-v3,https://doi.org/10.33774/chemrxiv-2021-pjvv1-v3,Machine-Learned Energy Functionals for Strongly Correlated Systems,2021,chemrxiv.org,https://chemrxiv.org/engage/api-gateway/chemrxiv/assets/orp/resource/item/60da8ca3b361520b12025475/original/machine-learned-energy-functionals-for-strongly-correlated-systems.pdf,HTTP 403 (publisher blocks scripted clients),W4250790831,1 PDF location(s) + Europe PMC tried; HTTPError: 403 Client Error: Forbidden for url: https://chemrxiv.org/engage/api-gateway/chemrxiv/assets/orp/resource/item/60da8ca3b361520b12025475/original/machine-learned-energy-functionals-for-strongly-correlated-systems.pdf | no Europe PMC OA full text
10.33774/chemrxiv-2021-vzp57,https://doi.org/10.33774/chemrxiv-2021-vzp57,Nonadiabatic Molecular Dynamics by Multiconfiguration Pair-Density Functional Theory,2021,chemrxiv.org,https://chemrxiv.org/engage/api-gateway/chemrxiv/assets/orp/resource/item/616de8350ad1ffa9699a35a5/original/nonadiabatic-molecular-dynamics-by-multiconfiguration-pair-density-functional-theory.pdf,HTTP 403 (publisher blocks scripted clients),W3207126477,HTTPError: 403 Client Error: Forbidden for url: https://chemrxiv.org/engage/api-gateway/chemrxiv/assets/orp/resource/item/616de8350ad1ffa9699a35a5/original/nonadiabatic-molecular-dynamics-by-multiconfiguration-pair-density-functional-theory.pdf
10.33774/chemrxiv-2021-xr3x5,https://doi.org/10.33774/chemrxiv-2021-xr3x5,Dipole Moment Calculations Using Multiconfiguration Pair-Density Functional Theory and Hybrid Multiconfiguration Pair-Density Functional Theory,2021,chemrxiv.org,https://chemrxiv.org/engage/api-gateway/chemrxiv/assets/orp/resource/item/613eda3d27d90665ef85e626/original/dipole-moment-calculations-using-multiconfiguration-pair-density-functional-theory-and-hybrid-multiconfiguration-pair-density-functional-theory.pdf,HTTP 403 (publisher blocks scripted clients),W3202333128,1 PDF location(s) + Europe PMC tried; HTTPError: 403 Client Error: Forbidden for url: https://chemrxiv.org/engage/api-gateway/chemrxiv/assets/orp/resource/item/613eda3d27d90665ef85e626/original/dipole-moment-calculations-using-multiconfiguration-pair-density-functional-theory-and-hybrid-multiconfigu
10.1021/ja106329t,https://doi.org/10.1021/ja106329t,Through-Bond Interactions in the Diradical Intermediates Formed in the Rearrangements of Bicyclo[<i>n</i>.<i>m</i>.0]alkatetraenes,2010,digital.library.unt.edu,https://digital.library.unt.edu/ark:/67531/metadc71806/m2/1/high_res_d/ja106329t.pdf,"HTML landing page, not a PDF",W2042297306,ValueError: response is not a PDF (probably an HTML landing page)
10.1021/jp905462b,https://doi.org/10.1021/jp905462b,Calculations of the Relative Energies of the <sup>2</sup>B<sub>1g</sub> and <sup>2</sup>A<sub>2u</sub> States of Cyclobutanetetraone Radical Cation and Radical Anion Provide Further Evidence of a <sup>3</sup>B<sub>2u</sub> Ground State for the Neutral Molecule: A Proposed Experimental Test of the Prediction of a Triplet Ground State for (CO)<sub>4</sub>,2009,digital.library.unt.edu,https://digital.library.unt.edu/ark:/67531/metadc71812/m2/1/high_res_d/jp905462b.pdf,"HTML landing page, not a PDF",W2074929265,ValueError: response is not a PDF (probably an HTML landing page)
10.12794/metadc822795,https://doi.org/10.12794/metadc822795,The Impact of Computational Methods on Transition Metal-containing Species,2015,digital.library.unt.edu,https://digital.library.unt.edu/ark:/67531/metadc822795/m2/1/high_res_d/dissertation.pdf,no fetchable PDF and no Europe PMC full text,W2547700475,0 PDF location(s) + Europe PMC tried; no Europe PMC OA full text
10.15278/isms.2014.mk09,https://doi.org/10.15278/isms.2014.mk09,NEW LINE LISTS FOR ROVIBRATIONAL AND ROTATIONAL TRANSITIONS WITHIN THE NH X3Σ− AND OH X2Π GROUND STATES,2014,digitalcommons.odu.edu,https://digitalcommons.odu.edu/chemistry_fac_pubs/317,"HTML landing page, not a PDF",W2014368069,ValueError: response is not a PDF (probably an HTML landing page)
10.1021/acs.inorgchem.7b00701,https://doi.org/10.1021/acs.inorgchem.7b00701,Tunable Magnetization Dynamics through Solid-State Ligand Substitution Reaction,2017,diposit.ub.edu,https://diposit.ub.edu/dspace/bitstream/2445/142918/1/673807.pdf,HTTP 404 (OA link dead),W2735840947,1 PDF location(s) + Europe PMC tried; HTTPError: 404 Client Error: Not found for url: https://diposit.ub.edu/dspace/bitstream/2445/142918/1/673807.pdf | no Europe PMC OA full text
10.1021/acs.inorgchem.7b00877,https://doi.org/10.1021/acs.inorgchem.7b00877,Influence of the Disposition of the Anisotropy Axes into the Magnetic Properties of Mn<sup>III</sup> Dinuclear Compounds with Benzoato Derivative Bridges,2017,diposit.ub.edu,https://diposit.ub.edu/dspace/bitstream/2445/154604/1/673808.pdf,HTTP 404 (OA link dead),W2644611874,1 PDF location(s) + Europe PMC tried; HTTPError: 404 Client Error: Not found for url: https://diposit.ub.edu/dspace/bitstream/2445/154604/1/673808.pdf | no Europe PMC OA full text
10.1021/acs.inorgchem.8b00427,https://doi.org/10.1021/acs.inorgchem.8b00427,Designing a Dy<sub>2</sub> Single-Molecule Magnet with Two Well-Differentiated Relaxation Processes by Using a Nonsymmetric Bis-bidentate Bipyrimidine-<i>N</i>-Oxide Ligand: A Comparison with Mononuclear Counterparts,2018,diposit.ub.edu,https://diposit.ub.edu/dspace/bitstream/2445/154822/1/681814.pdf,HTTP 404 (OA link dead),W2803762822,HTTPError: 404 Client Error: Not found for url: https://diposit.ub.edu/dspace/bitstream/2445/154822/1/681814.pdf
10.1021/acs.inorgchem.8b01688,https://doi.org/10.1021/acs.inorgchem.8b01688,"Mononuclear Lanthanide Complexes with 18-Crown-6 Ether: Synthesis, Characterization, Magnetic Properties, and Theoretical Studies",2018,diposit.ub.edu,https://diposit.ub.edu/dspace/bitstream/2445/154825/1/685745.pdf,HTTP 404 (OA link dead),W2898546387,1 PDF location(s) + Europe PMC tried; HTTPError: 404 Client Error: Not found for url: https://diposit.ub.edu/dspace/bitstream/2445/154825/1/685745.pdf | no Europe PMC OA full text
10.1021/acs.inorgchem.8b01821,https://doi.org/10.1021/acs.inorgchem.8b01821,Benchmarking Density Functional Methods for Calculation of State Energies of First Row Spin-Crossover Molecules,2018,diposit.ub.edu,https://diposit.ub.edu/dspace/bitstream/2445/154824/1/685743.pdf,HTTP 404 (OA link dead),W2898657291,HTTPError: 404 Client Error: Not found for url: https://diposit.ub.edu/dspace/bitstream/2445/154824/1/685743.pdf
10.1021/ct5010388,https://doi.org/10.1021/ct5010388,Polarizable QM/MM Multiconfiguration Self-Consistent Field Approach with State-Specific Corrections: Environment Effects on Cytosine Absorption Spectrum,2015,diposit.ub.edu,https://diposit.ub.edu/dspace/bitstream/2445/175533/1/650773.pdf,HTTP 404 (OA link dead),W2080554238,1 PDF location(s) + Europe PMC tried; HTTPError: 404 Client Error: Not found for url: https://diposit.ub.edu/dspace/bitstream/2445/175533/1/650773.pdf | no Europe PMC OA full text
10.1021/jp306218z,https://doi.org/10.1021/jp306218z,"Theoretical Study of the Dynamics and Kinetics of the O + CS → CO + S Chemical Laser Reaction, Where CO Shows a Very High Vibrational Excitation",2012,diposit.ub.edu,https://diposit.ub.edu/dspace/bitstream/2445/163617/1/617283.pdf,HTTP 404 (OA link dead),W2323243234,HTTPError: 404 Client Error: Not found for url: https://diposit.ub.edu/dspace/bitstream/2445/163617/1/617283.pdf
10.1063/1.1385151,https://doi.org/10.1063/1.1385151,"<i>Ab initio</i>, variational transition state theory and quasiclassical trajectory study on the lowest A′2 potential energy surface involved in the N(2D)+O2(X 3Σg−)→O(3P)+NO(X 2Π) atmospheric reaction",2001,diposit.ub.edu,https://diposit.ub.edu/dspace/bitstream/2445/164268/1/188614.pdf,HTTP 404 (OA link dead),W1993273103,1 PDF location(s) + Europe PMC tried; HTTPError: 404 Client Error: Not found for url: https://diposit.ub.edu/dspace/bitstream/2445/164268/1/188614.pdf | no Europe PMC OA full text
10.1002/cptc.201900072,https://doi.org/10.1002/cptc.201900072,Photophysics of Emissive <sup>tz</sup>C[Isothiazolo‐Cytidine] and <sup>tz</sup>U[Isothiazolo‐Uridine] Pyrimidine Analogues,2019,doi-org.ez67.periodicos.capes.gov.br,https://doi-org.ez67.periodicos.capes.gov.br/10.1002/cptc.201900072,no fetchable PDF and no Europe PMC full text,W2944748202,0 PDF location(s) + Europe PMC tried; no Europe PMC OA full text
10.1002/advs.202600075,https://doi.org/10.1002/advs.202600075,Metal (n+1)p‐nd Orbital Hybridization and Excited‐State Metal–Ligand π‐Interactions Enable d <sup>10</sup> Carbene‐Metal‐Amide TADF OLEDs with High Efficiency and Long Operational Lifetime,2026,doi.org,https://doi.org/10.1002/advs.202600075,HTTP 403 (publisher blocks scripted clients),W7166536426,HTTPError: 403 Client Error: Forbidden for url: https://advanced.onlinelibrary.wiley.com/doi/10.1002/advs.202600075
10.1002/ange.202513772,https://doi.org/10.1002/ange.202513772,"Bicyclo[1.1.0]tetragerman‐2,4‐diid‐Diradikaloid",2025,doi.org,https://doi.org/10.1002/ange.202513772,no fetchable PDF and no Europe PMC full text,W4413253959,0 PDF location(s) + Europe PMC tried; no Europe PMC OA full text
10.1002/ange.202517979,https://doi.org/10.1002/ange.202517979,Absolute Configuration Determination with Electronically Enhanced Vibrational Circular Dichroism,2025,doi.org,https://doi.org/10.1002/ange.202517979,no fetchable PDF and no Europe PMC full text,W4416299991,0 PDF location(s) + Europe PMC tried; no Europe PMC OA full text
10.1002/ange.202522076,https://doi.org/10.1002/ange.202522076,Nutzen der 3d‐4f Koordination: Molekulares Quanten‐Feder‐Magnet‐Verhalten in axialen Ni <sub>2</sub> Ln Komplexen,2025,doi.org,https://doi.org/10.1002/ange.202522076,no fetchable PDF and no Europe PMC full text,W7116751922,0 PDF location(s) + Europe PMC tried; no Europe PMC OA full text
10.1002/anie.202215840,https://doi.org/10.1002/anie.202215840,Fully Delocalized Mixed‐Valent Cu <sup>1.5</sup> Cu <sup>1.5</sup> Complex: Strong Cu‐Cu interaction and Fast Electron Self‐Exchange Rate Despite Large Structural Changes**,2022,doi.org,https://doi.org/10.1002/anie.202215840,no fetchable PDF and no Europe PMC full text,W4311203425,0 PDF location(s) + Europe PMC tried; no Europe PMC OA full text
10.1002/cptc.202200010,https://doi.org/10.1002/cptc.202200010,Light‐Driven Multi‐Charge Separation in a Push‐Pull Ruthenium‐Based Photosensitizer – Assessed by RASSCF and TDDFT Simulations,2022,doi.org,https://doi.org/10.1002/cptc.202200010,HTTP 403 (publisher blocks scripted clients),W4211037759,HTTPError: 403 Client Error: Forbidden for url: https://chemistry-europe.onlinelibrary.wiley.com/doi/10.1002/cptc.202200010
10.1002/cptc.202200142,https://doi.org/10.1002/cptc.202200142,Revisiting Ligand‐to‐Ligand Charge Transfer Phosphorescence Emission from Zinc(II) Diimine Bis‐Thiolate Complexes: It is Actually Thermally Activated Delayed Fluorescence,2022,doi.org,https://doi.org/10.1002/cptc.202200142,HTTP 403 (publisher blocks scripted clients),W4294585605,HTTPError: 403 Client Error: Forbidden for url: https://chemistry-europe.onlinelibrary.wiley.com/doi/10.1002/cptc.202200142
10.1002/ntls.20210088,https://doi.org/10.1002/ntls.20210088,When experiment challenges theory: Scattering of vibrationally excited molecules in the cold collision energy regime,2021,doi.org,https://doi.org/10.1002/ntls.20210088,HTTP 403 (publisher blocks scripted clients),W3213580730,HTTPError: 403 Client Error: Forbidden for url: https://onlinelibrary.wiley.com/doi/10.1002/ntls.20210088
10.1002/vjch.70062,https://doi.org/10.1002/vjch.70062,Exploring the low‐lying states of CrB <i> <sub>n</sub> </i> <sup>−/0/+</sup> ( <i>n</i> = 1–3) clusters using DMRG‐CASPT2 method,2025,doi.org,https://doi.org/10.1002/vjch.70062,HTTP 403 (publisher blocks scripted clients),W4413366155,HTTPError: 403 Client Error: Forbidden for url: https://onlinelibrary.wiley.com/doi/10.1002/vjch.70062
10.1007/978-3-031-51443-2_8,https://doi.org/10.1007/978-3-031-51443-2_8,"Some “Special” Topics: (8.1) Solvation, (8.2) Singlet Diradicals, and (8.3) a Note on Heavy Atoms and Transition Metals",2024,doi.org,https://doi.org/10.1007/978-3-031-51443-2_8,no fetchable PDF and no Europe PMC full text,W4399349707,0 PDF location(s) + Europe PMC tried; no Europe PMC OA full text
10.1007/978-3-319-30916-3_8,https://doi.org/10.1007/978-3-319-30916-3_8,"Some “Special” Topics: (Section 8.1) Solvation, (Section 8.2) Singlet Diradicals, (Section 8.3) A Note on Heavy Atoms and Transition Metals",2016,doi.org,https://doi.org/10.1007/978-3-319-30916-3_8,no fetchable PDF and no Europe PMC full text,W2522286111,0 PDF location(s) + Europe PMC tried; no Europe PMC OA full text
10.1007/s002140050084,https://doi.org/10.1007/s002140050084,The internal rotational barrier of biphenyl studied with multiconfigurational second-order perturbation theory (CASPT2),1995,doi.org,https://doi.org/10.1007/s002140050084,HTTP 409,W4237892218,HTTPError: 409 Client Error: Conflict for url: http://link.springer.de/link/service/journals/00214/bibs/5091001/50910017.htm
10.1007/s002140050090,https://doi.org/10.1007/s002140050090,A CASPT2 study of the valence and lowest Rydberg electronic states of benzene and phenol,1995,doi.org,https://doi.org/10.1007/s002140050090,HTTP 409,W4256132225,HTTPError: 409 Client Error: Conflict for url: http://link.springer.de/link/service/journals/00214/bibs/5091001/50910091.htm
10.1007/s002140050122,https://doi.org/10.1007/s002140050122,A vibrational CASSCF study of stretch–bend interactions and their influence on infrared intensities in the water molecule,1995,doi.org,https://doi.org/10.1007/s002140050122,no fetchable PDF and no Europe PMC full text,W4254546669,0 PDF location(s) + Europe PMC tried; no Europe PMC OA full text
10.1007/s002140050178,https://doi.org/10.1007/s002140050178,"Exact transformations of CI spaces, VB representations of CASSCF wavefunctions and the optimization of VB wavefunctions",1996,doi.org,https://doi.org/10.1007/s002140050178,no fetchable PDF and no Europe PMC full text,W4230199910,0 PDF location(s) + Europe PMC tried; no Europe PMC OA full text
10.1007/s00894-014-2285-6,https://doi.org/10.1007/s00894-014-2285-6,The low-lying electronic states of ReB,2014,doi.org,http://doi.org/DOI 10.1007/s00894-014-2285-6,no fetchable PDF and no Europe PMC full text,W2039150030,0 PDF location(s) + Europe PMC tried; no Europe PMC OA full text
10.1016/j.cegh.2022.101206,https://doi.org/10.1016/j.cegh.2022.101206,"Evaluation of health literacy and medication regimen complexity index among patients with human immunodeficiency virus infection: A single-Centre, prospective, cross-sectional study",2022,doi.org,https://doi.org/10.1016/j.cegh.2022.101206,"HTML landing page, not a PDF",W4313399999,ValueError: response is not a PDF (probably an HTML landing page)
10.1016/j.combustflame.2025.114232,https://doi.org/10.1016/j.combustflame.2025.114232,A theoretical kinetic study of ĊH3 + ṄH2: From electronic structure to NH3/CH4 combustion modelling implications,2025,doi.org,https://doi.org/10.1016/j.combustflame.2025.114232,"HTML landing page, not a PDF",W4410554926,ValueError: response is not a PDF (probably an HTML landing page)
10.1016/j.combustflame.2026.115037,https://doi.org/10.1016/j.combustflame.2026.115037,Understanding the formation of nitrogen-containing products in pyrrole pyrolysis,2026,doi.org,https://doi.org/10.1016/j.combustflame.2026.115037,"HTML landing page, not a PDF",W7160596091,ValueError: response is not a PDF (probably an HTML landing page)
10.1016/j.cplett.2025.142096,https://doi.org/10.1016/j.cplett.2025.142096,The application of Dyall Hamiltonian-based MRPT2 in high-lying electronically excited state calculations,2025,doi.org,https://doi.org/10.1016/j.cplett.2025.142096,"HTML landing page, not a PDF",W4409838689,ValueError: response is not a PDF (probably an HTML landing page)
10.1016/j.cplett.2026.142825,https://doi.org/10.1016/j.cplett.2026.142825,Correcting Rydberg excitations in argon clusters: From trimer to excimer localisation,2026,doi.org,https://doi.org/10.1016/j.cplett.2026.142825,"HTML landing page, not a PDF",W4403623931,ValueError: response is not a PDF (probably an HTML landing page)
10.1016/j.farma.2024.09.009,https://doi.org/10.1016/j.farma.2024.09.009,Dual trajectories of polypharmacy and medication regimen complexity index in people living with HIV in Spain,2024,doi.org,https://doi.org/10.1016/j.farma.2024.09.009,"HTML landing page, not a PDF",W4405100097,ValueError: response is not a PDF (probably an HTML landing page)
10.1016/j.farma.2025.02.003,https://doi.org/10.1016/j.farma.2025.02.003,[Artículo traducido] Trayectorias duales de polifarmacia e índice de complejidad farmacoterapéutico en personas que viven con infección por el virus de la inmunodeficiencia humana en España,2025,doi.org,https://doi.org/10.1016/j.farma.2025.02.003,"HTML landing page, not a PDF",W4408859396,ValueError: response is not a PDF (probably an HTML landing page)
10.1016/j.jcomdis.2024.106452,https://doi.org/10.1016/j.jcomdis.2024.106452,"Comprehension of Miranda warnings in adults with chronic, moderate-severe traumatic brain injury",2024,doi.org,https://doi.org/10.1016/j.jcomdis.2024.106452,"HTML landing page, not a PDF",W4400640310,ValueError: response is not a PDF (probably an HTML landing page)
10.1016/j.jlumin.2018.02.066,https://doi.org/10.1016/j.jlumin.2018.02.066,Light and nucleobases: A good interaction for everybody,2018,doi.org,https://doi.org/10.1016/j.jlumin.2018.02.066,"HTML landing page, not a PDF",W2795323846,ValueError: response is not a PDF (probably an HTML landing page)
10.1016/j.jmgm.2023.108562,https://doi.org/10.1016/j.jmgm.2023.108562,Quantum computations in heavy noble-gas hydride cations: Reference energies and new spectroscopic data,2023,doi.org,https://doi.org/10.1016/j.jmgm.2023.108562,"HTML landing page, not a PDF",W4383498297,ValueError: response is not a PDF (probably an HTML landing page)
10.1016/j.jms.2024.111902,https://doi.org/10.1016/j.jms.2024.111902,"A new look at N <mml:math xmlns:mml=""http://www.w3.org/1998/Math/MathML"" altimg=""si86.svg"" display=""inline"" id=""d1e4036""> <mml:msubsup> <mml:mrow/> <mml:mrow> <mml:mn>2</mml:mn> </mml:mrow> <mml:mrow> <mml:mo>+</mml:mo> </mml:mrow> </mml:msubsup> </mml:math> electronic transitions: An experimental and theoretical study",2024,doi.org,https://doi.org/10.1016/j.jms.2024.111902,"HTML landing page, not a PDF",W4393320699,ValueError: response is not a PDF (probably an HTML landing page)
10.1016/j.jms.2025.112034,https://doi.org/10.1016/j.jms.2025.112034,"Calculated <mml:math xmlns:mml=""http://www.w3.org/1998/Math/MathML"" altimg=""si340.svg"" display=""inline"" id=""d1e6310""> <mml:mrow> <mml:mn>14</mml:mn> <mml:mtext>N</mml:mtext> <mml:mn>2</mml:mn> </mml:mrow> </mml:math> <mml:math xmlns:mml=""http://www.w3.org/1998/Math/MathML"" altimg=""si341.svg"" display=""inline"" id=""d1e6320""> <mml:mrow> <mml:mn>16</mml:mn> <mml:mtext>O</mml:mtext> </mml:mrow> </mml:math> line intensities using Radau coordinates and an accurate potential energy surface",2025,doi.org,https://doi.org/10.1016/j.jms.2025.112034,"HTML landing page, not a PDF",W4412657479,ValueError: response is not a PDF (probably an HTML landing page)
10.1016/j.jqsrt.2024.108924,https://doi.org/10.1016/j.jqsrt.2024.108924,Ab initio calculations on spectroscopic and transition properties of NaHe including spin-orbit coupling,2024,doi.org,https://doi.org/10.1016/j.jqsrt.2024.108924,no fetchable PDF and no Europe PMC full text,W4391511816,0 PDF location(s) + Europe PMC tried; no Europe PMC OA full text
10.1016/j.jqsrt.2024.109000,https://doi.org/10.1016/j.jqsrt.2024.109000,"Transition probabilities and radiative lifetimes of C<mml:math xmlns:mml=""http://www.w3.org/1998/Math/MathML"" altimg=""si134.svg"" display=""inline"" id=""d1e5382""><mml:msubsup><mml:mrow/><mml:mrow><mml:mn>2</mml:mn></mml:mrow><mml:mrow><mml:mo>−</mml:mo></mml:mrow></mml:msubsup></mml:math>: A high level theoretical investigation",2024,doi.org,https://doi.org/10.1016/j.jqsrt.2024.109000,"HTML landing page, not a PDF",W4394769723,ValueError: response is not a PDF (probably an HTML landing page)
10.1016/j.jqsrt.2025.109510,https://doi.org/10.1016/j.jqsrt.2025.109510,CO line intensities: Towards subpercent accuracy of intensities of all bands,2025,doi.org,https://doi.org/10.1016/j.jqsrt.2025.109510,"HTML landing page, not a PDF",W4411334567,ValueError: response is not a PDF (probably an HTML landing page)
10.1016/j.molliq.2025.128037,https://doi.org/10.1016/j.molliq.2025.128037,Tamsulosin–water interactions and electronic absorption in aqueous solution: Insights from first-principles molecular dynamics,2025,doi.org,https://doi.org/10.1016/j.molliq.2025.128037,"HTML landing page, not a PDF",W4411870068,ValueError: response is not a PDF (probably an HTML landing page)
10.1016/j.phacli.2023.05.011,https://doi.org/10.1016/j.phacli.2023.05.011,Analyse pharmaceutique liée à la complexité des prescriptions médicamenteuses des personnes âgées reçues en officine à Abidjan (Côte d’Ivoire),2023,doi.org,https://doi.org/10.1016/j.phacli.2023.05.011,"HTML landing page, not a PDF",W4381056718,ValueError: response is not a PDF (probably an HTML landing page)
10.1016/j.saa.2024.124106,https://doi.org/10.1016/j.saa.2024.124106,Electronic structure with spin-orbit coupling effect of HfH molecule for laser cooling investigations,2024,doi.org,https://doi.org/10.1016/j.saa.2024.124106,"HTML landing page, not a PDF",W4392624427,ValueError: response is not a PDF (probably an HTML landing page)
10.1016/j.sapharm.2023.02.011,https://doi.org/10.1016/j.sapharm.2023.02.011,Changes in medication regimen complexity index following medication-related hospital admissions: A retrospective single-centre study,2023,doi.org,https://doi.org/10.1016/j.sapharm.2023.02.011,"HTML landing page, not a PDF",W4321368280,ValueError: response is not a PDF (probably an HTML landing page)
10.1016/j.sapharm.2025.04.001,https://doi.org/10.1016/j.sapharm.2025.04.001,The medication-related burden quality of life (MRB-QoL) Arabic tool: Exploratory factor analysis and psychometric evaluation,2025,doi.org,https://doi.org/10.1016/j.sapharm.2025.04.001,"HTML landing page, not a PDF",W4409323430,ValueError: response is not a PDF (probably an HTML landing page)
10.1021/acs.jctc.6b00403,https://doi.org/10.1021/acs.jctc.6b00403,Semiempirical Quantum-Chemical Orthogonalization-Corrected Methods: Benchmarks of Electronically Excited States,2016,doi.org,https://doi.org/10.1021/acs.jctc.6b00403,"HTML landing page, not a PDF",W2469070375,ValueError: response is not a PDF (probably an HTML landing page)
10.1021/acs.jctc.7b00735,https://doi.org/10.1021/acs.jctc.7b00735,Multistate Complete-Active-Space Second-Order Perturbation Theory Based on Density Matrix Renormalization Group Reference States,2017,doi.org,https://doi.org/10.1021/acs.jctc.7b00735,"HTML landing page, not a PDF",W2753141982,ValueError: response is not a PDF (probably an HTML landing page)
10.1021/acs.jpca.9b01397,https://doi.org/10.1021/acs.jpca.9b01397,Photochemical Relaxation Pathways of 9<i>H</i>-8-Azaguanine and 8<i>H</i>-8-Azaguanine,2019,doi.org,http://doi.org/10.1021/acs.jpca.9b01397,"HTML landing page, not a PDF",W2931020913,ValueError: response is not a PDF (probably an HTML landing page)
10.1021/ct200721d,https://doi.org/10.1021/ct200721d,Verdict: Time-Dependent Density Functional Theory “Not Guilty” of Large Errors for Cyanines,2012,doi.org,https://doi.org/10.1021/ct200721d,"HTML landing page, not a PDF",W2320751612,ValueError: response is not a PDF (probably an HTML landing page)
10.1021/jacs.5c11362,https://doi.org/10.1021/jacs.5c11362,A Stable Radical in Cationic Dinuclear Rare-Earth Triple-Decker Complexes Featuring Switchable Magnetic Properties,2025,doi.org,https://doi.org/10.5445/ir/1000187295,no fetchable PDF and no Europe PMC full text,W4415351205,0 PDF location(s) + Europe PMC tried; no Europe PMC OA full text
10.1037/pas0000373,https://doi.org/10.1037/pas0000373,Evaluating juvenile detainees’ Miranda misconceptions: The discriminant validity of the Juvenile Miranda Quiz.,2016,doi.org,https://doi.org/10.1037/pas0000373,HTTP 403 (publisher blocks scripted clients),W2508149033,HTTPError: 403 Client Error: Forbidden for url: https://doi.apa.org/doi/10.1037/pas0000373
10.1039/c7cp01331k,https://doi.org/10.1039/c7cp01331k,H <sub>2</sub> binding to the active site of [NiFe] hydrogenase studied by multiconfigurational and coupled-cluster methods,2017,doi.org,https://doi.org/10.1039/c7cp01331k,"HTML landing page, not a PDF",W2602313709,ValueError: response is not a PDF (probably an HTML landing page)
10.1039/d4cp04873c,https://doi.org/10.1039/d4cp04873c,A theoretical study of CH <sub>3</sub> SH pyrolysis kinetics,2025,doi.org,https://doi.org/10.1039/d4cp04873c,"HTML landing page, not a PDF",W7106800866,ValueError: response is not a PDF (probably an HTML landing page)
10.1039/d6cp01598k,https://doi.org/10.1039/d6cp01598k,On the magnetic exchange-vibronic coupling of pancake-bonded organic diradicals,2026,doi.org,https://doi.org/10.1039/d6cp01598k,"HTML landing page, not a PDF",W7171356465,ValueError: response is not a PDF (probably an HTML landing page)
10.1039/d6qi00728g,https://doi.org/10.1039/d6qi00728g,Deciphering the excited-state landscape of Cr( <scp>iii</scp> ) tris(diimines) using [Cr(phen) <sub>3</sub> ] <sup>3+</sup>,2026,doi.org,https://doi.org/10.1039/d6qi00728g,"HTML landing page, not a PDF",W7154639117,ValueError: response is not a PDF (probably an HTML landing page)
10.1049/mia2.70102,https://doi.org/10.1049/mia2.70102,Resolution Analysis of Microwave Radar Coincidence Imaging for Multiple Imaging Points,2026,doi.org,https://doi.org/10.1049/mia2.70102,HTTP 403 (publisher blocks scripted clients),W7160073314,HTTPError: 403 Client Error: Forbidden for url: https://ietresearch.onlinelibrary.wiley.com/doi/10.1049/mia2.70102
10.1051/0004-6361/202453590,https://doi.org/10.1051/0004-6361/202453590,Formation of diphosphorus (P <sub>2</sub> <sup>+</sup> ) and phosphorus mononitride (PN <sup>+</sup> ) cations by radiative association,2025,doi.org,https://doi.org/10.1051/0004-6361/202453590,"HTML landing page, not a PDF",W4415160519,ValueError: response is not a PDF (probably an HTML landing page)
10.1051/0004-6361/202658880,https://doi.org/10.1051/0004-6361/202658880,"Direct photodissociation, spontaneous radiative dissociation, and Solomon photodissociation of NaH",2026,doi.org,https://doi.org/10.1051/0004-6361/202658880,"HTML landing page, not a PDF",W7167627928,ValueError: response is not a PDF (probably an HTML landing page)
10.1051/0004-6361/202660320,https://doi.org/10.1051/0004-6361/202660320,Absorption spectra of SO + in the ultraviolet region,2026,doi.org,https://doi.org/10.1051/0004-6361/202660320,"HTML landing page, not a PDF",W7171986971,ValueError: response is not a PDF (probably an HTML landing page)
10.1063/1.3310288,https://doi.org/10.1063/1.3310288,Full implementation and benchmark studies of Mukherjee’s state-specific multireference coupled-cluster ansatz,2010,doi.org,https://doi.org/10.1063/1.3310288,"HTML landing page, not a PDF",W2012538922,ValueError: response is not a PDF (probably an HTML landing page)
10.1063/5.0011948,https://doi.org/10.1063/5.0011948,Mechanisms of the photodissociations of single isolated methanol,2020,doi.org,https://doi.org/10.1063/5.0011948,"HTML landing page, not a PDF",W3046534471,ValueError: response is not a PDF (probably an HTML landing page)
10.1063/5.0051218,https://doi.org/10.1063/5.0051218,Approximations of density matrices in N-electron valence state second-order perturbation theory (NEVPT2). II. The full rank NEVPT2 (FR-NEVPT2) formulation,2021,doi.org,https://doi.org/10.1063/5.0051218,"HTML landing page, not a PDF",W3169228067,ValueError: response is not a PDF (probably an HTML landing page)
10.1063/5.0072129,https://doi.org/10.1063/5.0072129,An efficient implementation of the NEVPT2 and CASPT2 methods avoiding higher-order density matrices,2021,doi.org,https://doi.org/10.1063/5.0072129,"HTML landing page, not a PDF",W3212105578,ValueError: response is not a PDF (probably an HTML landing page)
10.1063/5.0165432,https://doi.org/10.1063/5.0165432,First-principles study of luminescence and electronic properties of Ce-doped Y2SiO5,2023,doi.org,https://doi.org/10.1063/5.0165432,"HTML landing page, not a PDF",W4387866382,ValueError: response is not a PDF (probably an HTML landing page)
10.1063/5.0165769,https://doi.org/10.1063/5.0165769,Excited-state van der Waals potential energy surfaces for the NO A2Σ+ + CO2X1Σg+ collision complex,2023,doi.org,https://doi.org/10.1063/5.0165769,"HTML landing page, not a PDF",W4387024708,ValueError: response is not a PDF (probably an HTML landing page)
10.1063/5.0262473,https://doi.org/10.1063/5.0262473,Approximations of density matrices in N-electron valence state second-order perturbation theory (NEVPT2). III. Large active space calculations with selected configuration interaction reference,2025,doi.org,https://doi.org/10.1063/5.0262473,"HTML landing page, not a PDF",W4409368624,ValueError: response is not a PDF (probably an HTML landing page)
10.1063/5.0320535,https://doi.org/10.1063/5.0320535,Trajectory excited-state dynamics study of pyrazine: Assessment of potential energy surfaces and simulation of picosecond timescales,2026,doi.org,https://doi.org/10.1063/5.0320535,"HTML landing page, not a PDF",W7155198180,ValueError: response is not a PDF (probably an HTML landing page)
10.1063/5.0327441,https://doi.org/10.1063/5.0327441,A new Fe(IV) superoxide: The perferrate isomerization re-examined,2026,doi.org,https://doi.org/10.1063/5.0327441,"HTML landing page, not a PDF",W7164914603,ValueError: response is not a PDF (probably an HTML landing page)
10.1088/1361-6455/ad9a2f,https://doi.org/10.1088/1361-6455/ad9a2f,A multimass velocity-map and covariance-map imaging study of the dissociative electron ionisation dynamics of carbonyl sulphide (OCS),2024,doi.org,https://doi.org/10.1088/1361-6455/ad9a2f,no fetchable PDF and no Europe PMC full text,W4404942744,0 PDF location(s) + Europe PMC tried; no Europe PMC OA full text
10.1088/1402-4896/ad2145,https://doi.org/10.1088/1402-4896/ad2145,"Electronic structure of ground and low-lying excited states of BaLi<sup>+</sup> molecular ion: spin-orbit effect, radiative lifetimes and Franck-Condon factor",2024,doi.org,https://doi.org/10.1088/1402-4896/ad2145,"HTML landing page, not a PDF",W4391095463,ValueError: response is not a PDF (probably an HTML landing page)
10.1088/1674-1056/ae12df,https://doi.org/10.1088/1674-1056/ae12df,Low-lying electronic states of rhodium monocarbide (RhC) and iridium monocarbide (IrC),2025,doi.org,https://doi.org/10.1088/1674-1056/ae12df,"HTML landing page, not a PDF",W4415167915,ValueError: response is not a PDF (probably an HTML landing page)
10.1088/1674-1056/ae5a0c,https://doi.org/10.1088/1674-1056/ae5a0c,Ionization-Induced Fragmentation of Argon Clusters: A Journey from Micro-Explosion to Sequential Evaporation,2026,doi.org,https://doi.org/10.1088/1674-1056/ae5a0c,"HTML landing page, not a PDF",W7147056313,ValueError: response is not a PDF (probably an HTML landing page)
10.1088/1742-6596/3112/1/012016,https://doi.org/10.1088/1742-6596/3112/1/012016,Theoretical study of potential energy curves and spectral properties of the low-exited electronic state of NaK<sup>+</sup>,2025,doi.org,https://doi.org/10.1088/1742-6596/3112/1/012016,"HTML landing page, not a PDF",W4414410019,ValueError: response is not a PDF (probably an HTML landing page)
10.1088/1742-6596/759/1/012050,https://doi.org/10.1088/1742-6596/759/1/012050,<i>Ab - initio</i> non-adiabatic couplings among three lowest singlet states of H<sub>3</sub> <sup>+</sup>: Construction of multisheeted diabatic potential energy surfaces,2016,doi.org,https://doi.org/10.1088/1742-6596/759/1/012050,"HTML landing page, not a PDF",W2551087126,ValueError: response is not a PDF (probably an HTML landing page)
10.1093/mnras/stab3357,https://doi.org/10.1093/mnras/stab3357,ExoMol molecular line lists – XLIII. Rovibronic transitions corresponding to the close-lying X 2Π and A 2Σ+ states of NaO,2021,doi.org,https://doi.org/10.1093/mnras/stab3357,"HTML landing page, not a PDF",W4236563268,ValueError: response is not a PDF (probably an HTML landing page)
10.1093/mnras/stae2254,https://doi.org/10.1093/mnras/stae2254,Correction to: Destruction of phosphorus nitride through the N (4<i>S</i>) + PN (1 Σ +) → N2(1 Σ +) + P (4<i>S</i>) reaction,2024,doi.org,https://doi.org/10.1093/mnras/stae2254,"HTML landing page, not a PDF",W4403393865,ValueError: response is not a PDF (probably an HTML landing page)
10.1093/mnras/stag979,https://doi.org/10.1093/mnras/stag979,ExoMol line lists  –  LXVIII. Rotation–vibration–electronic spectroscopy of potassium hydride (KH),2026,doi.org,https://doi.org/10.1093/mnras/stag979,"HTML landing page, not a PDF",W7162191941,ValueError: response is not a PDF (probably an HTML landing page)
10.1093/ofid/ofag378,https://doi.org/10.1093/ofid/ofag378,Multidisciplinary Care for Older People With HIV: Optimizing Medication and Enhancing Quality of Life,2026,doi.org,https://doi.org/10.1093/ofid/ofag378,"HTML landing page, not a PDF",W7165519792,ValueError: response is not a PDF (probably an HTML landing page)
10.1139/cjc-2022-0267,https://doi.org/10.1139/cjc-2022-0267,"Do we need delocalised wavefunctions for the excited state dynamics of 1,1-difluoroethylene?",2023,doi.org,https://doi.org/10.1139/cjc-2022-0267,HTTP 403 (publisher blocks scripted clients),W4362661538,HTTPError: 403 Client Error: Forbidden for url: https://cdnsciencepub.com/doi/10.1139/cjc-2022-0267
10.1177/0976500x261468167,https://doi.org/10.1177/0976500x261468167,Integrating Drug Utilisation Review and Medication Regimen Complexity Index to Enhance Safety and Adherence in Gynaecological Pharmacotherapy,2026,doi.org,https://doi.org/10.1177/0976500x261468167,HTTP 403 (publisher blocks scripted clients),W7170057074,HTTPError: 403 Client Error: Forbidden for url: https://journals.sagepub.com/doi/10.1177/0976500X261468167
10.1177/10781552251330276,https://doi.org/10.1177/10781552251330276,Evaluating the relationship between letermovir prophylaxis and medication regimen complexity Index over time in allogeneic hematopoietic stem cell transplant patients,2025,doi.org,https://doi.org/10.1177/10781552251330276,HTTP 403 (publisher blocks scripted clients),W4410105095,HTTPError: 403 Client Error: Forbidden for url: https://journals.sagepub.com/doi/10.1177/10781552251330276
10.1186/s12877-026-07986-7,https://doi.org/10.1186/s12877-026-07986-7,Evaluation of medication regimen complexity and rehospitalization in older adults with chronic kidney disease: a retrospective cohort study,2026,doi.org,https://doi.org/10.1186/s12877-026-07986-7,"HTML landing page, not a PDF",W7168645990,ValueError: response is not a PDF (probably an HTML landing page)
10.12795/11441/175832,https://doi.org/10.12795/11441/175832,Dataset relative to a theoretical study of the potential as molecular quantum-dot cellular automata of a mixed-valence Ru2 complex deposited on a Au(111) surface,2023,doi.org,https://doi.org/10.12795/11441/175832,no fetchable PDF and no Europe PMC full text,W4414214541,0 PDF location(s) + Europe PMC tried; no Europe PMC OA full text
10.14278/rodare.4732,https://doi.org/10.14278/rodare.4732,SOC parentage python script and database,2026,doi.org,https://doi.org/10.14278/rodare.4732,"HTML landing page, not a PDF",W7165794864,ValueError: response is not a PDF (probably an HTML landing page)
10.14279/depositonce-7710,https://doi.org/10.14279/depositonce-7710,Computation of NMR shifts for paramagnetic solids,2019,doi.org,https://doi.org/10.14279/depositonce-7710,no fetchable PDF and no Europe PMC full text,W2969922665,0 PDF location(s) + Europe PMC tried; no Europe PMC OA full text
10.14469/hpc/4520,https://doi.org/10.14469/hpc/4520,"HDA-2+4 mechanism, TS1, cis + HCl, p=NH2 CASSCF(12,12) -1318.29262",2018,doi.org,https://doi.org/10.14469/hpc/4520,no fetchable PDF and no Europe PMC full text,W2810090594,0 PDF location(s) + Europe PMC tried; no Europe PMC OA full text
10.15343/0104-7809.202347e15282023p,https://doi.org/10.15343/0104-7809.202347e15282023p,Caracterização e avaliação do paciente anticoagulado com varfarina em relação à complexidade da farmacoterapia,2023,doi.org,https://doi.org/10.15343/0104-7809.202347e15282023p,"HTML landing page, not a PDF",W4389559721,ValueError: response is not a PDF (probably an HTML landing page)
10.15446/rev.colomb.quim.v47n1.62419,https://doi.org/10.15446/rev.colomb.quim.v47n1.62419,Efecto de la estructura molecular sobre el espectro electrónico vertical de la oxoglaucina,2017,doi.org,https://doi.org/10.15446/rev.colomb.quim.v47n1.62419,"HTML landing page, not a PDF",W2770539423,ValueError: response is not a PDF (probably an HTML landing page)
10.15625/2525-2518/55/6a/12367,https://doi.org/10.15625/2525-2518/55/6a/12367,ABSORPTION OF SOME SMALL SILVER CLUSTERS: DFT AND CASPT2 CALCULATIONS,2018,doi.org,http://doi.org/10.15625/2525-2518/55/6a/12367,no fetchable PDF and no Europe PMC full text,W2800229437,0 PDF location(s) + Europe PMC tried; no Europe PMC OA full text
10.15825/1995-1191-2024-4-122-132,https://doi.org/10.15825/1995-1191-2024-4-122-132,"Polypharmacy, therapeutic inertia, and adherence of heart recipients to drug therapy",2024,doi.org,https://doi.org/10.15825/1995-1191-2024-4-122-132,"HTML landing page, not a PDF",W4406390043,ValueError: response is not a PDF (probably an HTML landing page)
10.17028/rd.lboro.30665393,https://doi.org/10.17028/rd.lboro.30665393,Research Data for: Accurate Energies for ππ* Excited States via Exchange Scaling: the XS-CASSF method,2026,doi.org,https://doi.org/10.17028/rd.lboro.30665393,no fetchable PDF and no Europe PMC full text,W7154380488,0 PDF location(s) + Europe PMC tried; no Europe PMC OA full text
10.17028/rd.lboro.30665393.v1,https://doi.org/10.17028/rd.lboro.30665393.v1,Research Data for: Accurate Energies for ππ* Excited States via Exchange Scaling: the XS-CASSF method,2026,doi.org,https://doi.org/10.17028/rd.lboro.30665393.v1,no fetchable PDF and no Europe PMC full text,W7154260322,0 PDF location(s) + Europe PMC tried; no Europe PMC OA full text
10.17169/refubium-17167,https://doi.org/10.17169/refubium-17167,Quantenchemische und quantendynamische Rechnungen zur Schwingungsanregung und Photodissoziation von HNO3 durch ultrakurze Laserpulse,1998,doi.org,https://doi.org/10.17169/refubium-17167,TLS/SSL failure,W1488164369,"SSLError: HTTPSConnectionPool(host='api.openalex.org', port=443): Max retries exceeded with url: /works/https://doi.org/10.17169/refubium-17167?mailto=victorchanglee%40gmail.com&select=locations%2Cbest_oa_location (Caused by SSLError(SSLEOFError(8, '[SSL: UNEXPECTED_EOF_WHILE_READING] EOF occurred i"
10.17169/refubium-30051,https://doi.org/10.17169/refubium-30051,Under the influence: Understanding the thermodynamic and optical properties of stimuli-responsive complex organic systems,2021,doi.org,https://doi.org/10.17169/refubium-30051,connection refused / DNS failure,W3161884161,"ConnectionError: HTTPSConnectionPool(host='refubium.fu-berlin.de', port=443): Max retries exceeded with url: /handle/fub188/30311 (Caused by NewConnectionError(""HTTPSConnection(host='refubium.fu-berlin.de', port=443): Failed to establish a new connection: [Errno 113] No route to host""))"
10.17185/duepublico/86510,https://doi.org/10.17185/duepublico/86510,Coupled cluster studies on non-covalent interactions and aspects of the evaluation of matrix elements for coupled cluster theories,2026,doi.org,https://doi.org/10.17185/duepublico/86510,"HTML landing page, not a PDF",W7165787719,ValueError: response is not a PDF (probably an HTML landing page)
10.17605/osf.io/fv9ch,https://doi.org/10.17605/osf.io/fv9ch,Evaluating Methods for Detecting Change Over Time in Neuropsychological Assessment of Cancer-Related Cognitive Impairment: A Simulation Study,2026,doi.org,https://doi.org/10.17605/osf.io/fv9ch,"HTML landing page, not a PDF",W7164804562,ValueError: response is not a PDF (probably an HTML landing page)
10.17615/bzdm-7b49,https://doi.org/10.17615/bzdm-7b49,"Association of the Medication Regimen Complexity Index (MRCI) with Readmission Rate and Time to Readmission in a High-utilizer, Adult Psychiatric Population",2019,doi.org,https://doi.org/10.17615/bzdm-7b49,"HTML landing page, not a PDF",W2960185687,ValueError: response is not a PDF (probably an HTML landing page)
10.17632/6hfkwx627p.1,https://doi.org/10.17632/6hfkwx627p.1,Data for: A theoretical study of the dication P$_2^{2+}$,2019,doi.org,https://doi.org/10.17632/6hfkwx627p.1,HTTP 403 (publisher blocks scripted clients),W2955724831,HTTPError: 403 Client Error: Forbidden for url: https://data.mendeley.com/datasets/6hfkwx627p/1
10.17632/yr9trm7ysx,https://doi.org/10.17632/yr9trm7ysx,"ArC+ (ionized argon carbide) potential curves, SA-CASSCF/MRACPF2a",2026,doi.org,https://doi.org/10.17632/yr9trm7ysx,no fetchable PDF and no Europe PMC full text,W7167711357,0 PDF location(s) + Europe PMC tried; no Europe PMC OA full text
10.17632/yr9trm7ysx.1,https://doi.org/10.17632/yr9trm7ysx.1,"ArC+ (ionized argon carbide) potential curves, SA-CASSCF/MRACPF2a",2026,doi.org,https://doi.org/10.17632/yr9trm7ysx.1,no fetchable PDF and no Europe PMC full text,W7167685201,0 PDF location(s) + Europe PMC tried; no Europe PMC OA full text
10.17877/de290r-14843,https://doi.org/10.17877/de290r-14843,Massiv parallele Implementierung eines zustandsselektierenden MRCI-Algorithmus,2002,doi.org,https://doi.org/10.17877/de290r-14843,"HTML landing page, not a PDF",W2101789330,ValueError: response is not a PDF (probably an HTML landing page)
10.17877/de290r-8167,https://doi.org/10.17877/de290r-8167,Die Berechnung von Multipolmomenten mit der Basis-Set-Reduction-Methode,1999,doi.org,https://doi.org/10.17877/de290r-8167,"HTML landing page, not a PDF",W2306079225,ValueError: response is not a PDF (probably an HTML landing page)
10.17918/etd-490,https://doi.org/10.17918/etd-490,Relationship between academic achievement and Miranda rights comprehension and false confessions,2005,doi.org,https://doi.org/10.17918/etd-490,"HTML landing page, not a PDF",W4205195623,ValueError: response is not a PDF (probably an HTML landing page)
10.18150/ejpjyp,https://doi.org/10.18150/ejpjyp,Photophysical properties of nickel and palladium complexes with corrin and porphyrin from the perspective of theoretical calculations,2026,doi.org,https://doi.org/10.18150/ejpjyp,"HTML landing page, not a PDF",W7128675053,ValueError: response is not a PDF (probably an HTML landing page)
10.18452/37580,https://doi.org/10.18452/37580,Ab Initio Insights into Molecular Magnetism,2026,doi.org,https://doi.org/10.18452/37580,no fetchable PDF and no Europe PMC full text,W7165558131,0 PDF location(s) + Europe PMC tried; no Europe PMC OA full text
10.2139/ssrn.3820174,https://doi.org/10.2139/ssrn.3820174,Key Findings from the Midwestern Regional Carbon Sequestration Partnership’s (MRCSP) Large-Scale CO2-EOR/Storage Test in Michigan Basin,2021,doi.org,https://doi.org/10.2139/ssrn.3820174,HTTP 403 (publisher blocks scripted clients),W3162145015,HTTPError: 403 Client Error: Forbidden for url: https://papers.ssrn.com/sol3/papers.cfm?abstract_id=3820174
10.2139/ssrn.3978711,https://doi.org/10.2139/ssrn.3978711,Characterization of the Bound Vibrational States of the Carbon Dioxide Anion with SA-MCSF/MR-CISD and Numerov-Cooley,2021,doi.org,https://doi.org/10.2139/ssrn.3978711,HTTP 403 (publisher blocks scripted clients),W4214924508,HTTPError: 403 Client Error: Forbidden for url: https://papers.ssrn.com/sol3/papers.cfm?abstract_id=3978711
10.2139/ssrn.4182786,https://doi.org/10.2139/ssrn.4182786,Dynamics and Mechanisms of Nonradiative Photodissociation of Glycine: A Theoretical Study,2022,doi.org,https://doi.org/10.2139/ssrn.4182786,HTTP 403 (publisher blocks scripted clients),W4289922592,HTTPError: 403 Client Error: Forbidden for url: https://papers.ssrn.com/sol3/papers.cfm?abstract_id=4182786
10.2139/ssrn.4273141,https://doi.org/10.2139/ssrn.4273141,Assessment of Storage Systems in the Midwest-Northeastern United States for Large-Scale CCUS Projects,2022,doi.org,https://doi.org/10.2139/ssrn.4273141,HTTP 403 (publisher blocks scripted clients),W4312577135,HTTPError: 403 Client Error: Forbidden for url: https://papers.ssrn.com/sol3/papers.cfm?abstract_id=4273141
10.2139/ssrn.4285672,https://doi.org/10.2139/ssrn.4285672,"Examining the Government-Funded Initiative Dedicated to Accelerate Deployment of Carbon Storage in the Midwest, Northeast, and Mid-Atlantic Regions of the United States",2022,doi.org,https://doi.org/10.2139/ssrn.4285672,HTTP 403 (publisher blocks scripted clients),W4312301037,HTTPError: 403 Client Error: Forbidden for url: https://papers.ssrn.com/sol3/papers.cfm?abstract_id=4285672
10.2139/ssrn.4286386,https://doi.org/10.2139/ssrn.4286386,A case study strategic CCUS communications across a 20-state region of the United States,2022,doi.org,https://doi.org/10.2139/ssrn.4286386,HTTP 403 (publisher blocks scripted clients),W4312445922,HTTPError: 403 Client Error: Forbidden for url: https://papers.ssrn.com/sol3/papers.cfm?abstract_id=4286386
10.2139/ssrn.4379617,https://doi.org/10.2139/ssrn.4379617,L-Edge X-Ray Spectra of Mn-Acetylacetonate Complexes: A Theoretical Perspective,2023,doi.org,https://doi.org/10.2139/ssrn.4379617,HTTP 403 (publisher blocks scripted clients),W4327522715,HTTPError: 403 Client Error: Forbidden for url: https://papers.ssrn.com/sol3/papers.cfm?abstract_id=4379617
10.2139/ssrn.4702573,https://doi.org/10.2139/ssrn.4702573,"Comprehension of Miranda Warnings In Adults with Chronic, Moderate-Severe Traumatic Brain Injury",2024,doi.org,https://doi.org/10.2139/ssrn.4702573,HTTP 403 (publisher blocks scripted clients),W4392841418,HTTPError: 403 Client Error: Forbidden for url: https://papers.ssrn.com/sol3/papers.cfm?abstract_id=4702573
10.2139/ssrn.5106667,https://doi.org/10.2139/ssrn.5106667,On the Chemical Bond of Clo2: An Ab Initio Study,2025,doi.org,https://doi.org/10.2139/ssrn.5106667,HTTP 403 (publisher blocks scripted clients),W4406642848,HTTPError: 403 Client Error: Forbidden for url: https://papers.ssrn.com/sol3/papers.cfm?abstract_id=5106667
10.2139/ssrn.5234300,https://doi.org/10.2139/ssrn.5234300,A Xms-Caspt2 Study on the Photophysics of a Thio-Caged Single-Atom Fluorescence Switch,2025,doi.org,https://doi.org/10.2139/ssrn.5234300,HTTP 403 (publisher blocks scripted clients),W4409879312,HTTPError: 403 Client Error: Forbidden for url: https://papers.ssrn.com/sol3/papers.cfm?abstract_id=5234300
10.2139/ssrn.5266831,https://doi.org/10.2139/ssrn.5266831,Calculated 14n216o Line Intensities Using Radau Coordinates and an Accurate Potential Energy Surface,2025,doi.org,https://doi.org/10.2139/ssrn.5266831,HTTP 403 (publisher blocks scripted clients),W4410840527,HTTPError: 403 Client Error: Forbidden for url: https://papers.ssrn.com/sol3/papers.cfm?abstract_id=5266831
10.2139/ssrn.5279277,https://doi.org/10.2139/ssrn.5279277,Designing of Thermally Activated Delayed Fluorescence in Star-Fusedbenzotrithiophene Isomers: A Model Exact Study,2025,doi.org,https://doi.org/10.2139/ssrn.5279277,HTTP 403 (publisher blocks scripted clients),W4410949048,HTTPError: 403 Client Error: Forbidden for url: https://papers.ssrn.com/sol3/papers.cfm?abstract_id=5279277
10.2139/ssrn.5289323,https://doi.org/10.2139/ssrn.5289323,Theoretical Conformational Analysis of Cyclopropanecarboxylic Acid Fluoride and Cyclopropanecarboxylic Acid Chloride in Lowest Excited Electronic States and Investigation of Possible Torsion–Inversion Coupling,2025,doi.org,https://doi.org/10.2139/ssrn.5289323,HTTP 403 (publisher blocks scripted clients),W4411210428,HTTPError: 403 Client Error: Forbidden for url: https://papers.ssrn.com/sol3/papers.cfm?abstract_id=5289323
10.2139/ssrn.5358839,https://doi.org/10.2139/ssrn.5358839,"Combined Influence of Qm Methods, Active Space Size, Franck-Condon Approximation, Herzberg-Teller Effect and Duschinsky Effect on Vibrationally Resolved Electronic Spectra: Insights from Firefly Oxyluciferin",2025,doi.org,https://doi.org/10.2139/ssrn.5358839,HTTP 403 (publisher blocks scripted clients),W4412502269,HTTPError: 403 Client Error: Forbidden for url: https://papers.ssrn.com/sol3/papers.cfm?abstract_id=5358839
10.2139/ssrn.5396947,https://doi.org/10.2139/ssrn.5396947,Theoretical Study of the Electronic Structure and Spectroscopic Properties of Lah Molecule,2025,doi.org,https://doi.org/10.2139/ssrn.5396947,HTTP 403 (publisher blocks scripted clients),W4413304212,HTTPError: 403 Client Error: Forbidden for url: https://papers.ssrn.com/sol3/papers.cfm?abstract_id=5396947
10.2139/ssrn.5655502,https://doi.org/10.2139/ssrn.5655502,State-of-the-Art Simulations of Vibrationally Resolved Absorption and Fluorescence Spectra of Firefly Oxyluciferin,2025,doi.org,https://doi.org/10.2139/ssrn.5655502,HTTP 403 (publisher blocks scripted clients),W4415531093,HTTPError: 403 Client Error: Forbidden for url: https://papers.ssrn.com/sol3/papers.cfm?abstract_id=5655502
10.2139/ssrn.6278579,https://doi.org/10.2139/ssrn.6278579,Meaning Repair as Cognitive Infrastructure for High-Stakes Teams: A Scoping Review and Integrative Framework,2026,doi.org,https://doi.org/10.2139/ssrn.6278579,HTTP 403 (publisher blocks scripted clients),W7135094244,HTTPError: 403 Client Error: Forbidden for url: https://papers.ssrn.com/sol3/papers.cfm?abstract_id=6278579
10.2139/ssrn.6297253,https://doi.org/10.2139/ssrn.6297253,Electronic Spectroscopy and Photochemistry of cis and trans-HNNO,2026,doi.org,https://doi.org/10.2139/ssrn.6297253,HTTP 403 (publisher blocks scripted clients),W7131315429,HTTPError: 403 Client Error: Forbidden for url: https://papers.ssrn.com/sol3/papers.cfm?abstract_id=6297253
10.2139/ssrn.6297255,https://doi.org/10.2139/ssrn.6297255,Electronic Spectroscopy and Photochemistry of cis and trans-HNNO,2026,doi.org,https://doi.org/10.2139/ssrn.6297255,HTTP 403 (publisher blocks scripted clients),W7131286678,HTTPError: 403 Client Error: Forbidden for url: https://papers.ssrn.com/sol3/papers.cfm?abstract_id=6297255
10.2139/ssrn.6814820,https://doi.org/10.2139/ssrn.6814820,How atoms bind together to form ground state benzene: an ab initio study,2026,doi.org,https://doi.org/10.2139/ssrn.6814820,no fetchable PDF and no Europe PMC full text,W7162109200,0 PDF location(s) + Europe PMC tried; no Europe PMC OA full text
10.2139/ssrn.6919244,https://doi.org/10.2139/ssrn.6919244,Excited-State Nonradiative Decay in a ratiometric probe PBQ: Insights from Nonadiabatic Dynamics Simulations,2026,doi.org,https://doi.org/10.2139/ssrn.6919244,HTTP 403 (publisher blocks scripted clients),W7164300004,HTTPError: 403 Client Error: Forbidden for url: https://papers.ssrn.com/sol3/papers.cfm?abstract_id=6919244
10.2139/ssrn.7094198,https://doi.org/10.2139/ssrn.7094198,Triplet-State Formation in Thio- and Seleno-Psoralens in Aqueous Solution: A MS-CASPT2/MM Study,2026,doi.org,https://doi.org/10.2139/ssrn.7094198,HTTP 403 (publisher blocks scripted clients),W7168174609,HTTPError: 403 Client Error: Forbidden for url: https://papers.ssrn.com/sol3/papers.cfm?abstract_id=7094198
10.25365/thesis.32546,https://doi.org/10.25365/thesis.32546,Competing light induced molecular torsions,2014,doi.org,https://doi.org/10.25365/thesis.32546,no fetchable PDF and no Europe PMC full text,W2887591736,0 PDF location(s) + Europe PMC tried; no Europe PMC OA full text
10.25365/thesis.48585,https://doi.org/10.25365/thesis.48585,"Excited state dynamics of 5,6-dihydroxyindole, a eumelanin building block in water and methanol",2017,doi.org,https://doi.org/10.25365/thesis.48585,no fetchable PDF and no Europe PMC full text,W3214319768,0 PDF location(s) + Europe PMC tried; no Europe PMC OA full text
10.25365/thesis.50999,https://doi.org/10.25365/thesis.50999,Theoretical investigation of the photodissociation of solvated phenol,2018,doi.org,https://doi.org/10.25365/thesis.50999,no fetchable PDF and no Europe PMC full text,W3084168523,0 PDF location(s) + Europe PMC tried; no Europe PMC OA full text
10.25365/thesis.52837,https://doi.org/10.25365/thesis.52837,Ultrafast intersystem crossing dynamics in organic molecules,2018,doi.org,https://doi.org/10.25365/thesis.52837,"HTML landing page, not a PDF",W3213266375,ValueError: response is not a PDF (probably an HTML landing page)
10.25365/thesis.55667,https://doi.org/10.25365/thesis.55667,Excited-state mechanisms and dynamics of the ruthenium nitrosyl complex trans-[RuCl(NO)(Py)4]2+,2018,doi.org,https://doi.org/10.25365/thesis.55667,no fetchable PDF and no Europe PMC full text,W3211584671,0 PDF location(s) + Europe PMC tried; no Europe PMC OA full text
10.25365/thesis.81472,https://doi.org/10.25365/thesis.81472,Computational study of different bond cleavage selectivity in triflate-based organic compounds,2026,doi.org,https://doi.org/10.25365/thesis.81472,"HTML landing page, not a PDF",W7168181670,ValueError: response is not a PDF (probably an HTML landing page)
10.25560/6945,https://doi.org/10.25560/6945,Development of Algorithms for the Direct Multi-Configuration Self- Consistent Field (MCSCF) Method,2011,doi.org,https://doi.org/10.25560/6945,no fetchable PDF and no Europe PMC full text,W2530352841,0 PDF location(s) + Europe PMC tried; no Europe PMC OA full text
10.25673/122964,https://doi.org/10.25673/122964,Impact of nurse-led home visits on medication management and use of medical screenings for adults with intellectual disabilities : a randomised-controlled trial,2026,doi.org,https://doi.org/10.25673/122964,"HTML landing page, not a PDF",W7154178425,ValueError: response is not a PDF (probably an HTML landing page)
10.26180/4669663,https://doi.org/10.26180/4669663,The application of multireference quantum chemical methods in mechanistic studies of [4π + 2π] cycloadditions,2017,doi.org,https://doi.org/10.26180/4669663,no fetchable PDF and no Europe PMC full text,W7128743175,0 PDF location(s) + Europe PMC tried; no Europe PMC OA full text
10.26180/4669663.v1,https://doi.org/10.26180/4669663.v1,The application of multireference quantum chemical methods in mechanistic studies of [4π + 2π] cycloadditions,2017,doi.org,https://doi.org/10.26180/4669663.v1,no fetchable PDF and no Europe PMC full text,W7128720587,0 PDF location(s) + Europe PMC tried; no Europe PMC OA full text
10.26268/heal.uoi.2799,https://doi.org/10.26268/heal.uoi.2799,Μηχανιστική μελέτη φωτοδιάσπασης και φωτομετάθεσης του αιθυλοβενζολίου με υπολογισμούς CASSCF/CASPT,2018,doi.org,https://doi.org/10.26268/heal.uoi.2799,no fetchable PDF and no Europe PMC full text,W2915848168,0 PDF location(s) + Europe PMC tried; no Europe PMC OA full text
10.26268/heal.uoi.9681,https://doi.org/10.26268/heal.uoi.9681,Μηχανιστική μελέτη φωτοδιάσπασης και φωτομετάθεσης του τολουολίου με υπολογισμούς CASSCF/CASPT2,2020,doi.org,https://doi.org/10.26268/heal.uoi.9681,no fetchable PDF and no Europe PMC full text,W3010215385,0 PDF location(s) + Europe PMC tried; no Europe PMC OA full text
10.26434/chemrxiv-2021-2wzq7,https://doi.org/10.26434/chemrxiv-2021-2wzq7,Excited States of Xanthophylls Revisited:Towards the Simulation of Biologically RelevantSystems,2021,doi.org,https://doi.org/10.26434/chemrxiv-2021-2wzq7,HTTP 403 (publisher blocks scripted clients),W4240997034,HTTPError: 403 Client Error: Forbidden for url: https://chemrxiv.org/doi/full/10.26434/chemrxiv-2021-2wzq7
10.26434/chemrxiv-2021-dnhxj,https://doi.org/10.26434/chemrxiv-2021-dnhxj,"High-pressure reaction profiles and activation volumes of 1,3-cyclohexadiene dimerizations computed by the extreme pressure-polarizable continuum model (XP-PCM)",2021,doi.org,https://doi.org/10.26434/chemrxiv-2021-dnhxj,HTTP 403 (publisher blocks scripted clients),W4243134563,HTTPError: 403 Client Error: Forbidden for url: https://chemrxiv.org/doi/full/10.26434/chemrxiv-2021-dnhxj
10.26434/chemrxiv-2021-vzp57,https://doi.org/10.26434/chemrxiv-2021-vzp57,Nonadiabatic Molecular Dynamics by Multiconfiguration Pair-Density Functional Theory,2021,doi.org,https://doi.org/10.26434/chemrxiv-2021-vzp57,HTTP 403 (publisher blocks scripted clients),W4245213356,HTTPError: 403 Client Error: Forbidden for url: https://chemrxiv.org/doi/full/10.26434/chemrxiv-2021-vzp57
10.26434/chemrxiv-2024-5hc8g,https://doi.org/10.26434/chemrxiv-2024-5hc8g,A Hybrid Meta On-Top Functional for Multiconfiguration Pair-Density Functional Theory,2024,doi.org,https://doi.org/10.6082/gezh8-sd850,no fetchable PDF and no Europe PMC full text,W4403091031,0 PDF location(s) + Europe PMC tried; no Europe PMC OA full text
10.26434/chemrxiv-2024-7q00c,https://doi.org/10.26434/chemrxiv-2024-7q00c,Excited State Electronic Structure of Dimethyl Disulfide Involved in Photodissociation at ∼200 nm,2024,doi.org,https://doi.org/10.26434/chemrxiv-2024-7q00c,HTTP 403 (publisher blocks scripted clients),W4400133740,HTTPError: 403 Client Error: Forbidden for url: https://chemrxiv.org/doi/full/10.26434/chemrxiv-2024-7q00c
10.26434/chemrxiv-2025-42hh2,https://doi.org/10.26434/chemrxiv-2025-42hh2,Origins of crystallisation-induced dual emission ofterephthalic and isophthalic acid crystals,2025,doi.org,https://doi.org/10.26434/chemrxiv-2025-42hh2,HTTP 403 (publisher blocks scripted clients),W4407644007,HTTPError: 403 Client Error: Forbidden for url: https://chemrxiv.org/doi/full/10.26434/chemrxiv-2025-42hh2
10.26434/chemrxiv-2025-4r3vx,https://doi.org/10.26434/chemrxiv-2025-4r3vx,Modeling Oxidative Dehydrogenation of Propane with Supported Vanadia Catalysts Using Multireference Methods,2025,doi.org,https://doi.org/10.26434/chemrxiv-2025-4r3vx,HTTP 403 (publisher blocks scripted clients),W4409344979,HTTPError: 403 Client Error: Forbidden for url: https://chemrxiv.org/doi/full/10.26434/chemrxiv-2025-4r3vx
10.26434/chemrxiv-2025-cc3p7,https://doi.org/10.26434/chemrxiv-2025-cc3p7,The FeO₄⁻ Puzzle: Extreme Oxidation State Pathologies and How to Address Them.,2025,doi.org,https://doi.org/10.26434/chemrxiv-2025-cc3p7,HTTP 403 (publisher blocks scripted clients),W4415913159,HTTPError: 403 Client Error: Forbidden for url: https://chemrxiv.org/doi/full/10.26434/chemrxiv-2025-cc3p7
10.26434/chemrxiv-2025-mt8xx,https://doi.org/10.26434/chemrxiv-2025-mt8xx,Electronic and Inertial Effects of Methylationon Excited-State Hydrogen Transfer,2025,doi.org,https://doi.org/10.26434/chemrxiv-2025-mt8xx,HTTP 403 (publisher blocks scripted clients),W4415654822,HTTPError: 403 Client Error: Forbidden for url: https://chemrxiv.org/doi/full/10.26434/chemrxiv-2025-mt8xx
10.26434/chemrxiv-2025-s9zgq-v2,https://doi.org/10.26434/chemrxiv-2025-s9zgq-v2,Benchmarking density functional approximations in nonadiabatic dynamics: trans-cis isomerization in retinal model,2025,doi.org,https://doi.org/10.26434/chemrxiv-2025-s9zgq-v2,HTTP 403 (publisher blocks scripted clients),W4414447487,HTTPError: 403 Client Error: Forbidden for url: https://chemrxiv.org/doi/full/10.26434/chemrxiv-2025-s9zgq-v2
10.26434/chemrxiv.10059809,https://doi.org/10.26434/chemrxiv.10059809,Ligand Redox Non-Innocence in [Coᴵᴵᴵ(TAML)]0/‒ Complexes Affects Nitrene Formation,2019,doi.org,https://doi.org/10.26434/chemrxiv.10059809,no fetchable PDF and no Europe PMC full text,W4237880488,0 PDF location(s) + Europe PMC tried; no Europe PMC OA full text
10.26434/chemrxiv.11328128,https://doi.org/10.26434/chemrxiv.11328128,A Mountaineering Strategy to Excited States: Highly-Accurate Energies and Benchmarks for Medium Size Molecules,2019,doi.org,https://doi.org/10.26434/chemrxiv.11328128,HTTP 403 (publisher blocks scripted clients),W4230994657,HTTPError: 403 Client Error: Forbidden for url: https://chemrxiv.org/doi/full/10.26434/chemrxiv.11328128.v1
10.26434/chemrxiv.11369841,https://doi.org/10.26434/chemrxiv.11369841,Automation of Active Space Selection for Multireference Methods via Machine Learning on Chemical Bond Dissociation,2019,doi.org,https://doi.org/10.26434/chemrxiv.11369841,no fetchable PDF and no Europe PMC full text,W4244218865,0 PDF location(s) + Europe PMC tried; no Europe PMC OA full text
10.26434/chemrxiv.11378643.v1,https://doi.org/10.26434/chemrxiv.11378643.v1,Solvation and Speciation of Cobalt(II). A Theoretical X-Ray Absorption and RIXS Study,2019,doi.org,https://doi.org/10.26434/chemrxiv.11378643.v1,HTTP 403 (publisher blocks scripted clients),W4241772597,HTTPError: 403 Client Error: Forbidden for url: https://chemrxiv.org/doi/full/10.26434/chemrxiv.11378643.v1
10.26434/chemrxiv.11378643.v2,https://doi.org/10.26434/chemrxiv.11378643.v2,Solvation and Speciation of Cobalt(II). A Theoretical X-Ray Absorption and RIXS Study,2020,doi.org,https://doi.org/10.26434/chemrxiv.11378643.v2,HTTP 403 (publisher blocks scripted clients),W4253262091,HTTPError: 403 Client Error: Forbidden for url: https://chemrxiv.org/doi/full/10.26434/chemrxiv.11378643.v2
10.26434/chemrxiv.11472627,https://doi.org/10.26434/chemrxiv.11472627,Electronically Asynchronous Transition States for C-N Bond Formation by Electrophilic [Coᴵᴵᴵ(TAML)]-Nitrene Radical Complexes Involving Substrate-to-Ligand Single-Electron Transfer and a Cobalt-Centered Spin Shuttle,2019,doi.org,https://doi.org/10.26434/chemrxiv.11472627,no fetchable PDF and no Europe PMC full text,W4243702659,0 PDF location(s) + Europe PMC tried; no Europe PMC OA full text
10.26434/chemrxiv.11828256,https://doi.org/10.26434/chemrxiv.11828256,Hole-Hole Tamm-Dancoff-Approximated Density Functional Theory: A Highly Efficient Electronic Structure Method Incorporating Dynamic and Static Correlation,2020,doi.org,https://doi.org/10.26434/chemrxiv.11828256,no fetchable PDF and no Europe PMC full text,W4234475168,0 PDF location(s) + Europe PMC tried; no Europe PMC OA full text
10.26434/chemrxiv.11828256.v1,https://doi.org/10.26434/chemrxiv.11828256.v1,Hole-Hole Tamm-Dancoff-Approximated Density Functional Theory: A Highly Efficient Electronic Structure Method Incorporating Dynamic and Static Correlation,2020,doi.org,https://doi.org/10.26434/chemrxiv.11828256.v1,no fetchable PDF and no Europe PMC full text,W3216048254,0 PDF location(s) + Europe PMC tried; no Europe PMC OA full text
10.26434/chemrxiv.12385940,https://doi.org/10.26434/chemrxiv.12385940,"Multiconfigurational Static and Dynamic Calculations Explain Tricyclo[4,2,0,02,5]octa-3,7-diene Photochemistry",2020,doi.org,https://doi.org/10.26434/chemrxiv.12385940,no fetchable PDF and no Europe PMC full text,W4243726902,0 PDF location(s) + Europe PMC tried; no Europe PMC OA full text
10.26434/chemrxiv.12403124,https://doi.org/10.26434/chemrxiv.12403124,Breaching the Axial Limits in Ln(III) Single-Ion Magnets Using External Electric Field,2020,doi.org,https://doi.org/10.26434/chemrxiv.12403124,no fetchable PDF and no Europe PMC full text,W4252641555,0 PDF location(s) + Europe PMC tried; no Europe PMC OA full text
10.26434/chemrxiv.12411125,https://doi.org/10.26434/chemrxiv.12411125,"Chemical insights into the electronic structure of Fe(II) porphyrin using FCIQMC, DMRG, and generalized active spaces",2020,doi.org,https://doi.org/10.26434/chemrxiv.12411125,no fetchable PDF and no Europe PMC full text,W4249745299,0 PDF location(s) + Europe PMC tried; no Europe PMC OA full text
10.26434/chemrxiv.12457709,https://doi.org/10.26434/chemrxiv.12457709,Energetic Degeneracy and Electronic Structures of Germanium Trimers Doped with Titanium,2020,doi.org,https://doi.org/10.26434/chemrxiv.12457709,no fetchable PDF and no Europe PMC full text,W4235750166,0 PDF location(s) + Europe PMC tried; no Europe PMC OA full text
10.26434/chemrxiv.12639974,https://doi.org/10.26434/chemrxiv.12639974,A New Release of MOPAC Incorporating the INDO/S Semiempirical Model with CI Excited States,2020,doi.org,https://doi.org/10.26434/chemrxiv.12639974,HTTP 403 (publisher blocks scripted clients),W4247750873,HTTPError: 403 Client Error: Forbidden for url: https://chemrxiv.org/doi/full/10.26434/chemrxiv.12639974.v1
10.26434/chemrxiv.13002965.v1,https://doi.org/10.26434/chemrxiv.13002965.v1,An Automatic Differentiation and Diagrammatic Notation Approach for Developing Analytical Gradients of Tensor Hyper-Contracted Electronic Structure Methods,2020,doi.org,https://doi.org/10.26434/chemrxiv.13002965.v1,HTTP 403 (publisher blocks scripted clients),W4239187441,HTTPError: 403 Client Error: Forbidden for url: https://chemrxiv.org/doi/full/10.26434/chemrxiv.13002965.v1
10.26434/chemrxiv.13106813,https://doi.org/10.26434/chemrxiv.13106813,Excited-State Geometry Optimization of Small Molecules with Many-Body Green's Functions Theory,2020,doi.org,https://doi.org/10.26434/chemrxiv.13106813,HTTP 403 (publisher blocks scripted clients),W4248077976,HTTPError: 403 Client Error: Forbidden for url: https://chemrxiv.org/doi/full/10.26434/chemrxiv.13106813.v1
10.26434/chemrxiv.13150820.v1,https://doi.org/10.26434/chemrxiv.13150820.v1,Reduced Scaling Formulation of CASPT2 Analytical Gradients Using the Supporting Subspace Method,2020,doi.org,https://doi.org/10.26434/chemrxiv.13150820.v1,HTTP 403 (publisher blocks scripted clients),W3199790810,HTTPError: 403 Client Error: Forbidden for url: https://chemrxiv.org/doi/full/10.26434/chemrxiv.13150820.v1
10.26434/chemrxiv.13302098,https://doi.org/10.26434/chemrxiv.13302098,Isomerization and Fragmentation Reactions on the [C2SH4] Potential Energy Surface. The Metastable Thione-S-Methylide Isomer,2020,doi.org,https://doi.org/10.26434/chemrxiv.13302098,no fetchable PDF and no Europe PMC full text,W4236018289,0 PDF location(s) + Europe PMC tried; no Europe PMC OA full text
10.26434/chemrxiv.14183039,https://doi.org/10.26434/chemrxiv.14183039,Role of Electronic Excited State in Kinetics of the CH2OO + SO2 ! HCHO + SO3 Reaction,2021,doi.org,https://doi.org/10.26434/chemrxiv.14183039,HTTP 403 (publisher blocks scripted clients),W4248936632,HTTPError: 403 Client Error: Forbidden for url: https://chemrxiv.org/doi/full/10.26434/chemrxiv.14183039.v1
10.26434/chemrxiv.14197457.v3,https://doi.org/10.26434/chemrxiv.14197457.v3,Analytic Gradients for Restricted Active Space Second-order Perturbation Theory (RASPT2),2021,doi.org,https://doi.org/10.26434/chemrxiv.14197457.v3,HTTP 403 (publisher blocks scripted clients),W4241207011,HTTPError: 403 Client Error: Forbidden for url: https://chemrxiv.org/doi/full/10.26434/chemrxiv.14197457.v3
10.26434/chemrxiv.14455983,https://doi.org/10.26434/chemrxiv.14455983,Actinide Arene-Metalates: Ion Pairing Effects on the Electronic Structure of Unsupported Uranium-Arene Sandwich Complexes,2021,doi.org,https://doi.org/10.26434/chemrxiv.14455983,no fetchable PDF and no Europe PMC full text,W4250982206,0 PDF location(s) + Europe PMC tried; no Europe PMC OA full text
10.26434/chemrxiv.14616714.v1,https://doi.org/10.26434/chemrxiv.14616714.v1,Multi-reference Approach to the Computation of Double-Core-Hole Spectra,2021,doi.org,https://doi.org/10.26434/chemrxiv.14616714.v1,HTTP 403 (publisher blocks scripted clients),W4236622648,HTTPError: 403 Client Error: Forbidden for url: https://chemrxiv.org/doi/full/10.26434/chemrxiv.14616714.v1
10.26434/chemrxiv.14775096.v1,https://doi.org/10.26434/chemrxiv.14775096.v1,"Thionation of a Fluorescent Thieno[3,4-d]pyrimidine Derivative for the Development of a Heavy-Atom-Free Photosensitizer",2021,doi.org,https://doi.org/10.26434/chemrxiv.14775096.v1,HTTP 403 (publisher blocks scripted clients),W3170110028,HTTPError: 403 Client Error: Forbidden for url: https://chemrxiv.org/doi/full/10.26434/chemrxiv.14775096.v1
10.26434/chemrxiv.14781855,https://doi.org/10.26434/chemrxiv.14781855,[Co(TPP)]–Catalyzed Carbene Transfer from Acceptor–Acceptor Iodonium Ylides via N-enolate Carbene Radicals,2021,doi.org,https://doi.org/10.26434/chemrxiv.14781855,no fetchable PDF and no Europe PMC full text,W4241848671,0 PDF location(s) + Europe PMC tried; no Europe PMC OA full text
10.26434/chemrxiv.15001263/v2,https://doi.org/10.26434/chemrxiv.15001263/v2,QENEX LAB: A Self-Contained Quantum Chemistry Platform with Reproducible Self-Assessed Compliance and Cryptographic Provenance Bundles,2026,doi.org,https://doi.org/10.26434/chemrxiv.15001263/v2,no fetchable PDF and no Europe PMC full text,W7162692468,0 PDF location(s) + Europe PMC tried; no Europe PMC OA full text
10.26434/chemrxiv.15002970/v1,https://doi.org/10.26434/chemrxiv.15002970/v1,Evaluating PBE-D3/M06 for Copper-Catalyzed Carbon Chemistry: From Kinetic Barrier Accuracy to Mechanistic Insights,2026,doi.org,https://doi.org/10.26434/chemrxiv.15002970/v1,HTTP 403 (publisher blocks scripted clients),W7160843160,HTTPError: 403 Client Error: Forbidden for url: https://chemrxiv.org/doi/full/10.26434/chemrxiv.15002970/v1
10.26434/chemrxiv.15005009/v1,https://doi.org/10.26434/chemrxiv.15005009/v1,Impact of Molecular Conformation on Spin Crossover: Towards Microscopic Mechanism of Elastically Mediated Spin State Interactions,2026,doi.org,https://doi.org/10.26434/chemrxiv.15005009/v1,HTTP 403 (publisher blocks scripted clients),W7165515508,HTTPError: 403 Client Error: Forbidden for url: https://chemrxiv.org/doi/full/10.26434/chemrxiv.15005009/v1
10.26434/chemrxiv.15006148/v1,https://doi.org/10.26434/chemrxiv.15006148/v1,"Selenenic vs. Sulfenic Acids: Enthalpies of Formation, Bond Dissociation Energies, and Thermochemical Properties from Composite Methods",2026,doi.org,https://doi.org/10.26434/chemrxiv.15006148/v1,HTTP 403 (publisher blocks scripted clients),W7168543584,HTTPError: 403 Client Error: Forbidden for url: https://chemrxiv.org/doi/full/10.26434/chemrxiv.15006148/v1
10.26434/chemrxiv.5373964,https://doi.org/10.26434/chemrxiv.5373964,Ethynamine - Ketenimine - Acetonitrile - Rearrangements: A computational Study of Flash Vacuum Pyrolysis Processes,2017,doi.org,https://doi.org/10.26434/chemrxiv.5373964,HTTP 403 (publisher blocks scripted clients),W4241762718,HTTPError: 403 Client Error: Forbidden for url: https://chemrxiv.org/doi/full/10.26434/chemrxiv.5373964.v1
10.26434/chemrxiv.7665620,https://doi.org/10.26434/chemrxiv.7665620,Theoretical Investigations of Photoionization Efficiency of Naphthalene,2019,doi.org,https://doi.org/10.26434/chemrxiv.7665620,no fetchable PDF and no Europe PMC full text,W4235807013,0 PDF location(s) + Europe PMC tried; no Europe PMC OA full text
10.26434/chemrxiv.7985657,https://doi.org/10.26434/chemrxiv.7985657,Analytical Derivatives of the Individual State Energies in Ensemble Density Functional Theory Method: II. Implementation on Graphical Processing Units (GPUs),2019,doi.org,https://doi.org/10.26434/chemrxiv.7985657,HTTP 403 (publisher blocks scripted clients),W4249329311,HTTPError: 403 Client Error: Forbidden for url: https://chemrxiv.org/doi/full/10.26434/chemrxiv.7985657.v1
10.26434/chemrxiv.7985657.v1,https://doi.org/10.26434/chemrxiv.7985657.v1,Analytical Derivatives of the Individual State Energies in Ensemble Density Functional Theory Method: II. Implementation on Graphical Processing Units (GPUs),2019,doi.org,https://doi.org/10.26434/chemrxiv.7985657.v1,HTTP 403 (publisher blocks scripted clients),W4230879412,HTTPError: 403 Client Error: Forbidden for url: https://chemrxiv.org/doi/full/10.26434/chemrxiv.7985657.v1
10.26434/chemrxiv.8298776.v1,https://doi.org/10.26434/chemrxiv.8298776.v1,Analytic First-Order Derivatives of Partially Contracted N-Electron Valence State Second-Order Perturbation Theory (PC-NEVPT2),2019,doi.org,https://doi.org/10.26434/chemrxiv.8298776.v1,HTTP 403 (publisher blocks scripted clients),W4241040057,HTTPError: 403 Client Error: Forbidden for url: https://chemrxiv.org/doi/full/10.26434/chemrxiv.8298776.v1
10.26434/chemrxiv.9750872,https://doi.org/10.26434/chemrxiv.9750872,"Relaxation Dynamics of Hydrated Thymine, Thymidine, and Thymidine Monophosphate Probed by Liquid Jet Time-Resolved Photoelectron Spectroscopy",2019,doi.org,https://doi.org/10.26434/chemrxiv.9750872,no fetchable PDF and no Europe PMC full text,W4243435428,0 PDF location(s) + Europe PMC tried; no Europe PMC OA full text
10.26434/chemrxiv.9992402,https://doi.org/10.26434/chemrxiv.9992402,Probing the Inverse Trans Influence in Americium and Lanthanide Tribromide Tris(tricyclohexylphosphine oxide),2019,doi.org,https://doi.org/10.26434/chemrxiv.9992402,no fetchable PDF and no Europe PMC full text,W4235268365,0 PDF location(s) + Europe PMC tried; no Europe PMC OA full text
10.31635/ccschem.020.202000271,https://doi.org/10.31635/ccschem.020.202000271,Degradation Mechanisms in Blue Organic Light-Emitting Diodes,2020,doi.org,https://doi.org/10.31635/ccschem.020.202000271,no fetchable PDF and no Europe PMC full text,W3043093162,0 PDF location(s) + Europe PMC tried; no Europe PMC OA full text
10.31635/ccschem.024.202303814,https://doi.org/10.31635/ccschem.024.202303814,Acceptor-Type Singlet Fission Material Based on Strong Absorption Tetracyanothienoquinoid Skeleton,2024,doi.org,https://doi.org/10.31635/ccschem.024.202303814,HTTP 403 (publisher blocks scripted clients),W4392015229,HTTPError: 403 Client Error: Forbidden for url: https://www.chinesechemsoc.org/doi/10.31635/ccschem.024.202303814
10.31942/jiffk.v23i1.15222,https://doi.org/10.31942/jiffk.v23i1.15222,Medication Beliefs and Associated Factors Among Heart Failure Patients in Yemen and Role of Regimen Complexity: a Cross-Sectional Study,2026,doi.org,https://doi.org/10.31942/jiffk.v23i1.15222,"HTML landing page, not a PDF",W7160770446,ValueError: response is not a PDF (probably an HTML landing page)
10.33774/chemrxiv-2021-9ww0c-v2,https://doi.org/10.33774/chemrxiv-2021-9ww0c-v2,Communication: Multi-reference Approach to the Computation of Double-Core-Hole Spectra,2021,doi.org,https://doi.org/10.33774/chemrxiv-2021-9ww0c-v2,HTTP 403 (publisher blocks scripted clients),W3195369274,HTTPError: 403 Client Error: Forbidden for url: https://chemrxiv.org/doi/full/10.26434/chemrxiv-2021-9ww0c-v2
10.33774/chemrxiv-2021-pjvv1,https://doi.org/10.33774/chemrxiv-2021-pjvv1,Machine-Learned Functionals for Strongly Correlated Systems,2021,doi.org,https://doi.org/10.33774/chemrxiv-2021-pjvv1,no fetchable PDF and no Europe PMC full text,W3174981960,0 PDF location(s) + Europe PMC tried; no Europe PMC OA full text
10.33774/chemrxiv-2021-pjvv1-v2,https://doi.org/10.33774/chemrxiv-2021-pjvv1-v2,Machine-Learned Energy Functionals for Strongly Correlated Systems,2021,doi.org,https://doi.org/10.33774/chemrxiv-2021-pjvv1-v2,no fetchable PDF and no Europe PMC full text,W3178433580,0 PDF location(s) + Europe PMC tried; no Europe PMC OA full text
10.33774/chemrxiv-2021-xtlzj,https://doi.org/10.33774/chemrxiv-2021-xtlzj,"Hydration dynamics gives the distinctive brown color in the ""brown ring"" nitrate test",2021,doi.org,https://doi.org/10.33774/chemrxiv-2021-xtlzj,no fetchable PDF and no Europe PMC full text,W4200105488,0 PDF location(s) + Europe PMC tried; no Europe PMC OA full text
10.3390/chemistry6060095,https://doi.org/10.3390/chemistry6060095,"Systematic Investigation on Surface Diradicals Using Theoretical Models: 2M/MgO and 2M/BaO (M = Cu, Ag, and Au)",2024,doi.org,https://doi.org/10.3390/chemistry6060095,HTTP 403 (publisher blocks scripted clients),W4405072541,HTTPError: 403 Client Error: Forbidden for url: https://www.mdpi.com/2624-8549/6/6/95
10.3390/ijms27156627,https://doi.org/10.3390/ijms27156627,Competing Photoisomerization and Excited-State Intramolecular Proton Transfer in a Visible-Light-Driven Salicylidene Schiff Base Functionalized Molecular Motor: Insights from Ultrafast Nonadiabatic Dynamics Simulations,2026,doi.org,https://doi.org/10.3390/ijms27156627,HTTP 403 (publisher blocks scripted clients),W7171378304,HTTPError: 403 Client Error: Forbidden for url: https://www.mdpi.com/1422-0067/27/15/6627
10.3390/universe12050151,https://doi.org/10.3390/universe12050151,TD-DFT Investigation of Sulfur and Chlorine Species as Potential Contributors to Venusian Unknown UV Absorber,2026,doi.org,https://doi.org/10.3390/universe12050151,HTTP 403 (publisher blocks scripted clients),W7162004782,HTTPError: 403 Client Error: Forbidden for url: https://www.mdpi.com/2218-1997/12/5/151
10.34297/ajbsr.2020.06.001091,https://doi.org/10.34297/ajbsr.2020.06.001091,"Preliminary ab initio Calculations on Pt (3D,1S) – O2 Interaction",2020,doi.org,https://doi.org/10.34297/ajbsr.2020.06.001091,"HTML landing page, not a PDF",W3008896377,ValueError: response is not a PDF (probably an HTML landing page)
10.36807/1998-9849-2025-75-101-45-50,https://doi.org/10.36807/1998-9849-2025-75-101-45-50,"MAGNETIC ANISOTROPY OF COBALT(II) COMPLEXES WITH BIS-SEMI(THIOSEMICARBAZONES) OF 2,6-DIACETYLPYRIDINE: AB INITIO STUDY",2025,doi.org,https://doi.org/10.36807/1998-9849-2025-75-101-45-50,no fetchable PDF and no Europe PMC full text,W7131648130,0 PDF location(s) + Europe PMC tried; no Europe PMC OA full text
10.3788/col20090708.0663,https://doi.org/10.3788/col20090708.0663,MRCI potential energy curves and analytical potential energy functions for the X2\sum+ and 2\prod states of BO molecule,2009,doi.org,https://doi.org/10.3788/col20090708.0663,TLS/SSL failure,W2165012848,"SSLError: HTTPSConnectionPool(host='www.researching.cn', port=443): Max retries exceeded with url: /ArticlePdf/m00005/2009/7/8/COL07080663.pdf (Caused by SSLError(SSLCertVerificationError(1, '[SSL: CERTIFICATE_VERIFY_FAILED] certificate verify failed: unable to get local issuer certificate (_ssl.c:1"
10.4028/www.scientific.net/amm.521.855,https://doi.org/10.4028/www.scientific.net/amm.521.855,Analysis of Energy Consumption in China and the Driving Factors Based on MRCI,2014,doi.org,https://doi.org/10.4028/www.scientific.net/amm.521.855,"HTML landing page, not a PDF",W2147223149,ValueError: response is not a PDF (probably an HTML landing page)
10.4028/www.scientific.net/amm.737.105,https://doi.org/10.4028/www.scientific.net/amm.737.105,Potential Energy Curves and Spectroscopic Properties of C&lt;sup&gt;-&lt;/sup&gt;&lt;sub&gt;2&lt;/sub&gt; Studied by Configuration Interaction Method,2015,doi.org,https://doi.org/10.4028/www.scientific.net/amm.737.105,"HTML landing page, not a PDF",W2007964773,ValueError: response is not a PDF (probably an HTML landing page)
10.4028/www.scientific.net/amr.699.107,https://doi.org/10.4028/www.scientific.net/amr.699.107,The Study of Bond Selective Photochemistry in CH&lt;sub&gt;2&lt;/sub&gt;BrCl,2013,doi.org,https://doi.org/10.4028/www.scientific.net/amr.699.107,no fetchable PDF and no Europe PMC full text,W1981995379,0 PDF location(s) + Europe PMC tried; no Europe PMC OA full text
10.4103/ajpn.ajpn_21_24,https://doi.org/10.4103/ajpn.ajpn_21_24,"Abstracts of the 36th Annual Conference of the Indian Society of Pediatric Nephrology, New Delhi",2024,doi.org,https://doi.org/10.4103/ajpn.ajpn_21_24,HTTP 403 (publisher blocks scripted clients),W4406785505,HTTPError: 403 Client Error: Forbidden for url: https://journals.lww.com/10.4103/ajpn.ajpn_21_24
10.47749/t/unicamp.2025.1500860,https://doi.org/10.47749/t/unicamp.2025.1500860,"Estudo teórico das propriedades espectroscópicas, sob efeitos relativísticos, para os sistemas diatômicos LnY, Ln = La, Ce, Pr, Sm ou Eu; e Y = F ou O e complexos M(acac)3, M = Fe, B, Al, Ga, In e Tl",2025,doi.org,https://doi.org/10.47749/t/unicamp.2025.1500860,no fetchable PDF and no Europe PMC full text,W4413926359,0 PDF location(s) + Europe PMC tried; no Europe PMC OA full text
10.48420/30204577.v2,https://doi.org/10.48420/30204577.v2,"Research data for: ""Electron and Nuclear Spin Dynamics of a Lanthanide Complex in Solution""",2025,doi.org,https://doi.org/10.48420/30204577.v2,no fetchable PDF and no Europe PMC full text,W7134826414,0 PDF location(s) + Europe PMC tried; no Europe PMC OA full text
10.48420/30888737,https://doi.org/10.48420/30888737,"Research data for ""Hydration States of Transplutonium Ions Alter Electronic Structure""",2025,doi.org,https://doi.org/10.48420/30888737,no fetchable PDF and no Europe PMC full text,W7115903669,0 PDF location(s) + Europe PMC tried; no Europe PMC OA full text
10.48550/arxiv.1403.4061,https://doi.org/10.48550/arxiv.1403.4061,SeD Radical: A probe for measurement of time variation of Fine Structure Constant($α$) and Proton to Electron Mass Ratio($μ$),2014,doi.org,https://doi.org/10.48550/arxiv.1403.4061,"HTML landing page, not a PDF",W2984897098,ValueError: response is not a PDF (probably an HTML landing page)
10.48550/arxiv.1612.04419,https://doi.org/10.48550/arxiv.1612.04419,Time-dependent restricted-active-space self-consistent-field theory for bosonic many-body systems,2016,doi.org,https://doi.org/10.48550/arxiv.1612.04419,"HTML landing page, not a PDF",W2945527144,ValueError: response is not a PDF (probably an HTML landing page)
10.48550/arxiv.2505.23344,https://doi.org/10.48550/arxiv.2505.23344,A Descriptor Is All You Need: Accurate Machine Learning of Nonadiabatic Coupling Vectors,2025,doi.org,https://doi.org/10.48550/arxiv.2505.23344,no fetchable PDF and no Europe PMC full text,W4416554207,0 PDF location(s) + Europe PMC tried; no Europe PMC OA full text
10.48550/arxiv.2511.03567,https://doi.org/10.48550/arxiv.2511.03567,Efficient Implementation of the Spin-Free Renormalized Internally-Contracted Multireference Coupled Cluster Theory,2025,doi.org,https://doi.org/10.48550/arxiv.2511.03567,"HTML landing page, not a PDF",W7104249039,ValueError: response is not a PDF (probably an HTML landing page)
10.48550/arxiv.2511.18855,https://doi.org/10.48550/arxiv.2511.18855,Theoretical study on excited states of ICl+ molecular ion considering spin-orbit coupling,2025,doi.org,https://doi.org/10.48550/arxiv.2511.18855,"HTML landing page, not a PDF",W7106666609,ValueError: response is not a PDF (probably an HTML landing page)
10.48550/arxiv.2512.19778,https://doi.org/10.48550/arxiv.2512.19778,Validation of Quantum Computing for Transition Metal Oxide-based Automotive Catalysis,2025,doi.org,https://doi.org/10.48550/arxiv.2512.19778,no fetchable PDF and no Europe PMC full text,W7117263240,0 PDF location(s) + Europe PMC tried; no Europe PMC OA full text
10.48550/arxiv.2601.01040,https://doi.org/10.48550/arxiv.2601.01040,"Clarifying NH2 + O(3P) Reaction Dynamics: A Full-Dimensional MRCI, Machine-Learned PES Unravels High-Temperature Kinetics",2026,doi.org,https://doi.org/10.48550/arxiv.2601.01040,"HTML landing page, not a PDF",W7118973940,ValueError: response is not a PDF (probably an HTML landing page)
10.48550/arxiv.2601.11936,https://doi.org/10.48550/arxiv.2601.11936,Full Reaction Pathway Dynamics for Atmospheric Decomposition Reactions: The Photodissociation of H$_2$COO,2026,doi.org,https://doi.org/10.48550/arxiv.2601.11936,"HTML landing page, not a PDF",W7125122752,ValueError: response is not a PDF (probably an HTML landing page)
10.48550/arxiv.2603.10546,https://doi.org/10.48550/arxiv.2603.10546,Towards Quantitative Reaction Dynamics of O3,2026,doi.org,https://doi.org/10.48550/arxiv.2603.10546,"HTML landing page, not a PDF",W7135079366,ValueError: response is not a PDF (probably an HTML landing page)
10.48550/arxiv.2603.24590,https://doi.org/10.48550/arxiv.2603.24590,"Electronic properties of the Radium-monochalcogenides RaX (X = O,S,Se) and RaO+/- ions",2026,doi.org,https://doi.org/10.48550/arxiv.2603.24590,"HTML landing page, not a PDF",W7140393938,ValueError: response is not a PDF (probably an HTML landing page)
10.48550/arxiv.2605.12186,https://doi.org/10.48550/arxiv.2605.12186,Asymmetric Planar-to-Dewar Isomerisation in BN-Doped Naphthalene: Mechanistic Implications for Molecular Solar Thermal Storage,2026,doi.org,https://doi.org/10.48550/arxiv.2605.12186,"HTML landing page, not a PDF",W7161025471,ValueError: response is not a PDF (probably an HTML landing page)
10.48550/arxiv.2605.14287,https://doi.org/10.48550/arxiv.2605.14287,A quantum chemistry dataset containing ground-state and conical-intersection structures of 260k molecules,2026,doi.org,https://doi.org/10.48550/arxiv.2605.14287,"HTML landing page, not a PDF",W7161294505,ValueError: response is not a PDF (probably an HTML landing page)
10.48550/arxiv.2605.14617,https://doi.org/10.48550/arxiv.2605.14617,Full-Dimensional Reactive Potential Energy Surfaces for OCS$^+$ $\rightarrow$ CO+S$^+$ Dissociation: Ground and Excited States,2026,doi.org,https://doi.org/10.48550/arxiv.2605.14617,"HTML landing page, not a PDF",W7161302089,ValueError: response is not a PDF (probably an HTML landing page)
10.48550/arxiv.2606.07879,https://doi.org/10.48550/arxiv.2606.07879,RLEASE: Reinforcement Learning Efficient Active Space Engine,2026,doi.org,https://doi.org/10.48550/arxiv.2606.07879,"HTML landing page, not a PDF",W7164063996,ValueError: response is not a PDF (probably an HTML landing page)
10.48700/datst.9sg2b-myd78,https://doi.org/10.48700/datst.9sg2b-myd78,Data for A Descriptor Is All You Need: Accurate Machine Learning of Nonadiabatic Coupling Vectors,2025,doi.org,https://doi.org/10.48700/datst.9sg2b-myd78,no fetchable PDF and no Europe PMC full text,W7131405184,0 PDF location(s) + Europe PMC tried; no Europe PMC OA full text
10.48700/datst.t55em-ndc28,https://doi.org/10.48700/datst.t55em-ndc28,Data for our contribution to COLUMBUS -An Efficient and General Program Package for Ground and Excited State Computations Including Spin−Orbit Couplings and Dynamics,2025,doi.org,https://doi.org/10.48700/datst.t55em-ndc28,no fetchable PDF and no Europe PMC full text,W7165636440,0 PDF location(s) + Europe PMC tried; no Europe PMC OA full text
10.48700/ff6ba-k3y07,https://doi.org/10.48700/ff6ba-k3y07,Data for our contribution to COLUMBUS -An Efficient and General Program Package for Ground and Excited State Computations Including Spin−Orbit Couplings and Dynamics,2025,doi.org,https://doi.org/10.48700/ff6ba-k3y07,no fetchable PDF and no Europe PMC full text,W7165647315,0 PDF location(s) + Europe PMC tried; no Europe PMC OA full text
10.48700/nrjxy-crx39,https://doi.org/10.48700/nrjxy-crx39,Data for A Descriptor Is All You Need: Accurate Machine Learning of Nonadiabatic Coupling Vectors,2025,doi.org,https://doi.org/10.48700/nrjxy-crx39,no fetchable PDF and no Europe PMC full text,W7165689881,0 PDF location(s) + Europe PMC tried; no Europe PMC OA full text
10.5167/uzh-433777,https://doi.org/10.5167/uzh-433777,Theoretical Approaches to Electronic Structure Probing at Metal Surface and Interface,2026,doi.org,https://doi.org/10.5167/uzh-433777,no fetchable PDF and no Europe PMC full text,W7155550418,0 PDF location(s) + Europe PMC tried; no Europe PMC OA full text
10.5194/egusphere-2025-116-ac1,https://doi.org/10.5194/egusphere-2025-116-ac1,Reply on RC1,2025,doi.org,https://doi.org/10.5194/egusphere-2025-116-ac1,"HTML landing page, not a PDF",W4409781694,ValueError: response is not a PDF (probably an HTML landing page)
10.5194/egusphere-2025-116-ac2,https://doi.org/10.5194/egusphere-2025-116-ac2,Reply on RC2,2025,doi.org,https://doi.org/10.5194/egusphere-2025-116-ac2,"HTML landing page, not a PDF",W4409781679,ValueError: response is not a PDF (probably an HTML landing page)
10.5194/egusphere-2025-116-cc1,https://doi.org/10.5194/egusphere-2025-116-cc1,Comment on egusphere-2025-116,2025,doi.org,https://doi.org/10.5194/egusphere-2025-116-cc1,"HTML landing page, not a PDF",W4407035410,ValueError: response is not a PDF (probably an HTML landing page)
10.5194/egusphere-2025-116-cc2,https://doi.org/10.5194/egusphere-2025-116-cc2,Reply on CC1,2025,doi.org,https://doi.org/10.5194/egusphere-2025-116-cc2,"HTML landing page, not a PDF",W4407063471,ValueError: response is not a PDF (probably an HTML landing page)
10.5194/egusphere-2025-116-rc1,https://doi.org/10.5194/egusphere-2025-116-rc1,Comment on egusphere-2025-116,2025,doi.org,https://doi.org/10.5194/egusphere-2025-116-rc1,"HTML landing page, not a PDF",W4407400308,ValueError: response is not a PDF (probably an HTML landing page)
10.5194/egusphere-2025-116-rc2,https://doi.org/10.5194/egusphere-2025-116-rc2,Comment on egusphere-2025-116,2025,doi.org,https://doi.org/10.5194/egusphere-2025-116-rc2,"HTML landing page, not a PDF",W4407594505,ValueError: response is not a PDF (probably an HTML landing page)
10.5194/egusphere-egu21-12095,https://doi.org/10.5194/egusphere-egu21-12095,Insights in the reactivity of CH2ICH2OH with OH radicals: implications for atmospheric iodine chemistry,2021,doi.org,https://doi.org/10.5194/egusphere-egu21-12095,"HTML landing page, not a PDF",W3211503005,ValueError: response is not a PDF (probably an HTML landing page)
10.5194/egusphere-egu25-15335,https://doi.org/10.5194/egusphere-egu25-15335,New experiments and quantum-molecular mechanics model of isotopic fractionation in formaldehyde photolysis explains atmospheric dD-H2 anomaly&amp;#160; and shows extreme isotopic fractionation in CO,2025,doi.org,https://doi.org/10.5194/egusphere-egu25-15335,"HTML landing page, not a PDF",W4408487432,ValueError: response is not a PDF (probably an HTML landing page)
10.5194/epsc2022-683,https://doi.org/10.5194/epsc2022-683,Interpreting Cassini CIRS Data with a Photochemical Model using Improved ab initio Reaction Rate Coefficients,2022,doi.org,https://doi.org/10.5194/epsc2022-683,"HTML landing page, not a PDF",W4297011139,ValueError: response is not a PDF (probably an HTML landing page)
10.5194/epsc2026-694,https://doi.org/10.5194/epsc2026-694,Ribose Photochemistry in Space: Non-adiabatic Reaction Pathways,2026,doi.org,https://doi.org/10.5194/epsc2026-694,no fetchable PDF and no Europe PMC full text,W7167122475,0 PDF location(s) + Europe PMC tried; no Europe PMC OA full text
10.5281/zenodo.10053324,https://doi.org/10.5281/zenodo.10053324,Supplementary Material: molecular geometries and isotropic NMR shieldings of the systems used to test CD-CASSCF and CD-GIAO-CASSCF,2023,doi.org,https://doi.org/10.5281/zenodo.10053324,no fetchable PDF and no Europe PMC full text,W4393760900,0 PDF location(s) + Europe PMC tried; no Europe PMC OA full text
10.5281/zenodo.10053325,https://doi.org/10.5281/zenodo.10053325,Supplementary Material: molecular geometries and isotropic NMR shieldings of the systems used to test CD-CASSCF and CD-GIAO-CASSCF,2023,doi.org,https://doi.org/10.5281/zenodo.10053325,no fetchable PDF and no Europe PMC full text,W4393884520,0 PDF location(s) + Europe PMC tried; no Europe PMC OA full text
10.5281/zenodo.10449450,https://doi.org/10.5281/zenodo.10449450,Chemical Control of Excited-State Reactivity of the Anionic Green Fluorescent Protein Chromophore,2024,doi.org,https://doi.org/10.5281/zenodo.10449450,no fetchable PDF and no Europe PMC full text,W4393448773,0 PDF location(s) + Europe PMC tried; no Europe PMC OA full text
10.5281/zenodo.1255998,https://doi.org/10.5281/zenodo.1255998,Substituent Position Effects On Sunscreen Photodynamics: A Closer Look At Methyl Anthranilate,2018,doi.org,https://doi.org/10.5281/zenodo.1255998,no fetchable PDF and no Europe PMC full text,W4393663914,0 PDF location(s) + Europe PMC tried; no Europe PMC OA full text
10.5281/zenodo.17406994,https://doi.org/10.5281/zenodo.17406994,Ab initio potential energy curves and spin-orbit couplings of $CO^{2+}$,2026,doi.org,https://doi.org/10.5281/zenodo.17406994,no fetchable PDF and no Europe PMC full text,W7124139610,0 PDF location(s) + Europe PMC tried; no Europe PMC OA full text
10.5281/zenodo.17406995,https://doi.org/10.5281/zenodo.17406995,Ab initio potential energy curves and spin-orbit couplings of $CO^{2+}$,2026,doi.org,https://doi.org/10.5281/zenodo.17406995,no fetchable PDF and no Europe PMC full text,W7124163309,0 PDF location(s) + Europe PMC tried; no Europe PMC OA full text
10.5281/zenodo.17955574,https://doi.org/10.5281/zenodo.17955574,"Supporting Data: A Tutorial on Mechanistic Modeling of Nonstatistical Reactivity: Example of Light and Heat Effects in the Garratt–Braverman/[1, 5]-H Shift of Ene-diallenes",2025,doi.org,https://doi.org/10.5281/zenodo.17955574,no fetchable PDF and no Europe PMC full text,W7115704244,0 PDF location(s) + Europe PMC tried; no Europe PMC OA full text
10.5281/zenodo.17955575,https://doi.org/10.5281/zenodo.17955575,"Supporting Data: A Tutorial on Mechanistic Modeling of Nonstatistical Reactivity: Example of Light and Heat Effects in the Garratt–Braverman/[1, 5]-H Shift of Ene-diallenes",2025,doi.org,https://doi.org/10.5281/zenodo.17955575,no fetchable PDF and no Europe PMC full text,W7115678463,0 PDF location(s) + Europe PMC tried; no Europe PMC OA full text
10.5281/zenodo.17981972,https://doi.org/10.5281/zenodo.17981972,The fine effects of high magnetic fields on hyperfine shifts,2025,doi.org,https://doi.org/10.5281/zenodo.17981972,no fetchable PDF and no Europe PMC full text,W7116395197,0 PDF location(s) + Europe PMC tried; no Europe PMC OA full text
10.5281/zenodo.17981973,https://doi.org/10.5281/zenodo.17981973,The fine effects of high magnetic fields on hyperfine shifts,2025,doi.org,https://doi.org/10.5281/zenodo.17981973,no fetchable PDF and no Europe PMC full text,W7116439613,0 PDF location(s) + Europe PMC tried; no Europe PMC OA full text
10.5281/zenodo.18034314,https://doi.org/10.5281/zenodo.18034314,"Supplementary Research Data for ""Decomposition of magnetic coupling in μ-oxo-bridged metal complexes""",2025,doi.org,https://doi.org/10.5281/zenodo.18034314,no fetchable PDF and no Europe PMC full text,W7117108798,0 PDF location(s) + Europe PMC tried; no Europe PMC OA full text
10.5281/zenodo.18034315,https://doi.org/10.5281/zenodo.18034315,"Supplementary Research Data for ""Decomposition of magnetic coupling in μ-oxo-bridged metal complexes""",2025,doi.org,https://doi.org/10.5281/zenodo.18034315,no fetchable PDF and no Europe PMC full text,W7117120104,0 PDF location(s) + Europe PMC tried; no Europe PMC OA full text
10.5281/zenodo.18135261,https://doi.org/10.5281/zenodo.18135261,De Novo Design of a Non-Cryogenic Quantum Interface: Tuning Erbium Emission to the Telecom C-Band within a Synthetic Protein Scaffold,2026,doi.org,https://doi.org/10.5281/zenodo.18135261,no fetchable PDF and no Europe PMC full text,W7118101311,0 PDF location(s) + Europe PMC tried; no Europe PMC OA full text
10.5281/zenodo.18135262,https://doi.org/10.5281/zenodo.18135262,De Novo Design of a Non-Cryogenic Quantum Interface: Tuning Erbium Emission to the Telecom C-Band within a Synthetic Protein Scaffold,2026,doi.org,https://doi.org/10.5281/zenodo.18135262,no fetchable PDF and no Europe PMC full text,W7118070171,0 PDF location(s) + Europe PMC tried; no Europe PMC OA full text
10.5281/zenodo.18135798,https://doi.org/10.5281/zenodo.18135798,De Novo Design of a Non-Cryogenic Quantum Interface: Tuning Erbium Emission to the Telecom C-Band within a Synthetic Protein Scaffold,2026,doi.org,https://doi.org/10.5281/zenodo.18135798,no fetchable PDF and no Europe PMC full text,W7118074043,0 PDF location(s) + Europe PMC tried; no Europe PMC OA full text
10.5281/zenodo.18267424,https://doi.org/10.5281/zenodo.18267424,Mechanistic Insights into Luminol Chemiexcitation: The Role of the Amide Carbonyls,2026,doi.org,https://doi.org/10.5281/zenodo.18267424,no fetchable PDF and no Europe PMC full text,W7125154230,0 PDF location(s) + Europe PMC tried; no Europe PMC OA full text
10.5281/zenodo.18267425,https://doi.org/10.5281/zenodo.18267425,Mechanistic Insights into Luminol Chemiexcitation: The Role of the Amide Carbonyls,2026,doi.org,https://doi.org/10.5281/zenodo.18267425,no fetchable PDF and no Europe PMC full text,W7125206511,0 PDF location(s) + Europe PMC tried; no Europe PMC OA full text
10.5281/zenodo.18877523,https://doi.org/10.5281/zenodo.18877523,BOMD Structural Analysis of Dark and Bright State of Channelrhodopsin 2,2026,doi.org,https://doi.org/10.5281/zenodo.18877523,no fetchable PDF and no Europe PMC full text,W7134078335,0 PDF location(s) + Europe PMC tried; no Europe PMC OA full text
10.5281/zenodo.18886879,https://doi.org/10.5281/zenodo.18886879,Nonadiabatic Surface Hopping Simulation Of Channelrhodopsin 2,2026,doi.org,https://doi.org/10.5281/zenodo.18886879,no fetchable PDF and no Europe PMC full text,W7134047730,0 PDF location(s) + Europe PMC tried; no Europe PMC OA full text
10.5281/zenodo.18919026,https://doi.org/10.5281/zenodo.18919026,The multiplet electronic structure of U ion: relativistic all-electron ab initio approach,2024,doi.org,https://doi.org/10.5281/zenodo.18919026,"HTML landing page, not a PDF",W7134287144,ValueError: response is not a PDF (probably an HTML landing page)
10.5281/zenodo.18941710,https://doi.org/10.5281/zenodo.18941710,"ASDM-I (January 16, 2026 Canonical Version) – Published by Whirl ASI / DeepPsyche.",2026,doi.org,https://doi.org/10.5281/zenodo.18941710,"HTML landing page, not a PDF",W7134814317,ValueError: response is not a PDF (probably an HTML landing page)
10.5281/zenodo.18993128,https://doi.org/10.5281/zenodo.18993128,From Oxo to Oxyl to Biradical: Systematic Multireference Calculations of Methane Activation at MOF Nodes,2026,doi.org,https://doi.org/10.5281/zenodo.18993128,no fetchable PDF and no Europe PMC full text,W7136077716,0 PDF location(s) + Europe PMC tried; no Europe PMC OA full text
10.5281/zenodo.18993129,https://doi.org/10.5281/zenodo.18993129,From Oxo to Oxyl to Biradical: Systematic Multireference Calculations of Methane Activation at MOF Nodes,2026,doi.org,https://doi.org/10.5281/zenodo.18993129,TLS/SSL failure,W7136057147,"SSLError: HTTPSConnectionPool(host='api.openalex.org', port=443): Max retries exceeded with url: /works/https://doi.org/10.5281/zenodo.18993129?mailto=victorchanglee%40gmail.com&select=locations%2Cbest_oa_location (Caused by SSLError(SSLEOFError(8, '[SSL: UNEXPECTED_EOF_WHILE_READING] EOF occurred i"
10.5281/zenodo.19019460,https://doi.org/10.5281/zenodo.19019460,MRCI AND ITS IMPACT ON MEDICATION ADHERENCE IN PATIENTS WITH TYPE 2 DIABETES MELLITUS AND CARDIOVASCULAR DISEASE: AN OBSERVATIONAL STUDY - RESEARCH ARTICLE,2026,doi.org,https://doi.org/10.5281/zenodo.19019460,"HTML landing page, not a PDF",W7135372655,ValueError: response is not a PDF (probably an HTML landing page)
10.5281/zenodo.19019461,https://doi.org/10.5281/zenodo.19019461,MRCI AND ITS IMPACT ON MEDICATION ADHERENCE IN PATIENTS WITH TYPE 2 DIABETES MELLITUS AND CARDIOVASCULAR DISEASE: AN OBSERVATIONAL STUDY - RESEARCH ARTICLE,2026,doi.org,https://doi.org/10.5281/zenodo.19019461,"HTML landing page, not a PDF",W7135399735,ValueError: response is not a PDF (probably an HTML landing page)
10.5281/zenodo.19135911,https://doi.org/10.5281/zenodo.19135911,inZOR-ND vs Random Search: Comparative Validation for CASSCF Active Space Discovery on Cr₂ with Multiple Geometries,2026,doi.org,https://doi.org/10.5281/zenodo.19135911,no fetchable PDF and no Europe PMC full text,W7139910126,0 PDF location(s) + Europe PMC tried; no Europe PMC OA full text
10.5281/zenodo.19151936,https://doi.org/10.5281/zenodo.19151936,inZOR-ND: Comprehensive Validation for Automatic CASSCF Active Space Selection — 8 Benchmarks on 6 Molecular Systems,2026,doi.org,https://doi.org/10.5281/zenodo.19151936,no fetchable PDF and no Europe PMC full text,W7139974670,0 PDF location(s) + Europe PMC tried; no Europe PMC OA full text
10.5281/zenodo.19151937,https://doi.org/10.5281/zenodo.19151937,inZOR-ND: Comprehensive Validation for Automatic CASSCF Active Space Selection — 5 Benchmarks on 5 Molecular Systems,2026,doi.org,https://doi.org/10.5281/zenodo.19151937,no fetchable PDF and no Europe PMC full text,W7139979558,0 PDF location(s) + Europe PMC tried; no Europe PMC OA full text
10.5281/zenodo.19157750,https://doi.org/10.5281/zenodo.19157750,QENEX LAB: Advanced Scientific Computing & Drug Discovery Platform,2026,doi.org,https://doi.org/10.5281/zenodo.19157750,no fetchable PDF and no Europe PMC full text,W7140051857,0 PDF location(s) + Europe PMC tried; no Europe PMC OA full text
10.5281/zenodo.19207910,https://doi.org/10.5281/zenodo.19207910,Position-Dependent Epoxidation as a Strategy to Tune Optical Transitions in Nanographenes: Coronene Model Insights,2026,doi.org,https://doi.org/10.5281/zenodo.19207910,"HTML landing page, not a PDF",W7140164080,ValueError: response is not a PDF (probably an HTML landing page)
10.5281/zenodo.19316851,https://doi.org/10.5281/zenodo.19316851,RASP as the Mean-Field of Orch-OR: A Derivation of the Recursive Attractor Stability Principle from Quantum Microtubule Dynamics,2026,doi.org,https://doi.org/10.5281/zenodo.19316851,no fetchable PDF and no Europe PMC full text,W7142787753,0 PDF location(s) + Europe PMC tried; no Europe PMC OA full text
10.5281/zenodo.19316852,https://doi.org/10.5281/zenodo.19316852,RASP as the Mean-Field of Orch-OR: A Derivation of the Recursive Attractor Stability Principle from Quantum Microtubule Dynamics,2026,doi.org,https://doi.org/10.5281/zenodo.19316852,no fetchable PDF and no Europe PMC full text,W7142755787,0 PDF location(s) + Europe PMC tried; no Europe PMC OA full text
10.5281/zenodo.19317581,https://doi.org/10.5281/zenodo.19317581,"The (3,5) Structural Motif in Quantum Biology: Aromatic Triads from Cryptochrome to the Proteome",2026,doi.org,https://doi.org/10.5281/zenodo.19317581,no fetchable PDF and no Europe PMC full text,W7142685926,0 PDF location(s) + Europe PMC tried; no Europe PMC OA full text
10.5281/zenodo.19317582,https://doi.org/10.5281/zenodo.19317582,"The (3,5) Structural Motif in Quantum Biology: Aromatic Triads from Cryptochrome to the Proteome",2026,doi.org,https://doi.org/10.5281/zenodo.19317582,no fetchable PDF and no Europe PMC full text,W7142668792,0 PDF location(s) + Europe PMC tried; no Europe PMC OA full text
10.5281/zenodo.19397719,https://doi.org/10.5281/zenodo.19397719,Unexpected Photoluminescence Enhancement upon Epoxidation of Coronene: A DFT/MRCI Study,2026,doi.org,https://doi.org/10.5281/zenodo.19397719,"HTML landing page, not a PDF",W7148650885,ValueError: response is not a PDF (probably an HTML landing page)
10.5281/zenodo.19398117,https://doi.org/10.5281/zenodo.19398117,Ab Initio Quantum Chemistry for Electron Correlation: From Theoretical Foundations to Drug Discovery Applications,2026,doi.org,https://doi.org/10.5281/zenodo.19398117,no fetchable PDF and no Europe PMC full text,W7148906894,0 PDF location(s) + Europe PMC tried; no Europe PMC OA full text
10.5281/zenodo.19398118,https://doi.org/10.5281/zenodo.19398118,Ab Initio Quantum Chemistry for Electron Correlation: From Theoretical Foundations to Drug Discovery Applications,2026,doi.org,https://doi.org/10.5281/zenodo.19398118,no fetchable PDF and no Europe PMC full text,W7148987560,0 PDF location(s) + Europe PMC tried; no Europe PMC OA full text
10.5281/zenodo.19411265,https://doi.org/10.5281/zenodo.19411265,"QC gaps: why they matter, H₂ as a minimal diagnostic, ethylene exploration in inZOR-ND, and the discrete-search benchmarks",2026,doi.org,https://doi.org/10.5281/zenodo.19411265,no fetchable PDF and no Europe PMC full text,W7148803856,0 PDF location(s) + Europe PMC tried; no Europe PMC OA full text
10.5281/zenodo.19411266,https://doi.org/10.5281/zenodo.19411266,"QC gaps: why they matter, H₂ as a minimal diagnostic, ethylene exploration in inZOR-ND, and the discrete-search benchmarks",2026,doi.org,https://doi.org/10.5281/zenodo.19411266,no fetchable PDF and no Europe PMC full text,W7148712486,0 PDF location(s) + Europe PMC tried; no Europe PMC OA full text
10.5281/zenodo.19411341,https://doi.org/10.5281/zenodo.19411341,Ethylene (3D) — Quasi-Degenerate Gap Structure via inZOR-ND,2026,doi.org,https://doi.org/10.5281/zenodo.19411341,no fetchable PDF and no Europe PMC full text,W7149031939,0 PDF location(s) + Europe PMC tried; no Europe PMC OA full text
10.5281/zenodo.19411342,https://doi.org/10.5281/zenodo.19411342,Ethylene (3D) — Quasi-Degenerate Gap Structure via inZOR-ND,2026,doi.org,https://doi.org/10.5281/zenodo.19411342,no fetchable PDF and no Europe PMC full text,W7148822093,0 PDF location(s) + Europe PMC tried; no Europe PMC OA full text
10.5281/zenodo.19478937,https://doi.org/10.5281/zenodo.19478937,Planck,2026,doi.org,https://doi.org/10.5281/zenodo.19478937,no fetchable PDF and no Europe PMC full text,W7152733512,0 PDF location(s) + Europe PMC tried; no Europe PMC OA full text
10.5281/zenodo.19500835,https://doi.org/10.5281/zenodo.19500835,Position-Dependent Epoxidation as a Strategy to Tune Optical Transitions in Nanographenes: Coronene Model Insights,2026,doi.org,https://doi.org/10.5281/zenodo.19500835,"HTML landing page, not a PDF",W7153226178,ValueError: response is not a PDF (probably an HTML landing page)
10.5281/zenodo.19510749,https://doi.org/10.5281/zenodo.19510749,"Conformal Grounding of the Non-minimal Coupling ξ, Formal Derivation of kexp = 2 from the HP Superposition Integral, and Full Simulation of the Brane-to-Bulk-to-Brane Transition",2026,doi.org,https://doi.org/10.5281/zenodo.19510749,no fetchable PDF and no Europe PMC full text,W7153627826,0 PDF location(s) + Europe PMC tried; no Europe PMC OA full text
10.5281/zenodo.19510750,https://doi.org/10.5281/zenodo.19510750,"Conformal Grounding of the Non-minimal Coupling ξ, Formal Derivation of kexp = 2 from the HP Superposition Integral, and Full Simulation of the Brane-to-Bulk-to-Brane Transition",2026,doi.org,https://doi.org/10.5281/zenodo.19510750,no fetchable PDF and no Europe PMC full text,W7153556526,0 PDF location(s) + Europe PMC tried; no Europe PMC OA full text
10.5281/zenodo.19537404,https://doi.org/10.5281/zenodo.19537404,"inZOR-ND: Photochemical Multi-Geometry Active Space Selection — Fulvene CAS(10,10) 12/12 vs NOON-MP2 (Ethylene, Butadiene, Fulvene)",2026,doi.org,https://doi.org/10.5281/zenodo.19537404,no fetchable PDF and no Europe PMC full text,W7153821062,0 PDF location(s) + Europe PMC tried; no Europe PMC OA full text
10.5281/zenodo.19537405,https://doi.org/10.5281/zenodo.19537405,"inZOR-ND: Photochemical Multi-Geometry Active Space Selection — Fulvene CAS(10,10) 12/12 vs NOON-MP2 (Ethylene, Butadiene, Fulvene)",2026,doi.org,https://doi.org/10.5281/zenodo.19537405,no fetchable PDF and no Europe PMC full text,W7153844302,0 PDF location(s) + Europe PMC tried; no Europe PMC OA full text
10.5281/zenodo.19548906,https://doi.org/10.5281/zenodo.19548906,"Data for ""Multireference Excited-State Screening Reveals Hidden Candidate Space in Organic Semiconductors""",2026,doi.org,https://doi.org/10.5281/zenodo.19548906,no fetchable PDF and no Europe PMC full text,W7154111148,0 PDF location(s) + Europe PMC tried; no Europe PMC OA full text
10.5281/zenodo.19548907,https://doi.org/10.5281/zenodo.19548907,"Data for ""Multireference Excited-State Screening Reveals Hidden Candidate Space in Organic Semiconductors""",2026,doi.org,https://doi.org/10.5281/zenodo.19548907,no fetchable PDF and no Europe PMC full text,W7154184808,0 PDF location(s) + Europe PMC tried; no Europe PMC OA full text
10.5281/zenodo.19554524,https://doi.org/10.5281/zenodo.19554524,"NAMD LZBL Trajectories of All-trans-1,3,5-Hexatriene employing our MLIP-MRCI model",2026,doi.org,https://doi.org/10.5281/zenodo.19554524,"HTML landing page, not a PDF",W7154035402,ValueError: response is not a PDF (probably an HTML landing page)
10.5281/zenodo.19554525,https://doi.org/10.5281/zenodo.19554525,"NAMD LZBL Trajectories of All-trans-1,3,5-Hexatriene employing our MLIP-MRCI model",2026,doi.org,https://doi.org/10.5281/zenodo.19554525,"HTML landing page, not a PDF",W7154064261,ValueError: response is not a PDF (probably an HTML landing page)
10.5281/zenodo.19563196,https://doi.org/10.5281/zenodo.19563196,Er-Mediated Phononic Waveguide-QED Architecture for Scalable Microwave–Optical Quantum Transduction in Thin-Film Lithium Niobate,2026,doi.org,https://doi.org/10.5281/zenodo.19563196,no fetchable PDF and no Europe PMC full text,W7154902867,0 PDF location(s) + Europe PMC tried; no Europe PMC OA full text
10.5281/zenodo.19563197,https://doi.org/10.5281/zenodo.19563197,Er-Mediated Phononic Waveguide-QED Architecture for Scalable Microwave–Optical Quantum Transduction in Thin-Film Lithium Niobate,2026,doi.org,https://doi.org/10.5281/zenodo.19563197,no fetchable PDF and no Europe PMC full text,W7154915113,0 PDF location(s) + Europe PMC tried; no Europe PMC OA full text
10.5281/zenodo.19564687,https://doi.org/10.5281/zenodo.19564687,"Benchmarking the Photophysics of a Rigid Square-planar Ni(II) Complex using GASSCF, MC-PDFT and TDDFT SI",2026,doi.org,https://doi.org/10.5281/zenodo.19564687,"HTML landing page, not a PDF",W7154318341,ValueError: response is not a PDF (probably an HTML landing page)
10.5281/zenodo.19564688,https://doi.org/10.5281/zenodo.19564688,"Benchmarking the Photophysics of a Rigid Square-planar Ni(II) Complex using GASSCF, MC-PDFT and TDDFT SI",2026,doi.org,https://doi.org/10.5281/zenodo.19564688,"HTML landing page, not a PDF",W7154357731,ValueError: response is not a PDF (probably an HTML landing page)
10.5281/zenodo.19655526,https://doi.org/10.5281/zenodo.19655526,"inZOR-ND: Chemistry-Consistent Active-Space Selection across CH2O, C2H4 and C4H6 — A Three-Benchmark Validation under SA(2)-CASSCF / cc-pVDZ",2026,doi.org,https://doi.org/10.5281/zenodo.19655526,no fetchable PDF and no Europe PMC full text,W7154900767,0 PDF location(s) + Europe PMC tried; no Europe PMC OA full text
10.5281/zenodo.19655527,https://doi.org/10.5281/zenodo.19655527,"inZOR-ND: Chemistry-Consistent Active-Space Selection across CH2O, C2H4 and C4H6 — A Three-Benchmark Validation under SA(2)-CASSCF / cc-pVDZ",2026,doi.org,https://doi.org/10.5281/zenodo.19655527,no fetchable PDF and no Europe PMC full text,W7154893216,0 PDF location(s) + Europe PMC tried; no Europe PMC OA full text
10.5281/zenodo.19740845,https://doi.org/10.5281/zenodo.19740845,ABIN,2026,doi.org,https://doi.org/10.5281/zenodo.19740845,"HTML landing page, not a PDF",W7155563276,ValueError: response is not a PDF (probably an HTML landing page)
10.5281/zenodo.19825544,https://doi.org/10.5281/zenodo.19825544,Rigid Scan of C–O Bond Photocleavage in a Photoresponsive Drug Model,2026,doi.org,https://doi.org/10.5281/zenodo.19825544,"HTML landing page, not a PDF",W7156034978,ValueError: response is not a PDF (probably an HTML landing page)
10.5281/zenodo.19825545,https://doi.org/10.5281/zenodo.19825545,Rigid Scan of C–O Bond Photocleavage in a Photoresponsive Drug Model,2026,doi.org,https://doi.org/10.5281/zenodo.19825545,"HTML landing page, not a PDF",W7156144577,ValueError: response is not a PDF (probably an HTML landing page)
10.5281/zenodo.20016410,https://doi.org/10.5281/zenodo.20016410,"God Does Not Play Dice: Transition Metals Analysis through the Determinacy Equation, Part 3: Transition Metals",2026,doi.org,https://doi.org/10.5281/zenodo.20016410,no fetchable PDF and no Europe PMC full text,W7159933094,0 PDF location(s) + Europe PMC tried; no Europe PMC OA full text
10.5281/zenodo.20016411,https://doi.org/10.5281/zenodo.20016411,"God Does Not Play Dice: Transition Metals Analysis through the Determinacy Equation, Part 3: Transition Metals",2026,doi.org,https://doi.org/10.5281/zenodo.20016411,no fetchable PDF and no Europe PMC full text,W7159950220,0 PDF location(s) + Europe PMC tried; no Europe PMC OA full text
10.5281/zenodo.20070120,https://doi.org/10.5281/zenodo.20070120,From Oxo to Oxyl to Biradical: Systematic Multireference Calculations of Methane Activation at MOF Nodes,2026,doi.org,https://doi.org/10.5281/zenodo.20070120,no fetchable PDF and no Europe PMC full text,W7160534575,0 PDF location(s) + Europe PMC tried; no Europe PMC OA full text
10.5281/zenodo.20083483,https://doi.org/10.5281/zenodo.20083483,QENEX Verifier — Open-Source Reproducer for QENEX LAB v2 Paper Claims,2026,doi.org,https://doi.org/10.5281/zenodo.20083483,no fetchable PDF and no Europe PMC full text,W7161493170,0 PDF location(s) + Europe PMC tried; no Europe PMC OA full text
10.5281/zenodo.20204568,https://doi.org/10.5281/zenodo.20204568,Mapping Proton-Coupled Electron Transfer with Real Space Coordinates,2026,doi.org,https://doi.org/10.5281/zenodo.20204568,no fetchable PDF and no Europe PMC full text,W7161278973,0 PDF location(s) + Europe PMC tried; no Europe PMC OA full text
10.5281/zenodo.20204569,https://doi.org/10.5281/zenodo.20204569,Mapping Proton-Coupled Electron Transfer with Real Space Coordinates,2026,doi.org,https://doi.org/10.5281/zenodo.20204569,no fetchable PDF and no Europe PMC full text,W7161252789,0 PDF location(s) + Europe PMC tried; no Europe PMC OA full text
10.5281/zenodo.20264767,https://doi.org/10.5281/zenodo.20264767,Sector-Aware VQE for Reduced Fe₄N₂ Active-Space Models: Correction of a Prior Redox-Driven Electronic-Structure Collapse Claim,2026,doi.org,https://doi.org/10.5281/zenodo.20264767,no fetchable PDF and no Europe PMC full text,W7161550944,0 PDF location(s) + Europe PMC tried; no Europe PMC OA full text
10.5281/zenodo.20303973,https://doi.org/10.5281/zenodo.20303973,QENEX Verifier — Open-Source Reproducer for QENEX LAB v2 Paper Claims,2026,doi.org,https://doi.org/10.5281/zenodo.20303973,no fetchable PDF and no Europe PMC full text,W7161817752,0 PDF location(s) + Europe PMC tried; no Europe PMC OA full text
10.5281/zenodo.20303974,https://doi.org/10.5281/zenodo.20303974,QENEX Verifier — Open-Source Reproducer for QENEX LAB v2 Paper Claims,2026,doi.org,https://doi.org/10.5281/zenodo.20303974,no fetchable PDF and no Europe PMC full text,W7161844553,0 PDF location(s) + Europe PMC tried; no Europe PMC OA full text
10.5281/zenodo.20406918,https://doi.org/10.5281/zenodo.20406918,SHNITSEL - Surface Hopping Nested Instances Training Set for Excited-state Learning,2026,doi.org,https://doi.org/10.5281/zenodo.20406918,no fetchable PDF and no Europe PMC full text,W7162569421,0 PDF location(s) + Europe PMC tried; no Europe PMC OA full text
10.5281/zenodo.20415504,https://doi.org/10.5281/zenodo.20415504,Planck,2026,doi.org,https://doi.org/10.5281/zenodo.20415504,no fetchable PDF and no Europe PMC full text,W7162501005,0 PDF location(s) + Europe PMC tried; no Europe PMC OA full text
10.5281/zenodo.20419288,https://doi.org/10.5281/zenodo.20419288,Er-Mediated Phononic Waveguide-QED Architecture for Scalable Microwave–Optical Quantum Transduction in Thin-Film Lithium Niobate,2026,doi.org,https://doi.org/10.5281/zenodo.20419288,no fetchable PDF and no Europe PMC full text,W7162557018,0 PDF location(s) + Europe PMC tried; no Europe PMC OA full text
10.5281/zenodo.21252628,https://doi.org/10.5281/zenodo.21252628,Quantum-Inspired Tensor Network and Statistical Meta-Analysis Pipeline for Topological Optimization of Plasmodium falciparum Antimalarial Ligands,2026,doi.org,https://doi.org/10.5281/zenodo.21252628,no fetchable PDF and no Europe PMC full text,W7167721267,0 PDF location(s) + Europe PMC tried; no Europe PMC OA full text
10.5281/zenodo.21277816,https://doi.org/10.5281/zenodo.21277816,The Condensed Matter Amplituhedron: CASSCF Wavefunctions as Geodesics on the Grassmannian,2026,doi.org,https://doi.org/10.5281/zenodo.21277816,no fetchable PDF and no Europe PMC full text,W7167795119,0 PDF location(s) + Europe PMC tried; no Europe PMC OA full text
10.5281/zenodo.21277820,https://doi.org/10.5281/zenodo.21277820,Schrodinger's Equation on the Grassmannian: The Correct Action Principle for Correlated Many-Body Wavefunctions,2026,doi.org,https://doi.org/10.5281/zenodo.21277820,no fetchable PDF and no Europe PMC full text,W7167843253,0 PDF location(s) + Europe PMC tried; no Europe PMC OA full text
10.5281/zenodo.21277822,https://doi.org/10.5281/zenodo.21277822,"A Universal Theory of Chemical Bonding from the Grassmannian: Three ISA Descriptors Unify Lewis, MO, and VB Theories",2026,doi.org,https://doi.org/10.5281/zenodo.21277822,no fetchable PDF and no Europe PMC full text,W7167797876,0 PDF location(s) + Europe PMC tried; no Europe PMC OA full text
10.5281/zenodo.21279007,https://doi.org/10.5281/zenodo.21279007,The Grassmannian as the Common Parent of Bonding and Scattering,2026,doi.org,https://doi.org/10.5281/zenodo.21279007,no fetchable PDF and no Europe PMC full text,W7167784670,0 PDF location(s) + Europe PMC tried; no Europe PMC OA full text
10.5281/zenodo.21300668,https://doi.org/10.5281/zenodo.21300668,The Topological Active Space: Weak Lifting and C/T Skeleton Pre-Screening for CASSCF,2026,doi.org,https://doi.org/10.5281/zenodo.21300668,no fetchable PDF and no Europe PMC full text,W7168047780,0 PDF location(s) + Europe PMC tried; no Europe PMC OA full text
10.5281/zenodo.21300679,https://doi.org/10.5281/zenodo.21300679,ISA-Guided Active Space Selection: H^k Orbital Stratification Automates CASSCF,2026,doi.org,https://doi.org/10.5281/zenodo.21300679,no fetchable PDF and no Europe PMC full text,W7167942614,0 PDF location(s) + Europe PMC tried; no Europe PMC OA full text
10.5281/zenodo.21300680,https://doi.org/10.5281/zenodo.21300680,ISA-Guided Active Space Selection: H^k Orbital Stratification Automates CASSCF,2026,doi.org,https://doi.org/10.5281/zenodo.21300680,no fetchable PDF and no Europe PMC full text,W7167947091,0 PDF location(s) + Europe PMC tried; no Europe PMC OA full text
10.5281/zenodo.21309089,https://doi.org/10.5281/zenodo.21309089,"Grassmannian Compression: Active Space Selection as Geometry, Transport, and Topology",2026,doi.org,https://doi.org/10.5281/zenodo.21309089,no fetchable PDF and no Europe PMC full text,W7168048162,0 PDF location(s) + Europe PMC tried; no Europe PMC OA full text
10.5281/zenodo.21329567,https://doi.org/10.5281/zenodo.21329567,Replicating the Quantum Coherence of the Eye in an Artificial Molecule... The Dawn of the Quantum Biomimetic Era,2026,doi.org,https://doi.org/10.5281/zenodo.21329567,"HTML landing page, not a PDF",W7168147985,ValueError: response is not a PDF (probably an HTML landing page)
10.5281/zenodo.21329568,https://doi.org/10.5281/zenodo.21329568,Replicating the Quantum Coherence of the Eye in an Artificial Molecule... The Dawn of the Quantum Biomimetic Era,2026,doi.org,https://doi.org/10.5281/zenodo.21329568,"HTML landing page, not a PDF",W7168181735,ValueError: response is not a PDF (probably an HTML landing page)
10.5281/zenodo.21332968,https://doi.org/10.5281/zenodo.21332968,"Five DNA and RNA bases swallow ultraviolet light: the purines slide straight out, the pyrimidines hesitate",2026,doi.org,https://doi.org/10.5281/zenodo.21332968,no fetchable PDF and no Europe PMC full text,W7168155330,0 PDF location(s) + Europe PMC tried; no Europe PMC OA full text
10.5281/zenodo.21332969,https://doi.org/10.5281/zenodo.21332969,"Five DNA and RNA bases swallow ultraviolet light: the purines slide straight out, the pyrimidines hesitate",2026,doi.org,https://doi.org/10.5281/zenodo.21332969,no fetchable PDF and no Europe PMC full text,W7168156112,0 PDF location(s) + Europe PMC tried; no Europe PMC OA full text
10.5281/zenodo.21346077,https://doi.org/10.5281/zenodo.21346077,Weyl-Stratified Active Space Compression: Topological Routing of Orbital Pairs to Exact Correlation Methods,2026,doi.org,https://doi.org/10.5281/zenodo.21346077,no fetchable PDF and no Europe PMC full text,W7168153207,0 PDF location(s) + Europe PMC tried; no Europe PMC OA full text
10.5281/zenodo.21645261,https://doi.org/10.5281/zenodo.21645261,HUBUNGAN KOMPLEKSITAS REGIMEN OBAT TERHADAP DIABETES BURNOUT SYNDROM PADA PASIEN DIABETES MELLITUS TIPE 2: STUDI CROSS-SECTIONAL,2026,doi.org,https://doi.org/10.5281/zenodo.21645261,"HTML landing page, not a PDF",W7171566982,ValueError: response is not a PDF (probably an HTML landing page)
10.5281/zenodo.21645262,https://doi.org/10.5281/zenodo.21645262,HUBUNGAN KOMPLEKSITAS REGIMEN OBAT TERHADAP DIABETES BURNOUT SYNDROM PADA PASIEN DIABETES MELLITUS TIPE 2: STUDI CROSS-SECTIONAL,2026,doi.org,https://doi.org/10.5281/zenodo.21645262,"HTML landing page, not a PDF",W7171486214,ValueError: response is not a PDF (probably an HTML landing page)
10.5281/zenodo.21649662,https://doi.org/10.5281/zenodo.21649662,"Source Data for the paper ""Benchmarking Mixed-Reference Spin-Flip TDDFT for Capturing Photochemical Electrocyclic Reactions""",2026,doi.org,https://doi.org/10.5281/zenodo.21649662,"HTML landing page, not a PDF",W7171500502,ValueError: response is not a PDF (probably an HTML landing page)
10.5281/zenodo.21698360,https://doi.org/10.5281/zenodo.21698360,Spin–orbit-coupling-guided state selection for complete active space second-order perturbation theory calculations of Eu3+ energy levels: dataset,2026,doi.org,https://doi.org/10.5281/zenodo.21698360,"HTML landing page, not a PDF",W7171840695,ValueError: response is not a PDF (probably an HTML landing page)
10.5281/zenodo.3701341,https://doi.org/10.5281/zenodo.3701341,Near dissociation states for H2+–He on MRCI and FCI potential energy surfaces,2019,doi.org,https://doi.org/10.5281/zenodo.3701341,"HTML landing page, not a PDF",W4288089103,ValueError: response is not a PDF (probably an HTML landing page)
10.5281/zenodo.4903493,https://doi.org/10.5281/zenodo.4903493,Neural Network Fitted Potential Energy Surface for Ozone,2021,doi.org,https://doi.org/10.5281/zenodo.4903493,"HTML landing page, not a PDF",W4393837135,ValueError: response is not a PDF (probably an HTML landing page)
10.5281/zenodo.5710890,https://doi.org/10.5281/zenodo.5710890,"Source data for the publication ""Tracking excited state decay mechanisms of pyrimidine nucleosides in real time"", Nature Communications, 2021",2021,doi.org,https://doi.org/10.5281/zenodo.5710890,no fetchable PDF and no Europe PMC full text,W4393593434,0 PDF location(s) + Europe PMC tried; no Europe PMC OA full text
10.5281/zenodo.6091616,https://doi.org/10.5281/zenodo.6091616,"Raw output data for ""Covalency in actinide(IV) hexachlorides in relation to the chlorine K-edge X-ray absorption structure"", DOI: 10.1039/D1SC06454A",2022,doi.org,https://doi.org/10.5281/zenodo.6091616,"HTML landing page, not a PDF",W4393802166,ValueError: response is not a PDF (probably an HTML landing page)
10.5281/zenodo.6576313,https://doi.org/10.5281/zenodo.6576313,Thermal site energy fluctuations in photosystem I: New insights from MD/QM/MM calculations,2023,doi.org,https://doi.org/10.5281/zenodo.6576313,"HTML landing page, not a PDF",W4393809017,ValueError: response is not a PDF (probably an HTML landing page)
10.5281/zenodo.7112809,https://doi.org/10.5281/zenodo.7112809,Molecular dynamics and electronic structure simulations of photoexcited chromophores in the gas-phase and complex environments,2022,doi.org,https://doi.org/10.5281/zenodo.7112809,"HTML landing page, not a PDF",W4297075347,ValueError: response is not a PDF (probably an HTML landing page)
10.5281/zenodo.7610935,https://doi.org/10.5281/zenodo.7610935,Thermal site energy fluctuations in photosystem I: New insights from MD/QM/MM calculations,2023,doi.org,https://doi.org/10.5281/zenodo.7610935,"HTML landing page, not a PDF",W4393649783,ValueError: response is not a PDF (probably an HTML landing page)
10.5281/zenodo.7777197,https://doi.org/10.5281/zenodo.7777197,"How methylation affects S2(ππ∗) internal conversion in the simplest linear α,β-unsaturated carbonyl: a non-adiabatic dynamics perspective",2023,doi.org,https://doi.org/10.5281/zenodo.7777197,"HTML landing page, not a PDF",W4393890278,ValueError: response is not a PDF (probably an HTML landing page)
10.5281/zenodo.7780175,https://doi.org/10.5281/zenodo.7780175,"Deciphering methylation effects on S2(ππ∗) internal conversion in the simplest linear α,β-unsaturated carbonyl",2023,doi.org,https://doi.org/10.5281/zenodo.7780175,"HTML landing page, not a PDF",W4393583834,ValueError: response is not a PDF (probably an HTML landing page)
10.5281/zenodo.7854202,https://doi.org/10.5281/zenodo.7854202,"Ab initio multiple spawning simulations for ""Rehybridization dynamics into the pericyclic minimum of an electrocyclic reaction imaged in real-time""",2023,doi.org,https://doi.org/10.5281/zenodo.7854202,no fetchable PDF and no Europe PMC full text,W4393678080,0 PDF location(s) + Europe PMC tried; no Europe PMC OA full text
10.5281/zenodo.7854203,https://doi.org/10.5281/zenodo.7854203,"Ab initio multiple spawning simulations for ""Rehybridization dynamics into the pericyclic minimum of an electrocyclic reaction imaged in real-time""",2023,doi.org,https://doi.org/10.5281/zenodo.7854203,no fetchable PDF and no Europe PMC full text,W4393450892,0 PDF location(s) + Europe PMC tried; no Europe PMC OA full text
10.5281/zenodo.7983018,https://doi.org/10.5281/zenodo.7983018,Alkane dataset for reactive chemistry neural network potentials at DFT and CASPT2 level,2023,doi.org,https://doi.org/10.5281/zenodo.7983018,"HTML landing page, not a PDF",W4393728560,ValueError: response is not a PDF (probably an HTML landing page)
10.5281/zenodo.8169551,https://doi.org/10.5281/zenodo.8169551,Chemical Control of Excited-State Reactivity of the Anionic Green Fluorescent Protein Chromophore,2024,doi.org,https://doi.org/10.5281/zenodo.8169551,no fetchable PDF and no Europe PMC full text,W4393538251,0 PDF location(s) + Europe PMC tried; no Europe PMC OA full text
10.5282/edoc.15047,https://doi.org/10.5282/edoc.15047,Relation between molecular structure and ultrafast photoreactivity with application to molecular switches,2012,doi.org,https://doi.org/10.5282/edoc.15047,"HTML landing page, not a PDF",W1758898140,ValueError: response is not a PDF (probably an HTML landing page)
10.5287/ora-9edabvzgp,https://doi.org/10.5287/ora-9edabvzgp,Probing Mn-Mn and Mn-Si bonding in silicon cages,2022,doi.org,https://doi.org/10.5287/ora-9edabvzgp,"HTML landing page, not a PDF",W7116726723,ValueError: response is not a PDF (probably an HTML landing page)
10.5463/thesis.1633,https://doi.org/10.5463/thesis.1633,Computational Aspects of the One Body Reduced Density Matrix Functional Theory,2026,doi.org,https://doi.org/10.5463/thesis.1633,no fetchable PDF and no Europe PMC full text,W7130832557,0 PDF location(s) + Europe PMC tried; no Europe PMC OA full text
10.5530/ijopp.20250125,https://doi.org/10.5530/ijopp.20250125,Adherence and Impact of Medication Regimen Complexity among Geriatric Patients: A Review,2024,doi.org,https://doi.org/10.5530/ijopp.20250125,"HTML landing page, not a PDF",W4404545634,ValueError: response is not a PDF (probably an HTML landing page)
10.5562/cca2770,https://doi.org/10.5562/cca2770,Multireference Configuration Interaction Methods – An Application to the Valence Isomerism in Cyclobutadieno-p-benzoquinone and its Diprotonated Form,2015,doi.org,https://doi.org/10.5562/cca2770,HTTP 418,W2344492140,1 PDF location(s) + Europe PMC tried; HTTPError: 418 Client Error: I'm a teapot for url: https://hrcak.srce.hr/file/222471 | no Europe PMC OA full text
10.5562/cca3172,https://doi.org/10.5562/cca3172,The Influence of Multiple Fluorination on the Ring Opening of [2.2.2]Propellane,2017,doi.org,https://doi.org/10.5562/cca3172,HTTP 418,W2745480307,1 PDF location(s) + Europe PMC tried; HTTPError: 418 Client Error: I'm a teapot for url: https://hrcak.srce.hr/file/273946 | no Europe PMC OA full text
10.5897/ajpp11.276,https://doi.org/10.5897/ajpp11.276,Assessing the complexity of medicine regimens – A pilot study,2011,doi.org,https://doi.org/10.5897/ajpp11.276,HTTP 403 (publisher blocks scripted clients),W2163949714,HTTPError: 403 Client Error: Forbidden for url: https://www.academicjournals.org/ajpp/abstracts/abstracts/abstract%202011/29%20October/Oosthuizen%20et%20al.htm
10.5935/1984-6835.20160025,https://doi.org/10.5935/1984-6835.20160025,Hyperspherical Coordinate Potential Energy Surface for the He<sub>3</sub>Complex,2016,doi.org,https://doi.org/10.5935/1984-6835.20160025,"HTML landing page, not a PDF",W2336905333,ValueError: response is not a PDF (probably an HTML landing page)
10.5935/1984-6835.20160030,https://doi.org/10.5935/1984-6835.20160030,Theoretical Study of 23 Covalent States of the F<sub>2</sub>Molecule by Relativistic Methodology MRCI 4 Components,2016,doi.org,https://doi.org/10.5935/1984-6835.20160030,"HTML landing page, not a PDF",W2516188004,ValueError: response is not a PDF (probably an HTML landing page)
10.59350/5j1p7-a0x60,https://doi.org/10.59350/5j1p7-a0x60,"Multiconfigurational methods (CI, CC, CASSCF, CASPT2)",2010,doi.org,https://doi.org/10.59350/5j1p7-a0x60,no fetchable PDF and no Europe PMC full text,W4417012055,0 PDF location(s) + Europe PMC tried; no Europe PMC OA full text
10.59350/joaquinbarroso.322,https://doi.org/10.59350/joaquinbarroso.322,"Multiconfigurational methods (CI, CC, CASSCF, CASPT2)",2010,doi.org,https://doi.org/10.59350/joaquinbarroso.322,"HTML landing page, not a PDF",W4412775567,ValueError: response is not a PDF (probably an HTML landing page)
10.60713/pist-201522,https://doi.org/10.60713/pist-201522,"Étude théorique de la structure électronique et du spectre rovibrationnel du système [H, H, N, S]",2023,doi.org,https://doi.org/10.60713/pist-201522,no fetchable PDF and no Europe PMC full text,W7155568895,0 PDF location(s) + Europe PMC tried; no Europe PMC OA full text
10.60713/pist-201946,https://doi.org/10.60713/pist-201946,"La structure moléculaire des radicaux XCO2(X = F, NH2 et CH3) et leurs énergies de fragmentation",2024,doi.org,https://doi.org/10.60713/pist-201946,no fetchable PDF and no Europe PMC full text,W7155509254,0 PDF location(s) + Europe PMC tried; no Europe PMC OA full text
10.60713/pist-202084,https://doi.org/10.60713/pist-202084,Étude théorique de la spectroscopie de la molécule KS et des cations VN2+ et VN3+,2021,doi.org,https://doi.org/10.60713/pist-202084,timeout,W7155501625,"ConnectTimeout: HTTPConnectionPool(host='www.pist.tn', port=80): Max retries exceeded with url: /record/202084 (Caused by ConnectTimeoutError(<HTTPConnection(host='www.pist.tn', port=80) at 0x7f8ae037a8f0>, 'Connection to www.pist.tn timed out. (connect timeout=30)'))"
10.60713/pist-202777,https://doi.org/10.60713/pist-202777,Étude spectroscopique des cations diatomiques multichargés:Caractérisation des cations AlO+ et AlO2+ du monoxyde d'aluminium AlO,2020,doi.org,https://doi.org/10.60713/pist-202777,timeout,W7165631472,"ConnectTimeout: HTTPConnectionPool(host='www.pist.tn', port=80): Max retries exceeded with url: /record/202777 (Caused by ConnectTimeoutError(<HTTPConnection(host='www.pist.tn', port=80) at 0x7f8af00d8c70>, 'Connection to www.pist.tn timed out. (connect timeout=30)'))"
10.6082/32p7n-9xv17,https://doi.org/10.6082/32p7n-9xv17,Multiconfiguration Pair-Density Functional Theory for Chromium(IV) Molecular Qubits,2022,doi.org,https://doi.org/10.6082/32p7n-9xv17,"HTML landing page, not a PDF",W7163068823,ValueError: response is not a PDF (probably an HTML landing page)
10.6082/9r62r-kg133,https://doi.org/10.6082/9r62r-kg133,Multiconfiguration Pair-Density Functional Theory for Chromium(IV) Molecular Qubits,2022,doi.org,https://doi.org/10.6082/9r62r-kg133,"HTML landing page, not a PDF",W7163066203,ValueError: response is not a PDF (probably an HTML landing page)
10.6082/evxmf-8kk87,https://doi.org/10.6082/evxmf-8kk87,Developments and Applications of Automated Multiconfigurational Quantum Chemistry,2024,doi.org,https://doi.org/10.6082/evxmf-8kk87,TLS/SSL failure,W7163032122,"SSLError: HTTPSConnectionPool(host='api.openalex.org', port=443): Max retries exceeded with url: /works/https://doi.org/10.6082/evxmf-8kk87?mailto=victorchanglee%40gmail.com&select=locations%2Cbest_oa_location (Caused by SSLError(SSLEOFError(8, '[SSL: UNEXPECTED_EOF_WHILE_READING] EOF occurred in vi"
10.6082/wgpqw-nxs33,https://doi.org/10.6082/wgpqw-nxs33,Multireference Studies of Transition Metal and Actinide Containing Molecular Systems,2025,doi.org,https://doi.org/10.6082/wgpqw-nxs33,no fetchable PDF and no Europe PMC full text,W7165112700,0 PDF location(s) + Europe PMC tried; no Europe PMC OA full text
10.6084/m9.figshare.1012550,https://doi.org/10.6084/m9.figshare.1012550,Vertical ionization energies of the outer valence orbitals of pyridazine,2013,doi.org,https://doi.org/10.6084/m9.figshare.1012550,"HTML landing page, not a PDF",W4394373449,ValueError: response is not a PDF (probably an HTML landing page)
10.6084/m9.figshare.12859744,https://doi.org/10.6084/m9.figshare.12859744,Some <i>ab initio</i> thoughts on the bonding in O<sub>3</sub>H,2020,doi.org,https://doi.org/10.6084/m9.figshare.12859744,"HTML landing page, not a PDF",W4394508751,ValueError: response is not a PDF (probably an HTML landing page)
10.6084/m9.figshare.14289950,https://doi.org/10.6084/m9.figshare.14289950,Potentially inappropriate medications prescribed to patients at the Reference Center in Health Care for Old People,2021,doi.org,https://doi.org/10.6084/m9.figshare.14289950,"HTML landing page, not a PDF",W4394390222,ValueError: response is not a PDF (probably an HTML landing page)
10.6084/m9.figshare.14346263,https://doi.org/10.6084/m9.figshare.14346263,Supplementary Material for: Impact of Comorbidity Burden on Cognitive Decline: A Prospective Cohort Study of Older Adults with Dementia,2021,doi.org,https://doi.org/10.6084/m9.figshare.14346263,"HTML landing page, not a PDF",W4394292392,ValueError: response is not a PDF (probably an HTML landing page)
10.6084/m9.figshare.15132081,https://doi.org/10.6084/m9.figshare.15132081,Tyrosine_ExcitedStates,2021,doi.org,https://doi.org/10.6084/m9.figshare.15132081,"HTML landing page, not a PDF",W4394329022,ValueError: response is not a PDF (probably an HTML landing page)
10.6084/m9.figshare.15132081.v1,https://doi.org/10.6084/m9.figshare.15132081.v1,Tyrosine_ExcitedStates,2021,doi.org,https://doi.org/10.6084/m9.figshare.15132081.v1,"HTML landing page, not a PDF",W4394110474,ValueError: response is not a PDF (probably an HTML landing page)
10.6084/m9.figshare.15132081.v2,https://doi.org/10.6084/m9.figshare.15132081.v2,Tyrosine_ExcitedStates,2021,doi.org,https://doi.org/10.6084/m9.figshare.15132081.v2,"HTML landing page, not a PDF",W4394533427,ValueError: response is not a PDF (probably an HTML landing page)
10.6084/m9.figshare.15132081.v3,https://doi.org/10.6084/m9.figshare.15132081.v3,Tyrosine_ExcitedStates,2021,doi.org,https://doi.org/10.6084/m9.figshare.15132081.v3,"HTML landing page, not a PDF",W4394511154,ValueError: response is not a PDF (probably an HTML landing page)
10.6084/m9.figshare.21317426,https://doi.org/10.6084/m9.figshare.21317426,On the UV spectroscopy and photodynamics of octatetraene,2022,doi.org,https://doi.org/10.6084/m9.figshare.21317426,"HTML landing page, not a PDF",W4394404006,ValueError: response is not a PDF (probably an HTML landing page)
10.6084/m9.figshare.21624433,https://doi.org/10.6084/m9.figshare.21624433,Hospital readmission within 30 days of older adults hospitalized in a public hospital,2022,doi.org,https://doi.org/10.6084/m9.figshare.21624433,"HTML landing page, not a PDF",W4394368954,ValueError: response is not a PDF (probably an HTML landing page)
10.6084/m9.figshare.23548157,https://doi.org/10.6084/m9.figshare.23548157,"Hyperfine and P, T odd properties in BiO: comparison between coupled-cluster method and multi-reference perturbation method based on a Dirac Hamiltonian",2023,doi.org,https://doi.org/10.6084/m9.figshare.23548157,"HTML landing page, not a PDF",W4394411668,ValueError: response is not a PDF (probably an HTML landing page)
10.6084/m9.figshare.23548157.v1,https://doi.org/10.6084/m9.figshare.23548157.v1,"Hyperfine and P, T odd properties in BiO: comparison between coupled-cluster method and multi-reference perturbation method based on a Dirac Hamiltonian",2023,doi.org,https://doi.org/10.6084/m9.figshare.23548157.v1,"HTML landing page, not a PDF",W4394267620,ValueError: response is not a PDF (probably an HTML landing page)
10.6084/m9.figshare.23564070,https://doi.org/10.6084/m9.figshare.23564070,Supporting Data: CASPT2 molecular geometries of Fe(II) spin-crossover complexes,2023,doi.org,https://doi.org/10.6084/m9.figshare.23564070,"HTML landing page, not a PDF",W4394529377,ValueError: response is not a PDF (probably an HTML landing page)
10.6084/m9.figshare.30774632,https://doi.org/10.6084/m9.figshare.30774632,"Data for manuscript: ""Gradients not needed: ML-driven propagation of nonadiabatic molecular dynamics without reference gradients""",2026,doi.org,https://doi.org/10.6084/m9.figshare.30774632,"HTML landing page, not a PDF",W7125795538,ValueError: response is not a PDF (probably an HTML landing page)
10.6084/m9.figshare.30774632.v1,https://doi.org/10.6084/m9.figshare.30774632.v1,"Data for manuscript: ""Gradients not needed: ML-driven propagation of nonadiabatic molecular dynamics without reference gradients""",2026,doi.org,https://doi.org/10.6084/m9.figshare.30774632.v1,"HTML landing page, not a PDF",W7125813133,ValueError: response is not a PDF (probably an HTML landing page)
10.6084/m9.figshare.31963335,https://doi.org/10.6084/m9.figshare.31963335,"ORCA ONIOM Output di([1,1’-biphenyl]-4-yl)carbene",2026,doi.org,https://doi.org/10.6084/m9.figshare.31963335,"HTML landing page, not a PDF",W7169579104,ValueError: response is not a PDF (probably an HTML landing page)
10.6084/m9.figshare.31963335.v1,https://doi.org/10.6084/m9.figshare.31963335.v1,"ORCA ONIOM Output di([1,1’-biphenyl]-4-yl)carbene",2026,doi.org,https://doi.org/10.6084/m9.figshare.31963335.v1,"HTML landing page, not a PDF",W7169493916,ValueError: response is not a PDF (probably an HTML landing page)
10.6084/m9.figshare.4497299,https://doi.org/10.6084/m9.figshare.4497299,Influence of the choice of projection manifolds in the CASPT2 implementation,2016,doi.org,https://doi.org/10.6084/m9.figshare.4497299,"HTML landing page, not a PDF",W4394169559,ValueError: response is not a PDF (probably an HTML landing page)
10.6084/m9.figshare.4725565,https://doi.org/10.6084/m9.figshare.4725565,Transition dipole moment between (b triplet Sigma -) and (d triplet Pi) electronic states of C and H+ (MRCI+Q AV6Z).,2017,doi.org,https://doi.org/10.6084/m9.figshare.4725565,"HTML landing page, not a PDF",W4394456282,ValueError: response is not a PDF (probably an HTML landing page)
10.6084/m9.figshare.4985177,https://doi.org/10.6084/m9.figshare.4985177,A MRCC study of the isomerisation of cyclopropane,2017,doi.org,https://doi.org/10.6084/m9.figshare.4985177,"HTML landing page, not a PDF",W4394289839,ValueError: response is not a PDF (probably an HTML landing page)
10.6084/m9.figshare.7111850,https://doi.org/10.6084/m9.figshare.7111850,A shared medication scheme for community dwelling older patients with polypharmacy receiving home health care: role of the community pharmacist,2018,doi.org,https://doi.org/10.6084/m9.figshare.7111850,"HTML landing page, not a PDF",W4394390955,ValueError: response is not a PDF (probably an HTML landing page)
10.6084/m9.figshare.963376,https://doi.org/10.6084/m9.figshare.963376,Similarity transformed equation of motion coupled cluster theory revisited: a benchmark study of valence excited states,2014,doi.org,https://doi.org/10.6084/m9.figshare.963376,"HTML landing page, not a PDF",W4394420054,ValueError: response is not a PDF (probably an HTML landing page)
10.6084/m9.figshare.963376.v1,https://doi.org/10.6084/m9.figshare.963376.v1,Similarity transformed equation of motion coupled cluster theory revisited: a benchmark study of valence excited states,2014,doi.org,https://doi.org/10.6084/m9.figshare.963376.v1,"HTML landing page, not a PDF",W4394322431,ValueError: response is not a PDF (probably an HTML landing page)
10.6084/m9.figshare.c.3685627.v1,https://doi.org/10.6084/m9.figshare.c.3685627.v1,"Supplementary material from ""Insights into the deactivation of 5-bromouracil after ultraviolet excitation""",2017,doi.org,https://doi.org/10.6084/m9.figshare.c.3685627.v1,"HTML landing page, not a PDF",W2598063362,ValueError: response is not a PDF (probably an HTML landing page)
10.6084/m9.figshare.c.3737713_d1,https://doi.org/10.6084/m9.figshare.c.3737713_d1,Additional file 1: Table S1. of Mitochondrial DNA T7719G in tRNA-Lys gene affects litter size in Small-tailed Han sheep,2017,doi.org,https://doi.org/10.6084/m9.figshare.c.3737713_d1,"HTML landing page, not a PDF",W4394483535,ValueError: response is not a PDF (probably an HTML landing page)
10.6084/m9.figshare.c.3960687.v1,https://doi.org/10.6084/m9.figshare.c.3960687.v1,"Supplementary material from ""Interactions of C<sup>+</sup>(<sup>2</sup><i>P<sub>J</sub></i>) with rare gas atoms: incipient chemical interactions, potentials and transport coefficients""",2017,doi.org,https://doi.org/10.6084/m9.figshare.c.3960687.v1,"HTML landing page, not a PDF",W2780859974,ValueError: response is not a PDF (probably an HTML landing page)
10.60893/figshare.jcp.30625022,https://doi.org/10.60893/figshare.jcp.30625022,Photodissociation Dynamics of Energized H$_2$COO: Formation of Molecular Products,2025,doi.org,https://doi.org/10.60893/figshare.jcp.30625022,"HTML landing page, not a PDF",W7108322455,ValueError: response is not a PDF (probably an HTML landing page)
10.60893/figshare.jcp.31305793,https://doi.org/10.60893/figshare.jcp.31305793,Supplement Number 1,2026,doi.org,https://doi.org/10.60893/figshare.jcp.31305793,"HTML landing page, not a PDF",W7131117923,ValueError: response is not a PDF (probably an HTML landing page)
10.60893/figshare.jcp.31305793.v1,https://doi.org/10.60893/figshare.jcp.31305793.v1,Supplement Number 1,2026,doi.org,https://doi.org/10.60893/figshare.jcp.31305793.v1,"HTML landing page, not a PDF",W7131112466,ValueError: response is not a PDF (probably an HTML landing page)
10.60893/figshare.jcp.31709944,https://doi.org/10.60893/figshare.jcp.31709944,"Supplemental Information Clarifying NH2 + O(3P) Reaction Dynamics: A Full-Dimensional MRCI, Machine-Learned PES Unravels High-Temperature Kinetics",2026,doi.org,https://doi.org/10.60893/figshare.jcp.31709944,"HTML landing page, not a PDF",W7147196394,ValueError: response is not a PDF (probably an HTML landing page)
10.60893/figshare.jcp.31927434,https://doi.org/10.60893/figshare.jcp.31927434,Supplementary data files,2026,doi.org,https://doi.org/10.60893/figshare.jcp.31927434,"HTML landing page, not a PDF",W7155172549,ValueError: response is not a PDF (probably an HTML landing page)
10.60893/figshare.jcp.31927434.v1,https://doi.org/10.60893/figshare.jcp.31927434.v1,Supplementary data files,2026,doi.org,https://doi.org/10.60893/figshare.jcp.31927434.v1,"HTML landing page, not a PDF",W7155173051,ValueError: response is not a PDF (probably an HTML landing page)
10.60893/figshare.jcp.c.8170904,https://doi.org/10.60893/figshare.jcp.c.8170904,<strong>Key Roles of Conical Intersections in the Photolysis of Phosphine and Diphosphine</strong>,2025,doi.org,https://doi.org/10.60893/figshare.jcp.c.8170904,"HTML landing page, not a PDF",W7116091268,ValueError: response is not a PDF (probably an HTML landing page)
10.60893/figshare.jcp.c.8175440,https://doi.org/10.60893/figshare.jcp.c.8175440,Global diabatic potential energy surfaces of the BeH<sub>2</sub> system constructed using neural network method,2025,doi.org,https://doi.org/10.60893/figshare.jcp.c.8175440,"HTML landing page, not a PDF",W7115886175,ValueError: response is not a PDF (probably an HTML landing page)
10.60893/figshare.jcp.c.8175440.v1,https://doi.org/10.60893/figshare.jcp.c.8175440.v1,Global diabatic potential energy surfaces of the BeH<sub>2</sub> system constructed using neural network method,2025,doi.org,https://doi.org/10.60893/figshare.jcp.c.8175440.v1,"HTML landing page, not a PDF",W7115943191,ValueError: response is not a PDF (probably an HTML landing page)
10.60893/figshare.jcp.c.8255698.v1,https://doi.org/10.60893/figshare.jcp.c.8255698.v1,<strong>Dynamics studies for the C(<sup>3</sup>P) + H<sub>2</sub> reaction: Based on new global diabatic potential energy surfaces</strong>,2026,doi.org,https://doi.org/10.60893/figshare.jcp.c.8255698.v1,"HTML landing page, not a PDF",W7128647808,ValueError: response is not a PDF (probably an HTML landing page)
10.60893/figshare.jcp.c.8399133,https://doi.org/10.60893/figshare.jcp.c.8399133,Trajectory Excited-State Dynamics Study of Pyrazine: Assessment of Potential Energy Surfaces and Simulation of Picosecond Timescales,2026,doi.org,https://doi.org/10.60893/figshare.jcp.c.8399133,"HTML landing page, not a PDF",W7155192293,ValueError: response is not a PDF (probably an HTML landing page)
10.60893/figshare.jcp.c.8399133.v1,https://doi.org/10.60893/figshare.jcp.c.8399133.v1,Trajectory Excited-State Dynamics Study of Pyrazine: Assessment of Potential Energy Surfaces and Simulation of Picosecond Timescales,2026,doi.org,https://doi.org/10.60893/figshare.jcp.c.8399133.v1,"HTML landing page, not a PDF",W7155198628,ValueError: response is not a PDF (probably an HTML landing page)
10.60893/figshare.jcp.c.8466585,https://doi.org/10.60893/figshare.jcp.c.8466585,"Probing competitive photochemical pathways of 2,5-Dichlorofuran via Surface Hopping Dynamics and Ultrafast Electron Diffraction",2026,doi.org,https://doi.org/10.60893/figshare.jcp.c.8466585,"HTML landing page, not a PDF",W7162080864,ValueError: response is not a PDF (probably an HTML landing page)
10.60893/figshare.jcp.c.8510538,https://doi.org/10.60893/figshare.jcp.c.8510538,A new Fe(IV) superoxide: the perferrate isomerisation reexamined.,2026,doi.org,https://doi.org/10.60893/figshare.jcp.c.8510538,"HTML landing page, not a PDF",W7164933222,ValueError: response is not a PDF (probably an HTML landing page)
10.60893/figshare.jcp.c.8510538.v1,https://doi.org/10.60893/figshare.jcp.c.8510538.v1,A new Fe(IV) superoxide: the perferrate isomerisation reexamined.,2026,doi.org,https://doi.org/10.60893/figshare.jcp.c.8510538.v1,"HTML landing page, not a PDF",W7164889904,ValueError: response is not a PDF (probably an HTML landing page)
10.60893/figshare.jcp.c.8534031,https://doi.org/10.60893/figshare.jcp.c.8534031,Orbital-Aware Approximations to high-order RDM calculations,2026,doi.org,https://doi.org/10.60893/figshare.jcp.c.8534031,"HTML landing page, not a PDF",W7166811843,ValueError: response is not a PDF (probably an HTML landing page)
10.60893/figshare.jcp.c.8534031.v1,https://doi.org/10.60893/figshare.jcp.c.8534031.v1,Orbital-Aware Approximations to high-order RDM calculations,2026,doi.org,https://doi.org/10.60893/figshare.jcp.c.8534031.v1,"HTML landing page, not a PDF",W7166829477,ValueError: response is not a PDF (probably an HTML landing page)
10.7302/7363,https://doi.org/10.7302/7363,Computational and Theoretical Advances in Accurately Modeling Molecular Wave Functions,2023,doi.org,https://doi.org/10.7302/7363,no fetchable PDF and no Europe PMC full text,W4378345609,0 PDF location(s) + Europe PMC tried; no Europe PMC OA full text
10.7498/aps.56.2547,https://doi.org/10.7498/aps.56.2547,MRCI potential curves and analytical potential energy functions of the low-lying excited states (1∏，3∏) of ZnHg,2007,doi.org,https://doi.org/10.7498/aps.56.2547,"HTML landing page, not a PDF",W956986102,ValueError: response is not a PDF (probably an HTML landing page)
10.7498/aps.56.4420,https://doi.org/10.7498/aps.56.4420,"Multi-reference configuration interaction study on analytical potential energy function and spectroscopic constants of XOn(X=S,Cl; n=0,±1)",2007,doi.org,https://doi.org/10.7498/aps.56.4420,"HTML landing page, not a PDF",W1491850972,ValueError: response is not a PDF (probably an HTML landing page)
10.7498/aps.58.6091,https://doi.org/10.7498/aps.58.6091,The potential energy function for a1Δg and b1Σ+g states of O2 molecule,2009,doi.org,https://doi.org/10.7498/aps.58.6091,"HTML landing page, not a PDF",W3010241233,ValueError: response is not a PDF (probably an HTML landing page)
10.7498/aps.58.6873,https://doi.org/10.7498/aps.58.6873,Analytical potential energy functions and spectroscopic properties of the ground and excited states of BH molecule,2009,doi.org,https://doi.org/10.7498/aps.58.6873,"HTML landing page, not a PDF",W2237325964,ValueError: response is not a PDF (probably an HTML landing page)
10.7498/aps.59.4556,https://doi.org/10.7498/aps.59.4556,Multi-reference configuration interaction of the ground and low-lying excited states of LiC,2010,doi.org,https://doi.org/10.7498/aps.59.4556,"HTML landing page, not a PDF",W3110840611,ValueError: response is not a PDF (probably an HTML landing page)
10.7498/aps.60.027106,https://doi.org/10.7498/aps.60.027106,Theoretical studies on spin-vibronic spectra of CH3 O(X2 E),2011,doi.org,https://doi.org/10.7498/aps.60.027106,"HTML landing page, not a PDF",W865043709,ValueError: response is not a PDF (probably an HTML landing page)
10.7498/aps.60.063101,https://doi.org/10.7498/aps.60.063101,Spectroscopic parameters and molecular constants of CSe(X1Σ+) radical,2011,doi.org,https://doi.org/10.7498/aps.60.063101,no fetchable PDF and no Europe PMC full text,W3015077299,0 PDF location(s) + Europe PMC tried; no Europe PMC OA full text
10.7498/aps.61.033101,https://doi.org/10.7498/aps.61.033101,MRCI calculations for BeCl electronic excited states,2012,doi.org,https://doi.org/10.7498/aps.61.033101,"HTML landing page, not a PDF",W3117753905,ValueError: response is not a PDF (probably an HTML landing page)
10.7498/aps.61.063104,https://doi.org/10.7498/aps.61.063104,"Theoretical investigation on molecular constants of PH, PD and PT molecules",2012,doi.org,https://doi.org/10.7498/aps.61.063104,"HTML landing page, not a PDF",W3111837767,ValueError: response is not a PDF (probably an HTML landing page)
10.7498/aps.61.243102,https://doi.org/10.7498/aps.61.243102,Investigations on spectroscopic parameters and molecular constants of SO+ (b4∑-) cation,2012,doi.org,https://doi.org/10.7498/aps.61.243102,"HTML landing page, not a PDF",W2282025439,ValueError: response is not a PDF (probably an HTML landing page)
10.7498/aps.62.013105,https://doi.org/10.7498/aps.62.013105,"A study on spectroscopic parameters of X2+, A2 and B2+ low-lying electronic states of SiN radical",2013,doi.org,https://doi.org/10.7498/aps.62.013105,"HTML landing page, not a PDF",W3025493185,ValueError: response is not a PDF (probably an HTML landing page)
10.7498/aps.62.043101,https://doi.org/10.7498/aps.62.043101,MRCI+Q study on spectroscopic parameters and molecular constants of X1Σ+ and A1Π electronic states of the SiSe molecule,2013,doi.org,https://doi.org/10.7498/aps.62.043101,"HTML landing page, not a PDF",W2338603762,ValueError: response is not a PDF (probably an HTML landing page)
10.7498/aps.62.193301,https://doi.org/10.7498/aps.62.193301,Investigation on the potential energy curves and spectroscopic properties of the low-lying excited states of BP,2013,doi.org,https://doi.org/10.7498/aps.62.193301,"HTML landing page, not a PDF",W3116199644,ValueError: response is not a PDF (probably an HTML landing page)
10.7498/aps.62.233302,https://doi.org/10.7498/aps.62.233302,Multi-reference calculations on the potential energy curves and spectroscopic properties of the low-lying excited states of BS+,2013,doi.org,https://doi.org/10.7498/aps.62.233302,"HTML landing page, not a PDF",W3019472386,ValueError: response is not a PDF (probably an HTML landing page)
10.7498/aps.63.083102,https://doi.org/10.7498/aps.63.083102,"Potential energy curves and spectroscopic properties of SnO (X1Σ+, a3Π and A1Π) molecule",2014,doi.org,https://doi.org/10.7498/aps.63.083102,"HTML landing page, not a PDF",W3111121607,ValueError: response is not a PDF (probably an HTML landing page)
10.7498/aps.63.113102,https://doi.org/10.7498/aps.63.113102,All-electron configuration interaction study on potential energy curves of low-lying excited states and spectroscopic properties of SiS,2014,doi.org,https://doi.org/10.7498/aps.63.113102,"HTML landing page, not a PDF",W3117041910,ValueError: response is not a PDF (probably an HTML landing page)
10.7498/aps.63.123102,https://doi.org/10.7498/aps.63.123102,"Spectroscopic properties of BCl (X1Σ+, a3Π, A1Π) molecule",2014,doi.org,https://doi.org/10.7498/aps.63.123102,"HTML landing page, not a PDF",W3118148507,ValueError: response is not a PDF (probably an HTML landing page)
10.7498/aps.64.243101,https://doi.org/10.7498/aps.64.243101,Spectroscopic parameters and molecular constants of 75As32S+ and 75As34S+,2015,doi.org,https://doi.org/10.7498/aps.64.243101,"HTML landing page, not a PDF",W3015299496,ValueError: response is not a PDF (probably an HTML landing page)
10.7498/aps.65.033101,https://doi.org/10.7498/aps.65.033101,Theoretical study of the spectra and radiative transition properties of 6Li32S,2016,doi.org,https://doi.org/10.7498/aps.65.033101,"HTML landing page, not a PDF",W3111729790,ValueError: response is not a PDF (probably an HTML landing page)
10.7498/aps.65.063102,https://doi.org/10.7498/aps.65.063102,Potential energy curves and spectroscopic properties of GeS molecules: in ground states and low-lying excited states,2016,doi.org,https://doi.org/10.7498/aps.65.063102,"HTML landing page, not a PDF",W3110858341,ValueError: response is not a PDF (probably an HTML landing page)
10.7498/aps.65.163101,https://doi.org/10.7498/aps.65.163101,Calculations on rovibrational spectra of two lowest electronic states in sulfur monoxide molecule by explicitly correlated approach,2016,doi.org,https://doi.org/10.7498/aps.65.163101,"HTML landing page, not a PDF",W3116177309,ValueError: response is not a PDF (probably an HTML landing page)
10.7498/aps.67.20172409,https://doi.org/10.7498/aps.67.20172409,Potential energy curves and transition properties for the ground and excited states of BH+ cation,2018,doi.org,https://doi.org/10.7498/aps.67.20172409,no fetchable PDF and no Europe PMC full text,W3112626419,0 PDF location(s) + Europe PMC tried; no Europe PMC OA full text
10.7498/aps.67.20181469,https://doi.org/10.7498/aps.67.20181469,Rovibrational spectrum calculations of four electronic states in carbon monoxide molecule: Comparison of two effect correction methods,2018,doi.org,https://doi.org/10.7498/aps.67.20181469,"HTML landing page, not a PDF",W3118218009,ValueError: response is not a PDF (probably an HTML landing page)
10.7498/aps.68.20181695,https://doi.org/10.7498/aps.68.20181695,Spectroscopic properties and analytical potential energy function of ground and low-lying excited states of BeC moleule,2019,doi.org,https://doi.org/10.7498/aps.68.20181695,no fetchable PDF and no Europe PMC full text,W3112662488,0 PDF location(s) + Europe PMC tried; no Europe PMC OA full text
10.7498/aps.68.20181770,https://doi.org/10.7498/aps.68.20181770,Spectrum and transition characteristics of low excited state of strontium chloride molecule,2019,doi.org,https://doi.org/10.7498/aps.68.20181770,"HTML landing page, not a PDF",W3110704705,ValueError: response is not a PDF (probably an HTML landing page)
10.7498/aps.68.20182039,https://doi.org/10.7498/aps.68.20182039,Theoretical study of laser-cooled SH&lt;sup&gt;–&lt;/sup&gt; anion,2019,doi.org,https://doi.org/10.7498/aps.68.20182039,no fetchable PDF and no Europe PMC full text,W3112463352,0 PDF location(s) + Europe PMC tried; no Europe PMC OA full text
10.7498/aps.68.20190869,https://doi.org/10.7498/aps.68.20190869,Theoretical study of laser cooling of potassium chloride anion,2019,doi.org,https://doi.org/10.7498/aps.68.20190869,no fetchable PDF and no Europe PMC full text,W3117970718,0 PDF location(s) + Europe PMC tried; no Europe PMC OA full text
10.7498/aps.68.20191341,https://doi.org/10.7498/aps.68.20191341,&lt;i&gt;Ab initio&lt;/i&gt; calculation of electronic state structure of TiAl,2019,doi.org,https://doi.org/10.7498/aps.68.20191341,no fetchable PDF and no Europe PMC full text,W3035244709,0 PDF location(s) + Europe PMC tried; no Europe PMC OA full text
10.7498/aps.69.20200278,https://doi.org/10.7498/aps.69.20200278,Theoretical study on electronic structure and transition properties of excited states for SeH&lt;sup&gt;+&lt;/sup&gt; anion,2020,doi.org,https://doi.org/10.7498/aps.69.20200278,"HTML landing page, not a PDF",W3115024907,ValueError: response is not a PDF (probably an HTML landing page)
10.7498/aps.70.20211441,https://doi.org/10.7498/aps.70.20211441,Theoretical study of the potential energy curves and vibrational levels of low-lying electronic states of SbS,2021,doi.org,https://doi.org/10.7498/aps.70.20211441,"HTML landing page, not a PDF",W3200170188,ValueError: response is not a PDF (probably an HTML landing page)
10.7498/aps.7120221104,https://doi.org/10.7498/aps.7120221104,The electronic structures and transition properties of AsH&lt;sup&gt;+&lt;/sup&gt; cation,2022,doi.org,https://doi.org/10.7498/aps.7120221104,no fetchable PDF and no Europe PMC full text,W4289354747,0 PDF location(s) + Europe PMC tried; no Europe PMC OA full text
10.7916/d8-0e0f-x258,https://doi.org/10.7916/d8-0e0f-x258,Towards an Accurate Description of Strongly Correlated Chemical Systems with Phaseless Auxiliary-Field Quantum Monte Carlo - Methodological Advances and Applications,2019,doi.org,https://doi.org/10.7916/d8-0e0f-x258,no fetchable PDF and no Europe PMC full text,W2978827739,0 PDF location(s) + Europe PMC tried; no Europe PMC OA full text
10.7939/r3-vc3h-fe44,https://doi.org/10.7939/r3-vc3h-fe44,Software Development for Integrating Molpro with Newton-X for Adiabatic and Non-adiabatic Excited State Dynamics,2019,doi.org,https://doi.org/10.7939/r3-vc3h-fe44,no fetchable PDF and no Europe PMC full text,W3193469597,0 PDF location(s) + Europe PMC tried; no Europe PMC OA full text
10.7939/r39z90q5j,https://doi.org/10.7939/r39z90q5j,Potential Energy Surfaces for Quantum Dynamics Simulations: From ab initio Computations to Vibrational State Determinations,2016,doi.org,https://doi.org/10.7939/r39z90q5j,no fetchable PDF and no Europe PMC full text,W2801714197,0 PDF location(s) + Europe PMC tried; no Europe PMC OA full text
10.7939/r3bn9x764,https://doi.org/10.7939/r3bn9x764,Computational Investigations on Excited State Properties of Cyanine Dyes and Carbene-bound Main Group Elements,2015,doi.org,https://doi.org/10.7939/r3bn9x764,no fetchable PDF and no Europe PMC full text,W2800771145,0 PDF location(s) + Europe PMC tried; no Europe PMC OA full text
10.7939/r3xg9fn5s,https://doi.org/10.7939/r3xg9fn5s,Ab initio Semiclassical Initial Value Representation: Development of New Methods,2013,doi.org,https://doi.org/10.7939/r3xg9fn5s,no fetchable PDF and no Europe PMC full text,W2805237953,0 PDF location(s) + Europe PMC tried; no Europe PMC OA full text
10.83164/89071060,https://doi.org/10.83164/89071060,High Resolution Linelists for Strontium Monohydride (SrH) and Barium Monohydride (BaH),2026,doi.org,https://doi.org/10.83164/89071060,"HTML landing page, not a PDF",W7139957380,ValueError: response is not a PDF (probably an HTML landing page)
10.1155/2014/158523,https://doi.org/10.1155/2014/158523,Competing Deactivation Channels for Excited<i>π</i>-Stacked Cytosines,2014,downloads.hindawi.com,https://downloads.hindawi.com/journals/ijp/2014/158523.pdf,HTTP 403 (publisher blocks scripted clients),W2040349814,HTTPError: 403 Client Error: Forbidden for url: https://downloads.hindawi.com/journals/ijp/2014/158523.pdf
10.1155/2018/9097045,https://doi.org/10.1155/2018/9097045,The Electronic Structure of Graphene Nanoislands: A CAS-SCF and NEVPT2 Study,2018,downloads.hindawi.com,http://downloads.hindawi.com/journals/acmp/2018/9097045.pdf,HTTP 403 (publisher blocks scripted clients),W2799694235,HTTPError: 403 Client Error: Forbidden for url: https://downloads.hindawi.com/journals/acmp/2018/9097045.pdf
10.1155/2021/6695688,https://doi.org/10.1155/2021/6695688,Design and Collaborative Operation of Multimobile Inspection Robots in Smart Microgrids,2021,downloads.hindawi.com,https://downloads.hindawi.com/journals/complexity/2021/6695688.pdf,HTTP 403 (publisher blocks scripted clients),W3137842289,HTTPError: 403 Client Error: Forbidden for url: https://downloads.hindawi.com/journals/complexity/2021/6695688.pdf
10.1155/2023/1744472,https://doi.org/10.1155/2023/1744472,Exploring the Impact of Medication Regimen Complexity on Health‐Related Quality of Life in Patients with Multimorbidity,2023,downloads.hindawi.com,https://downloads.hindawi.com/journals/jcpt/2023/1744472.pdf,HTTP 403 (publisher blocks scripted clients),W4384934690,HTTPError: 403 Client Error: Forbidden for url: https://downloads.hindawi.com/journals/jcpt/2023/1744472.pdf
10.1515/zpch-2016-0866,https://doi.org/10.1515/zpch-2016-0866,Theoretical Study of the Ti–Cl Bond Cleavage Reaction in TiCl<sub>4</sub>,2017,dr.ntu.edu.sg,https://dr.ntu.edu.sg/bitstream/10356/86516/1/Theoretical%20Study%20of%20the%20Ti%e2%80%93Cl%20Bond%20Cleavage%20Reaction%20in%20TiCl4.pdf,HTTP 405,W2572779385,HTTPError: 405 Client Error: Not Allowed for url: https://dr.ntu.edu.sg/bitstream/10356/86516/1/Theoretical%20Study%20of%20the%20Ti%E2%80%93Cl%20Bond%20Cleavage%20Reaction%20in%20TiCl4.pdf
10.32655/asc_8-10_dec2020.6,https://doi.org/10.32655/asc_8-10_dec2020.6,Mechanism and application of oxygen-independent photocleavage of blebbistatin as a blue or near-infrared light-gated hydroxyl radical photocage,2020,dr.ntu.edu.sg,https://dr.ntu.edu.sg/bitstream/10356/144190/2/ASC2020%20-%20Ming-De%20Li%20%28with%20DOI%29.pdf,no fetchable PDF and no Europe PMC full text,W3093938310,0 PDF location(s) + Europe PMC tried; no Europe PMC OA full text
10.1016/j.cplett.2005.08.024,https://doi.org/10.1016/j.cplett.2005.08.024,Coupled valence bond theory,2005,dspace.library.uu.nl,https://dspace.library.uu.nl/handle/1874/25897,no fetchable PDF and no Europe PMC full text,W1997812807,0 PDF location(s) + Europe PMC tried; no Europe PMC OA full text
10.1016/s1387-1811(99)00267-x,https://doi.org/10.1016/s1387-1811(99)00267-x,Study of the coordination of Cu2+ in zeolite Y: Interaction with water and ammonia,2000,dspace.library.uu.nl:8080,http://dspace.library.uu.nl:8080/handle/1874/21160,no fetchable PDF and no Europe PMC full text,W1976066497,0 PDF location(s) + Europe PMC tried; no Europe PMC OA full text
10.1002/ejic.201700046,https://doi.org/10.1002/ejic.201700046,Single‐Ion Magnetic Behavior in Co<sup>II</sup>–Co<sup>III</sup> Mixed‐Valence Dinuclear and Pseudodinuclear Complexes,2017,durham-repository.worktribe.com,https://durham-repository.worktribe.com/output/1235331,HTTP 403 (publisher blocks scripted clients),W2619405227,HTTPError: 403 Client Error: Forbidden for url: https://durham-repository.worktribe.com/output/1235331
10.1021/acs.jpclett.6b00970,https://doi.org/10.1021/acs.jpclett.6b00970,GPU-Accelerated State-Averaged Complete Active Space Self-Consistent Field Interfaced with Ab Initio Multiple Spawning Unravels the Photodynamics of Provitamin D<sub>3</sub>,2016,durham-repository.worktribe.com,https://durham-repository.worktribe.com/output/1372149,no fetchable PDF and no Europe PMC full text,W2460739546,0 PDF location(s) + Europe PMC tried; no Europe PMC OA full text
10.1016/j.comptc.2012.12.023,https://doi.org/10.1016/j.comptc.2012.12.023,Ab initio study of the lowest-lying electronic states of the LiAs molecule,2013,dx.doi.org,http://dx.doi.org/10.1016/j.comptc.2012.12.023,no fetchable PDF and no Europe PMC full text,W1986589968,0 PDF location(s) + Europe PMC tried; no Europe PMC OA full text
10.1016/j.comptc.2014.03.021,https://doi.org/10.1016/j.comptc.2014.03.021,2-Thiouracil deactivation pathways and triplet states population,2014,dx.doi.org,http://dx.doi.org/10.1016/j.comptc.2014.03.021,no fetchable PDF and no Europe PMC full text,W2071946319,0 PDF location(s) + Europe PMC tried; no Europe PMC OA full text
10.1016/j.comptc.2015.04.020,https://doi.org/10.1016/j.comptc.2015.04.020,Ab initio characterization of the lowest-lying electronic states of the NaAs molecule,2015,dx.doi.org,http://dx.doi.org/10.1016/j.comptc.2015.04.020,no fetchable PDF and no Europe PMC full text,W2076580829,0 PDF location(s) + Europe PMC tried; no Europe PMC OA full text
10.1016/j.comptc.2019.04.016,https://doi.org/10.1016/j.comptc.2019.04.016,"Electronic states, spectroscopic parameters, transition probabilities, and radiative lifetimes of the scandium monosulfide cation, ScS+: A theoretical contribution",2019,dx.doi.org,http://dx.doi.org/10.1016/j.comptc.2019.04.016,no fetchable PDF and no Europe PMC full text,W2943317624,0 PDF location(s) + Europe PMC tried; no Europe PMC OA full text
10.1016/j.jqsrt.2019.106632,https://doi.org/10.1016/j.jqsrt.2019.106632,"The Λ + S and Ω electronic states of SrF below 40,000 cm−1: A theoretical contribution",2019,dx.doi.org,http://dx.doi.org/10.1016/j.jqsrt.2019.106632,no fetchable PDF and no Europe PMC full text,W2971866700,0 PDF location(s) + Europe PMC tried; no Europe PMC OA full text
10.1016/j.jqsrt.2020.107233,https://doi.org/10.1016/j.jqsrt.2020.107233,"The electronic states of strontium sulfide SrS: A global perspective and transition moments, radiative transition probabilities, and radiative lifetimes for selected transitions",2020,dx.doi.org,http://dx.doi.org/10.1016/j.jqsrt.2020.107233,no fetchable PDF and no Europe PMC full text,W3046031469,0 PDF location(s) + Europe PMC tried; no Europe PMC OA full text
10.1016/j.jqsrt.2021.107959,https://doi.org/10.1016/j.jqsrt.2021.107959,Characterizing electronic states and spectra in transition metal-rare gas diatomic cations: The cases of VAr+ and VKr+,2021,dx.doi.org,https://dx.doi.org/10.1016/j.jqsrt.2021.107959,no fetchable PDF and no Europe PMC full text,W3205994721,0 PDF location(s) + Europe PMC tried; no Europe PMC OA full text
10.1016/j.phacli.2024.04.043,https://doi.org/10.1016/j.phacli.2024.04.043,Exposition médicamenteuse de la dyade patient/aidant dans la maladie d’Alzheimer et maladies apparentées : pensez à optimiser les traitements du proche aidant !,2024,dx.doi.org,http://dx.doi.org/10.1016/j.phacli.2024.04.043,"HTML landing page, not a PDF",W4399654331,ValueError: response is not a PDF (probably an HTML landing page)
10.1016/j.phacli.2024.04.056,https://doi.org/10.1016/j.phacli.2024.04.056,Analyse des facteurs de risque associés à la complexité des plans de prise chez les personnes âgées de 75 ans ou plus. Pertinence pour la stratégie de priorisation des soins pharmaceutiques ?,2024,dx.doi.org,http://dx.doi.org/10.1016/j.phacli.2024.04.056,"HTML landing page, not a PDF",W4399550913,ValueError: response is not a PDF (probably an HTML landing page)
10.1039/c7cp01642e,https://doi.org/10.1039/c7cp01642e,Photophysical properties and the NO photorelease mechanism of a ruthenium nitrosyl model complex investigated using the CASSCF-in-DFT embedding approach,2017,dx.doi.org,http://dx.doi.org/10.1039/c7cp01642e,no fetchable PDF and no Europe PMC full text,W2611031733,0 PDF location(s) + Europe PMC tried; no Europe PMC OA full text
10.1039/c7cp04885h,https://doi.org/10.1039/c7cp04885h,Electronic structure and absorption spectra of fluorescent nucleoside analogues,2017,dx.doi.org,http://dx.doi.org/10.1039/c7cp04885h,"HTML landing page, not a PDF",W2767018253,ValueError: response is not a PDF (probably an HTML landing page)
10.1039/d2cp04401c,https://doi.org/10.1039/d2cp04401c,"Simulation of charge-transfer, UV-VIS and resonance Raman spectra of push–pull systems: a TDDFT and CASPT2 comparison",2022,dx.doi.org,https://dx.doi.org/10.1039/d2cp04401c,"HTML landing page, not a PDF",W4309511557,ValueError: response is not a PDF (probably an HTML landing page)
10.1063/1.3426315,https://doi.org/10.1063/1.3426315,The electronic states of SeF: A reinterpretation of the chemiluminescent emission of the reaction of selenium with fluorine,2010,dx.doi.org,http://dx.doi.org/10.1063/1.3426315,no fetchable PDF and no Europe PMC full text,W1987813516,0 PDF location(s) + Europe PMC tried; no Europe PMC OA full text
10.2139/ssrn.4335593,https://doi.org/10.2139/ssrn.4335593,Implications of the Medication Regimen Complexity Index Score on Hospital Readmissions in Elderly Patients with Heart Failure: A Retrospective Cohort Study,2023,dx.doi.org,http://dx.doi.org/10.2139/ssrn.4335593,HTTP 403 (publisher blocks scripted clients),W4319660371,HTTPError: 403 Client Error: Forbidden for url: https://papers.ssrn.com/sol3/papers.cfm?abstract_id=4335593
10.2139/ssrn.4423096,https://doi.org/10.2139/ssrn.4423096,On the Usefulness of the Classical Description of Collision Integrals of Interacting Atoms/Ions. Collision Integrals for O($^{3}$P)-O($^{3}$P) Interaction,2023,dx.doi.org,http://dx.doi.org/10.2139/ssrn.4423096,HTTP 403 (publisher blocks scripted clients),W4366396706,HTTPError: 403 Client Error: Forbidden for url: https://papers.ssrn.com/sol3/papers.cfm?abstract_id=4423096
10.2139/ssrn.4431879,https://doi.org/10.2139/ssrn.4431879,Quantum Computations in Heavy Noble-Gas Hydride Cations: Reference Energies and New Spectroscopic Data,2023,dx.doi.org,http://dx.doi.org/10.2139/ssrn.4431879,HTTP 403 (publisher blocks scripted clients),W4367358247,HTTPError: 403 Client Error: Forbidden for url: https://papers.ssrn.com/sol3/papers.cfm?abstract_id=4431879
10.2139/ssrn.4545744,https://doi.org/10.2139/ssrn.4545744,A Spectroscopic Investigation of the Lowest Electronic States of the I+ 2 Cation as a Candidate for Detecting the Time Variation of Fundamental Constants,2023,dx.doi.org,http://dx.doi.org/10.2139/ssrn.4545744,HTTP 403 (publisher blocks scripted clients),W4386175842,HTTPError: 403 Client Error: Forbidden for url: https://papers.ssrn.com/sol3/papers.cfm?abstract_id=4545744
10.2139/ssrn.4552767,https://doi.org/10.2139/ssrn.4552767,A Spectroscopic Investigation of the Lowest Electronic States of the I+ 2 Cation as a Candidate for Detecting the Time Variation of Fundamental Constants,2023,dx.doi.org,http://dx.doi.org/10.2139/ssrn.4552767,HTTP 403 (publisher blocks scripted clients),W4386205587,HTTPError: 403 Client Error: Forbidden for url: https://papers.ssrn.com/sol3/papers.cfm?abstract_id=4552767
10.2139/ssrn.4555930,https://doi.org/10.2139/ssrn.4555930,Preparation and Photochemistry of Parent Triplet Vinylarsinidene,2023,dx.doi.org,http://dx.doi.org/10.2139/ssrn.4555930,HTTP 403 (publisher blocks scripted clients),W4386363088,HTTPError: 403 Client Error: Forbidden for url: https://papers.ssrn.com/sol3/papers.cfm?abstract_id=4555930
10.2139/ssrn.4621071,https://doi.org/10.2139/ssrn.4621071,"Transition Properties of the Spin- Forbidden a 4p-X2p Systems in the No, Po and Ps Molecules",2023,dx.doi.org,http://dx.doi.org/10.2139/ssrn.4621071,HTTP 403 (publisher blocks scripted clients),W4388239386,HTTPError: 403 Client Error: Forbidden for url: https://papers.ssrn.com/sol3/papers.cfm?abstract_id=4621071
10.2139/ssrn.4676451,https://doi.org/10.2139/ssrn.4676451,Role of Surface Ir-Oxo Specie in Tuning Molecular Oxygen Evolution Electrocatalysis by Iridium Oxide: New Insights from Multireference Calculations,2023,dx.doi.org,http://dx.doi.org/10.2139/ssrn.4676451,HTTP 403 (publisher blocks scripted clients),W4390224321,HTTPError: 403 Client Error: Forbidden for url: https://papers.ssrn.com/sol3/papers.cfm?abstract_id=4676451
10.2139/ssrn.4752312,https://doi.org/10.2139/ssrn.4752312,Modeling Silver Clusters-Hydrocarbon Interactions: A Challenge for Scc-Dftb,2024,dx.doi.org,http://dx.doi.org/10.2139/ssrn.4752312,HTTP 403 (publisher blocks scripted clients),W4392591261,HTTPError: 403 Client Error: Forbidden for url: https://papers.ssrn.com/sol3/papers.cfm?abstract_id=4752312
10.2139/ssrn.4770712,https://doi.org/10.2139/ssrn.4770712,"Theoretical Study of Low-Lying Electronic States of Bin, Bip, Bias, and Bisb",2024,dx.doi.org,http://dx.doi.org/10.2139/ssrn.4770712,HTTP 403 (publisher blocks scripted clients),W4393130919,HTTPError: 403 Client Error: Forbidden for url: https://papers.ssrn.com/sol3/papers.cfm?abstract_id=4770712
10.2139/ssrn.4947284,https://doi.org/10.2139/ssrn.4947284,Mrci+Q Calculations on Electronic Structure and Spectroscopy of Low-Lying Electronic States of Silicon Monobromide Including Spin-Orbit Coupling Effect,2024,dx.doi.org,http://dx.doi.org/10.2139/ssrn.4947284,HTTP 403 (publisher blocks scripted clients),W4402285482,HTTPError: 403 Client Error: Forbidden for url: https://papers.ssrn.com/sol3/papers.cfm?abstract_id=4947284
10.26434/chemrxiv-2024-s8z45,https://doi.org/10.26434/chemrxiv-2024-s8z45,Ab Initio Multiple Spawning nonadiabatic dynamics with different CASPT2 flavors: A fully open-source PySpawn/OpenMolcas interface,2024,dx.doi.org,http://dx.doi.org/10.26434/chemrxiv-2024-s8z45,HTTP 403 (publisher blocks scripted clients),W4400257326,HTTPError: 403 Client Error: Forbidden for url: https://chemrxiv.org/doi/full/10.26434/chemrxiv-2024-s8z45
10.5194/egusphere-egu23-10653,https://doi.org/10.5194/egusphere-egu23-10653,A preliminary investigation of the spectral signatures of excited electronic states of OH in the Martian atmosphere,2023,dx.doi.org,http://dx.doi.org/10.5194/egusphere-egu23-10653,no fetchable PDF and no Europe PMC full text,W4321995882,0 PDF location(s) + Europe PMC tried; no Europe PMC OA full text
10.5194/egusphere-egu23-7308,https://doi.org/10.5194/egusphere-egu23-7308,First principles model of isotopic fractionation in formaldehyde photolysis: wavelength and pressure dependence,2023,dx.doi.org,http://dx.doi.org/10.5194/egusphere-egu23-7308,"HTML landing page, not a PDF",W4322005310,ValueError: response is not a PDF (probably an HTML landing page)
10.36387/jiis.v10i2.2810,https://doi.org/10.36387/jiis.v10i2.2810,HUBUNGAN KOMPLEKSITAS REGIMEN PENGOBATAN DENGAN KEPATUHAN PENGOBATAN PASIEN DIABETES MELITUS TIPE 2 DI POLI PENYAKIT DALAM RSUD SULTAN SURIANSYAH BANJARMASIN,2025,e-jurnal.stikes-isfi.ac.id,https://e-jurnal.stikes-isfi.ac.id/index.php/JIIS/article/download/2810/1006,HTTP 403 (publisher blocks scripted clients),W7122558519,HTTPError: 403 Client Error: Forbidden for url: https://e-jurnal.stikes-isfi.ac.id/index.php/JIIS/article/download/2810/1006
10.1002/chem.201604835,https://doi.org/10.1002/chem.201604835,Quenching the Quantum Tunneling of Magnetization in Heterometallic Octanuclear {TM<sup>III</sup><sub>4</sub>Dy<sup>III</sup><sub>4</sub>} (TM=Co and Cr) Single‐Molecule Magnets by Modification of the Bridging Ligands and Enhancing the Magnetic Exchange Coupling,2016,e-space.mmu.ac.uk,https://e-space.mmu.ac.uk/618275/10/Co4Dy4_CEJ_Final_15-11-2016%201.pdf,"HTML landing page, not a PDF",W2550902322,1 PDF location(s) + Europe PMC tried; ValueError: not a PDF (probably an HTML landing page) | no Europe PMC OA full text
10.1021/acs.inorgchem.6b02720,https://doi.org/10.1021/acs.inorgchem.6b02720,"Exploring the Influence of Diamagnetic Ions on the Mechanism of Magnetization Relaxation in {Co<sup>III</sup><sub>2</sub>Ln<sup>III</sup><sub>2</sub>} (Ln = Dy, Tb, Ho) “Butterfly” Complexes",2017,e-space.mmu.ac.uk,https://e-space.mmu.ac.uk/618278/3/Manuscript_Co2Ln2_KRV%20ksm%20a_SL%20FINAL%20%281%29.pdf,"HTML landing page, not a PDF",W2589029542,1 PDF location(s) + Europe PMC tried; ValueError: not a PDF (probably an HTML landing page) | no Europe PMC OA full text
10.5451/unibas-006514771,https://doi.org/10.5451/unibas-006514771,"Electronic characterization of mass-selected acyclic, polycyclic and oxygenated hydrocarbons in neon matrices",2016,edoc.unibas.ch,https://edoc.unibas.ch/42469/1/Thesis_Final.pdf,"HTML landing page, not a PDF",W2466959973,ValueError: response is not a PDF (probably an HTML landing page)
10.5451/unibas-ep78541,https://doi.org/10.5451/unibas-ep78541,Assessment of Quantum and Machine Learning Methods for Molecular Property Predictions,2020,edoc.unibas.ch,https://edoc.unibas.ch/78541/1/Diana_Tahchieva_PhD_Thesis.pdf,no fetchable PDF and no Europe PMC full text,W3127689184,0 PDF location(s) + Europe PMC tried; no Europe PMC OA full text
10.1136/ejhpharm-2019-eahpconf.232,https://doi.org/10.1136/ejhpharm-2019-eahpconf.232,4CPS-083 Aging with HIV: optimising pharmacotherapy beyond interactions,2019,ejhp.bmj.com,https://ejhp.bmj.com/content/ejhpharm/26/Suppl_1/A107.1.full.pdf,HTTP 429 (rate limited),W2922387912,HTTPError: 429 Client Error: Too Many Requests for url: https://ejhp.bmj.com/content/ejhpharm/26/Suppl_1/A107.1.full.pdf
10.1136/ejhpharm-2023-eahp.393,https://doi.org/10.1136/ejhpharm-2023-eahp.393,4CPS-087 Persistence in the methadone maintenance programme and its relationship with the medication regimen complexity index in opioid dependent patients,2023,ejhp.bmj.com,https://ejhp.bmj.com/content/ejhpharm/30/Suppl_1/A189.2.full.pdf,HTTP 429 (rate limited),W4367721110,HTTPError: 429 Client Error: Too Many Requests for url: https://ejhp.bmj.com/content/ejhpharm/30/Suppl_1/A189.2.full.pdf
10.1007/s10812-016-0201-9,https://doi.org/10.1007/s10812-016-0201-9,Determination of the Optimal Energy Denominator Shift Parameter of KRb Electronic States in Quantum Chemical Computations Using Perturbation Theory,2016,elib.bsu.by,http://elib.bsu.by/handle/123456789/234360,no fetchable PDF and no Europe PMC full text,W2295059045,0 PDF location(s) + Europe PMC tried; no Europe PMC OA full text
10.1016/j.comptc.2020.112972,https://doi.org/10.1016/j.comptc.2020.112972,Multi-reference perturbation theory study on the RaCl molecule promising for the laser cooling,2020,elib.bsu.by,https://elib.bsu.by/handle/123456789/272827,no fetchable PDF and no Europe PMC full text,W3046051761,0 PDF location(s) + Europe PMC tried; no Europe PMC OA full text
10.1142/s0219633619500299,https://doi.org/10.1142/s0219633619500299,"Spectral and quantum chemical analysis of ethyl 4-[3-(adamantan-1-yl)-4-phenyl-5-sulfanylidene-4,5-dihydro-1H-1,2,4-triazole-1-yl]methylpiperazine-1-carboxylate",2019,elib.bsu.by,http://elib.bsu.by/handle/123456789/235400,no fetchable PDF and no Europe PMC full text,W2979194319,0 PDF location(s) + Europe PMC tried; no Europe PMC OA full text
10.18419/opus-734,https://doi.org/10.18419/opus-734,Theoretische Untersuchung von Spin-Bahn-Effekten in der Spektroskopie und Dynamik angeregter Zustaende von Kohlenstoffdisulfid CS2 und Iodcyan ICN,2002,elib.uni-stuttgart.de,http://elib.uni-stuttgart.de/handle/11682/751,"HTML landing page, not a PDF",W1598919944,ValueError: response is not a PDF (probably an HTML landing page)
10.1360/csb1991-36-21-1633,https://doi.org/10.1360/csb1991-36-21-1633,CdH_2范德华分子的CASSCF/SOCI研究,1991,engine.scichina.com,http://engine.scichina.com/doi/pdf/9567c3226a184b96a90ed98f0a52f358,HTTP 418,W4253720043,1 PDF location(s) + Europe PMC tried; HTTPError: 418 Client Error:  for url: https://www.sciengine.com/doi/pdf/9567c3226a184b96a90ed98f0a52f358 | no Europe PMC OA full text
10.1360/ssc-2019-0114,https://doi.org/10.1360/ssc-2019-0114,Theoretical study on photo-induced ring closure and rearrangement of diarylethenes,2019,engine.scichina.com,https://engine.scichina.com/doi/pdf/FD899BC8D35A436F9B64AA378F48F904,HTTP 418,W2988351150,1 PDF location(s) + Europe PMC tried; HTTPError: 418 Client Error:  for url: https://www.sciengine.com/doi/pdf/FD899BC8D35A436F9B64AA378F48F904 | no Europe PMC OA full text
10.1360/zb2006-36-1-36,https://doi.org/10.1360/zb2006-36-1-36,若干SO&amp;#60;sub&amp;#62;2&amp;#60;/sub&amp;#62;电子态的势能面,2006,engine.scichina.com,http://engine.scichina.com/doi/pdf/71f413fddd5147d399312ac8fd87f103,no fetchable PDF and no Europe PMC full text,W2213721822,0 PDF location(s) + Europe PMC tried; no Europe PMC OA full text
10.1360/zb2007-37-4-318,https://doi.org/10.1360/zb2007-37-4-318,"MRCI及其近似方法下C&amp;lt;SUB&amp;gt;2&amp;lt;/SUB&amp;gt;分子&amp;lt;italic&amp;gt;X&amp;lt;/italic&amp;gt;&amp;lt;SUP&amp;gt;1&amp;lt;/SUP&amp;gt;&amp;lt;italic&amp;gt;&amp;Sigma;&amp;lt;/italic&amp;gt;&amp;lt;SUP&amp;gt;+&amp;lt;/SUP&amp;gt;&amp;lt;SUB&amp;gt;&amp;lt;italic&amp;gt;g&amp;lt;/italic&amp;gt;&amp;lt;/SUB&amp;gt;, &amp;lt;italic&amp;gt;B&amp;lt;/italic&amp;gt;&amp;lt;SUP&amp;gt;1&amp;lt;/SUP&amp;gt;&amp;lt;italic&amp;gt;&amp;Delta;&amp;lt;SUB&amp;gt;g&amp;lt;/SUB&amp;gt;&amp;lt;/italic&amp;gt;和 &amp;lt;italic&amp;gt;B&amp;lt;/italic&amp;gt;&amp;prime;&amp;lt;SUP&amp;gt;1&amp;lt;/SUP&amp;gt;&amp;lt;italic&amp;gt;&amp;Sigma;&amp;lt;/italic&amp;gt;&amp;lt;SUP&amp;gt;+&amp;lt;/SUP&amp;gt;&amp;lt;italic&amp;gt;&amp;lt;SUB&amp;gt;g&amp;lt;/SUB&amp;gt;&amp;lt;/italic&amp;gt;态的势能曲线",2007,engine.scichina.com,http://engine.scichina.com/doi/pdf/7d892542a9194da79cdf5ed74bcae782,connection refused / DNS failure,W2412417552,"ConnectionError: HTTPSConnectionPool(host='www.sciengine.com', port=443): Max retries exceeded with url: /doi/pdf/7d892542a9194da79cdf5ed74bcae782 (Caused by NewConnectionError(""HTTPSConnection(host='www.sciengine.com', port=443): Failed to establish a new connection: [Errno 111] Connection refused"""
10.1063/1.4941775,https://doi.org/10.1063/1.4941775,Transport coefficients of He+ ions in helium,2016,eprints.nottingham.ac.uk,http://eprints.nottingham.ac.uk/31624/,no fetchable PDF and no Europe PMC full text,W2278888109,0 PDF location(s) + Europe PMC tried; no Europe PMC OA full text
10.25959/100.00034614,https://doi.org/10.25959/100.00034614,Medication appropriateness and regimen complexity in chronic kidney disease,2019,eprints.utas.edu.au,https://eprints.utas.edu.au/34614/1/Tesfaye_whole_thesis_ex_pub_mat.pdf,HTTP 401,W3085650637,HTTPError: 401 Client Error: Unauthorized for url: https://eprints.utas.edu.au/34614/1/Tesfaye_whole_thesis_ex_pub_mat.pdf
10.1039/c4cp03130j,https://doi.org/10.1039/c4cp03130j,Photochemistry of aldehyde clusters: cross-molecular versus unimolecular reaction dynamics,2014,escholarship.org,https://escholarship.org/uc/item/2sv3s6b4,HTTP 403 (publisher blocks scripted clients),W2100125670,HTTPError: 403 Client Error: Forbidden for url: https://escholarship.org/uc/item/2sv3s6b4
10.1039/c6cp01063f,https://doi.org/10.1039/c6cp01063f,Near-UV photodissociation dynamics of CH <sub>2</sub> I <sub>2</sub>,2016,escholarship.org,https://escholarship.org/uc/item/1sv4v9v3,HTTP 403 (publisher blocks scripted clients),W2321243581,HTTPError: 403 Client Error: Forbidden for url: https://escholarship.org/uc/item/1sv4v9v3
10.48550/arxiv.2105.01754,https://doi.org/10.48550/arxiv.2105.01754,"The Effect of Geometry, Spin and Orbital Optimization in Achieving Accurate, Fully-Correlated Results for Iron-Sulfur Cubanes",2021,escholarship.org,https://escholarship.org/uc/item/32n8m5tq,HTTP 403 (publisher blocks scripted clients),W3159123575,1 PDF location(s) + Europe PMC tried; HTTPError: 403 Client Error: Forbidden for url: https://escholarship.org/uc/item/32n8m5tq | no Europe PMC OA full text
10.1002/chin.200317001,https://doi.org/10.1002/chin.200317001,Reduction of Uranyl(VI) by Iron(II) in Solutions: An ab initio Study.,2003,figshare.com,https://figshare.com/articles/journal_contribution/Reduction_of_Uranyl_VI_by_Iron_II_in_Solutions_An_Ab_Initio_Study/3724617,"HTML landing page, not a PDF",W2103872562,ValueError: response is not a PDF (probably an HTML landing page)
10.1007/s00228-015-1883-2,https://doi.org/10.1007/s00228-015-1883-2,Factors associated with medication regimen complexity in older people: a cross-sectional population-based study,2015,figshare.com,https://figshare.com/articles/journal_contribution/Factors_associated_with_medication_regimen_complexity_in_older_people_a_cross-sectional_population-based_study/22933919,"HTML landing page, not a PDF",W1919481539,ValueError: response is not a PDF (probably an HTML landing page)
10.1007/s00228-016-2075-4,https://doi.org/10.1007/s00228-016-2075-4,Polypharmacy and medication regimen complexity as factors associated with staff informant rated quality of life in residents of aged care facilities: a cross-sectional study,2016,figshare.com,https://figshare.com/articles/journal_contribution/Polypharmacy_and_medication_regimen_complexity_as_factors_associated_with_staff_informant_rated_quality_of_life_in_residents_of_aged_care_facilities_a_cross-sectional_study/22940750,"HTML landing page, not a PDF",W2410222143,ValueError: response is not a PDF (probably an HTML landing page)
10.1016/j.eurger.2015.10.003,https://doi.org/10.1016/j.eurger.2015.10.003,Factors associated with medication regimen complexity in residents of long-term care facilities,2015,figshare.com,https://figshare.com/articles/journal_contribution/Factors_associated_with_medication_regimen_complexity_in_residents_of_long-term_care_facilities/22933910,"HTML landing page, not a PDF",W2180933102,ValueError: response is not a PDF (probably an HTML landing page)
10.1016/j.jamda.2016.08.019,https://doi.org/10.1016/j.jamda.2016.08.019,Polypharmacy and Medication Regimen Complexity as Risk Factors for Hospitalization Among Residents of Long-Term Care Facilities: A Prospective Cohort Study,2016,figshare.com,https://figshare.com/articles/journal_contribution/Polypharmacy_and_medication_regimen_complexity_as_risk_factors_for_hospitalization_among_residents_of_long-term_care_facilities_a_prospective_cohort_study/22944914,"HTML landing page, not a PDF",W2532082013,ValueError: response is not a PDF (probably an HTML landing page)
10.1021/acs.cgd.5c00037.s001,https://doi.org/10.1021/acs.cgd.5c00037.s001,Enhanced Easy AxisMagnetic Anisotropy in a Siloxane-BridgedLinear Co<sup>II</sup><sub>3</sub> Single-Molecule Magnet,2025,figshare.com,https://figshare.com/articles/journal_contribution/Enhanced_Easy_Axis_Magnetic_Anisotropy_in_a_Siloxane-Bridged_Linear_Co_sup_II_sup_sub_3_sub_Single-Molecule_Magnet/29106853,no fetchable PDF and no Europe PMC full text,W7110981506,0 PDF location(s) + Europe PMC tried; no Europe PMC OA full text
10.1021/acs.cgd.5c00236.s001,https://doi.org/10.1021/acs.cgd.5c00236.s001,Structural and MagneticStudies of a Discrete TetranuclearComplex Featuring an Oxalato-Bridged Ni<sub>3</sub><sup>II</sup>Cr<sup>III</sup> Cluster,2025,figshare.com,https://figshare.com/articles/journal_contribution/Structural_and_Magnetic_Studies_of_a_Discrete_Tetranuclear_Complex_Featuring_an_Oxalato-Bridged_Ni_sub_3_sub_sup_II_sup_Cr_sup_III_sup_Cluster/29603857,no fetchable PDF and no Europe PMC full text,W7111370555,0 PDF location(s) + Europe PMC tried; no Europe PMC OA full text
10.1021/acs.cgd.5c00337.s001,https://doi.org/10.1021/acs.cgd.5c00337.s001,"Tuning Self-Aggregationand Nuclearity in MultinuclearCo<sup>II</sup> Complexes: Synthesis, Structural Diversity, and Changesin Magnetic Anisotropy and Relaxation Behavior",2025,figshare.com,https://figshare.com/articles/journal_contribution/Tuning_Self-Aggregation_and_Nuclearity_in_Multinuclear_Co_sup_II_sup_Complexes_Synthesis_Structural_Diversity_and_Changes_in_Magnetic_Anisotropy_and_Relaxation_Behavior/29126067,no fetchable PDF and no Europe PMC full text,W7111053320,0 PDF location(s) + Europe PMC tried; no Europe PMC OA full text
10.1021/acs.cgd.5c01058.s001,https://doi.org/10.1021/acs.cgd.5c01058.s001,Regulation of LigandSubstitution in Mononuclear Dy/GdComplexes: Slow Magnetic Relaxation and Magnetocaloric Effects,2025,figshare.com,https://figshare.com/articles/journal_contribution/Regulation_of_Ligand_Substitution_in_Mononuclear_Dy_Gd_Complexes_Slow_Magnetic_Relaxation_and_Magnetocaloric_Effects/30464147,no fetchable PDF and no Europe PMC full text,W7110837579,0 PDF location(s) + Europe PMC tried; no Europe PMC OA full text
10.1021/acs.inorgchem.1c01519.s001,https://doi.org/10.1021/acs.inorgchem.1c01519.s001,Low-Spin Cyanide Complexes of 3‑Mercaptopropionic\nAcid Dioxygenase (MDO) Reveal the Impact of Outer-Sphere SHY-Motif\nResidues,2021,figshare.com,https://figshare.com/articles/journal_contribution/Low-Spin_Cyanide_Complexes_of_3_Mercaptopropionic_Acid_Dioxygenase_MDO_Reveal_the_Impact_of_Outer-Sphere_SHY-Motif_Residues/17156057,no fetchable PDF and no Europe PMC full text,W4200316375,0 PDF location(s) + Europe PMC tried; no Europe PMC OA full text
10.1021/acs.inorgchem.1c03011.s001,https://doi.org/10.1021/acs.inorgchem.1c03011.s001,"The Ruthenium Nitrosyl Moiety in Clusters: Trinuclear\nLinear μ‑Hydroxido Magnesium(II)-Diruthenium(II), μ&lt;sub&gt;3&lt;/sub&gt;‑Oxido Trinuclear Diiron(III)–Ruthenium(II),\nand Tetranuclear μ&lt;sub&gt;4&lt;/sub&gt;‑Oxido Trigallium(III)-Ruthenium(II)\nComplexes",,figshare.com,https://figshare.com/articles/journal_contribution/The_Ruthenium_Nitrosyl_Moiety_in_Clusters_Trinuclear_Linear_Hydroxido_Magnesium_II_-Diruthenium_II_sub_3_sub_Oxido_Trinuclear_Diiron_III_Ruthenium_II_and_Tetranuclear_sub_4_sub_Oxido_Trigallium_III_-Ruthenium_II_Complexes/17698345,no fetchable PDF and no Europe PMC full text,W4200562959,0 PDF location(s) + Europe PMC tried; no Europe PMC OA full text
10.1021/acs.inorgchem.5b02415,https://doi.org/10.1021/acs.inorgchem.5b02415,"Molecular and Electronic Structures of Homoleptic Six-Coordinate Cobalt(I) Complexes of 2,2′:6′,2″-Terpyridine, 2,2′-Bipyridine, and 1,10-Phenanthroline. An Experimental and Computational Study",2015,figshare.com,https://figshare.com/articles/journal_contribution/Molecular_and_Electronic_Structures_of_Homoleptic_Six-Coordinate_Cobalt_I_Complexes_of_2_2_6_2_-Terpyridine_2_2_-Bipyridine_and_1_10-Phenanthroline_An_Experimental_and_Computational_Study/24399217,no fetchable PDF and no Europe PMC full text,W2185611957,0 PDF location(s) + Europe PMC tried; no Europe PMC OA full text
10.1021/acs.inorgchem.5c01463.s001,https://doi.org/10.1021/acs.inorgchem.5c01463.s001,Excited Statesand Luminescent Properties of UranylCarbonates and Their Hydrated Complexes in Aqueous Solution: A TheoreticalStudy,2025,figshare.com,https://figshare.com/articles/journal_contribution/Excited_States_and_Luminescent_Properties_of_Uranyl_Carbonates_and_Their_Hydrated_Complexes_in_Aqueous_Solution_A_Theoretical_Study/29309733,"HTML landing page, not a PDF",W7111391973,ValueError: response is not a PDF (probably an HTML landing page)
10.1021/acs.inorgchem.5c01531.s001,https://doi.org/10.1021/acs.inorgchem.5c01531.s001,"1,4-Phosphagermines:An Anionic 6π-heteroaromaticBiradicaloid and a Persistent π‑Delocalized Radical",2025,figshare.com,https://figshare.com/articles/journal_contribution/1_4-Phosphagermines_An_Anionic_6_-heteroaromatic_Biradicaloid_and_a_Persistent_Delocalized_Radical/29358741,no fetchable PDF and no Europe PMC full text,W7111188602,0 PDF location(s) + Europe PMC tried; no Europe PMC OA full text
10.1021/acs.inorgchem.5c01823.s001,https://doi.org/10.1021/acs.inorgchem.5c01823.s001,Electronic Structure of Tetragonal Fe-Oxo ComplexesGoverns HAT vs PCET Mechanisms in C–H Oxidation,2025,figshare.com,https://figshare.com/articles/journal_contribution/Electronic_Structure_of_Tetragonal_Fe-Oxo_Complexes_Governs_HAT_vs_PCET_Mechanisms_in_C_H_Oxidation/29546384,no fetchable PDF and no Europe PMC full text,W7111206302,0 PDF location(s) + Europe PMC tried; no Europe PMC OA full text
10.1021/acs.inorgchem.5c02059.s001,https://doi.org/10.1021/acs.inorgchem.5c02059.s001,Spectroscopicand Theoretical Studies of RutheniumComplexes with a Noninnocent N<sub>2</sub>S<sub>2</sub> Ligand inDifferent Redox States,2025,figshare.com,https://figshare.com/articles/journal_contribution/Spectroscopic_and_Theoretical_Studies_of_Ruthenium_Complexes_with_a_Noninnocent_N_sub_2_sub_S_sub_2_sub_Ligand_in_Different_Redox_States/29649520,"HTML landing page, not a PDF",W7111289798,ValueError: response is not a PDF (probably an HTML landing page)
10.1021/acs.inorgchem.5c02481.s001,https://doi.org/10.1021/acs.inorgchem.5c02481.s001,Nanostructuringof Dysprosocenium Single-Ion Magnetsthrough Encapsulation in MOFs: A Promising Approach to Achieve HighAxiality and Ambient Stability with Long-Range Ordering,2025,figshare.com,https://figshare.com/articles/journal_contribution/Nanostructuring_of_Dysprosocenium_Single-Ion_Magnets_through_Encapsulation_in_MOFs_A_Promising_Approach_to_Achieve_High_Axiality_and_Ambient_Stability_with_Long-Range_Ordering/30013818,no fetchable PDF and no Europe PMC full text,W7110823042,0 PDF location(s) + Europe PMC tried; no Europe PMC OA full text
10.1021/acs.inorgchem.5c02481.s002,https://doi.org/10.1021/acs.inorgchem.5c02481.s002,Nanostructuringof Dysprosocenium Single-Ion Magnetsthrough Encapsulation in MOFs: A Promising Approach to Achieve HighAxiality and Ambient Stability with Long-Range Ordering,2025,figshare.com,https://figshare.com/articles/media/Nanostructuring_of_Dysprosocenium_Single-Ion_Magnets_through_Encapsulation_in_MOFs_A_Promising_Approach_to_Achieve_High_Axiality_and_Ambient_Stability_with_Long-Range_Ordering/30013821,no fetchable PDF and no Europe PMC full text,W7110950385,0 PDF location(s) + Europe PMC tried; no Europe PMC OA full text
10.1021/acs.inorgchem.5c02481.s003,https://doi.org/10.1021/acs.inorgchem.5c02481.s003,Nanostructuringof Dysprosocenium Single-Ion Magnetsthrough Encapsulation in MOFs: A Promising Approach to Achieve HighAxiality and Ambient Stability with Long-Range Ordering,2025,figshare.com,https://figshare.com/articles/media/Nanostructuring_of_Dysprosocenium_Single-Ion_Magnets_through_Encapsulation_in_MOFs_A_Promising_Approach_to_Achieve_High_Axiality_and_Ambient_Stability_with_Long-Range_Ordering/30013830,no fetchable PDF and no Europe PMC full text,W7111120864,0 PDF location(s) + Europe PMC tried; no Europe PMC OA full text
10.1021/acs.inorgchem.5c02481.s004,https://doi.org/10.1021/acs.inorgchem.5c02481.s004,Nanostructuringof Dysprosocenium Single-Ion Magnetsthrough Encapsulation in MOFs: A Promising Approach to Achieve HighAxiality and Ambient Stability with Long-Range Ordering,2025,figshare.com,https://figshare.com/articles/media/Nanostructuring_of_Dysprosocenium_Single-Ion_Magnets_through_Encapsulation_in_MOFs_A_Promising_Approach_to_Achieve_High_Axiality_and_Ambient_Stability_with_Long-Range_Ordering/30013833,no fetchable PDF and no Europe PMC full text,W7111138474,0 PDF location(s) + Europe PMC tried; no Europe PMC OA full text
10.1021/acs.inorgchem.5c02481.s005,https://doi.org/10.1021/acs.inorgchem.5c02481.s005,Nanostructuringof Dysprosocenium Single-Ion Magnetsthrough Encapsulation in MOFs: A Promising Approach to Achieve HighAxiality and Ambient Stability with Long-Range Ordering,2025,figshare.com,https://figshare.com/articles/media/Nanostructuring_of_Dysprosocenium_Single-Ion_Magnets_through_Encapsulation_in_MOFs_A_Promising_Approach_to_Achieve_High_Axiality_and_Ambient_Stability_with_Long-Range_Ordering/30013836,no fetchable PDF and no Europe PMC full text,W7111278515,0 PDF location(s) + Europe PMC tried; no Europe PMC OA full text
10.1021/acs.inorgchem.5c02754.s001,https://doi.org/10.1021/acs.inorgchem.5c02754.s001,Realizingthe Magnetostructural Correlation of a HighlyAnisotropic Fe(III) Porphyrin Complex through <i>Ab Initio</i> Approaches,2025,figshare.com,https://figshare.com/articles/journal_contribution/Realizing_the_Magnetostructural_Correlation_of_a_Highly_Anisotropic_Fe_III_Porphyrin_Complex_through_i_Ab_Initio_i_Approaches/30251696,no fetchable PDF and no Europe PMC full text,W7111241719,0 PDF location(s) + Europe PMC tried; no Europe PMC OA full text
10.1021/acs.inorgchem.5c02893.s001,https://doi.org/10.1021/acs.inorgchem.5c02893.s001,ElectronicStructure and Hypercorrole Features ofDeprotonated Free-Base and Reduced Copper Corroles,2025,figshare.com,https://figshare.com/articles/journal_contribution/Electronic_Structure_and_Hypercorrole_Features_of_Deprotonated_Free-Base_and_Reduced_Copper_Corroles/30562173,no fetchable PDF and no Europe PMC full text,W7111121152,0 PDF location(s) + Europe PMC tried; no Europe PMC OA full text
10.1021/acs.inorgchem.5c02908.s001,https://doi.org/10.1021/acs.inorgchem.5c02908.s001,"A Neutral Dy(II) Bis(amide): Synthesis, Magnetism,and a P<sub>4</sub><sup>2–</sup> Complex",2025,figshare.com,https://figshare.com/articles/journal_contribution/A_Neutral_Dy_II_Bis_amide_Synthesis_Magnetism_and_a_P_sub_4_sub_sup_2_sup_Complex/30302420,no fetchable PDF and no Europe PMC full text,W7111090846,0 PDF location(s) + Europe PMC tried; no Europe PMC OA full text
10.1021/acs.inorgchem.5c03228.s001,https://doi.org/10.1021/acs.inorgchem.5c03228.s001,Experimentaland Theoretical Study of the Formationof Noble Gas Monoxide Cations in the Gas Phase,2025,figshare.com,https://figshare.com/articles/journal_contribution/Experimental_and_Theoretical_Study_of_the_Formation_of_Noble_Gas_Monoxide_Cations_in_the_Gas_Phase/30260584,"HTML landing page, not a PDF",W7111062886,ValueError: response is not a PDF (probably an HTML landing page)
10.1021/acs.inorgchem.5c03327.s001,https://doi.org/10.1021/acs.inorgchem.5c03327.s001,Fe(II)-PorphyrinCatalysts Emulate Enzymatic StructuralFeatures for C–H Amination Reactions,2025,figshare.com,https://figshare.com/articles/journal_contribution/Fe_II_-Porphyrin_Catalysts_Emulate_Enzymatic_Structural_Features_for_C_H_Amination_Reactions/29835787,no fetchable PDF and no Europe PMC full text,W7111130091,0 PDF location(s) + Europe PMC tried; no Europe PMC OA full text
10.1021/acs.inorgchem.5c03532.s001,https://doi.org/10.1021/acs.inorgchem.5c03532.s001,<i>InSilico</i> Investigation to Rationalizethe Effect of Weak Donor versus Strong Donor Halides as Bridges inDinuclear Dysprosium(III) Single-Molecule Magnets,2025,figshare.com,https://figshare.com/articles/journal_contribution/_i_In_Silico_i_Investigation_to_Rationalize_the_Effect_of_Weak_Donor_versus_Strong_Donor_Halides_as_Bridges_in_Dinuclear_Dysprosium_III_Single-Molecule_Magnets/30393873,no fetchable PDF and no Europe PMC full text,W7110847154,0 PDF location(s) + Europe PMC tried; no Europe PMC OA full text
10.1021/acs.inorgchem.5c03729.s001,https://doi.org/10.1021/acs.inorgchem.5c03729.s001,A CombinedMagnetic and Mossbauer SpectroscopicStudy of High-Spin Half-Sandwich Fe(I) Complexes in Monomeric andPolymeric Configurations,2025,figshare.com,https://figshare.com/articles/journal_contribution/A_Combined_Magnetic_and_Mo_ssbauer_Spectroscopic_Study_of_High-Spin_Half-Sandwich_Fe_I_Complexes_in_Monomeric_and_Polymeric_Configurations/30651523,no fetchable PDF and no Europe PMC full text,W7111240171,0 PDF location(s) + Europe PMC tried; no Europe PMC OA full text
10.1021/acs.inorgchem.5c03903.s001,https://doi.org/10.1021/acs.inorgchem.5c03903.s001,UnravellingMagneto-Structural Correlations in Pseudo <i>D</i><sub>5<i>h</i>/6<i>h</i></sub>-SymmetricDy(III) Single-Molecule Magnets,2025,figshare.com,https://figshare.com/articles/journal_contribution/Unravelling_Magneto-Structural_Correlations_in_Pseudo_i_D_i_sub_5_i_h_i_6_i_h_i_sub_-Symmetric_Dy_III_Single-Molecule_Magnets/30858830,no fetchable PDF and no Europe PMC full text,W7115004835,0 PDF location(s) + Europe PMC tried; no Europe PMC OA full text
10.1021/acs.inorgchem.5c03929.s001,https://doi.org/10.1021/acs.inorgchem.5c03929.s001,Synthesis & Magnetic Properties of an AntimonyChelate (‘XantSb<sub>2</sub>’) Supported Cobalt(II):Rare Example of a 5<i>p</i>|3<i>d</i> ParamagneticComplex,2025,figshare.com,https://figshare.com/articles/journal_contribution/Synthesis_Magnetic_Properties_of_an_Antimony_Chelate_XantSb_sub_2_sub_Supported_Cobalt_II_Rare_Example_of_a_5_i_p_i_3_i_d_i_Paramagnetic_Complex/30214830,no fetchable PDF and no Europe PMC full text,W7111416171,0 PDF location(s) + Europe PMC tried; no Europe PMC OA full text
10.1021/acs.inorgchem.5c03943.s001,https://doi.org/10.1021/acs.inorgchem.5c03943.s001,"Peroxide LigandsSupport Tetranuclear Lanthanide Ensembles:Synthesis, Structure, Magnetism, and Theoretical Studies",2025,figshare.com,https://figshare.com/articles/journal_contribution/Peroxide_Ligands_Support_Tetranuclear_Lanthanide_Ensembles_Synthesis_Structure_Magnetism_and_Theoretical_Studies/30612662,no fetchable PDF and no Europe PMC full text,W7110783382,0 PDF location(s) + Europe PMC tried; no Europe PMC OA full text
10.1021/acs.inorgchem.6c01030.s001,https://doi.org/10.1021/acs.inorgchem.6c01030.s001,"Implicatingthe Role of Enhanced Oxyl Attribute inFacilitating Exceptional C–H Activation by a [Co<sub>2</sub><sup>III,IV</sup>(μ-O)<sub>2</sub>] Diamond-Core Complex: A Theoretical Perspective",2026,figshare.com,https://figshare.com/articles/journal_contribution/Implicating_the_Role_of_Enhanced_Oxyl_Attribute_in_Facilitating_Exceptional_C_H_Activation_by_a_Co_sub_2_sub_sup_III_IV_sup_-O_sub_2_sub_Diamond-Core_Complex_A_Theoretical_Perspective/32532283,no fetchable PDF and no Europe PMC full text,W7163402453,0 PDF location(s) + Europe PMC tried; no Europe PMC OA full text
10.1021/acs.jctc.2c00888,https://doi.org/10.1021/acs.jctc.2c00888,Interexcited State Photophysics I: Benchmarking Density Functionals for Computing Nonadiabatic Couplings and Internal Conversion Rate Constants,2022,figshare.com,https://figshare.com/articles/journal_contribution/Interexcited_State_Photophysics_I_Benchmarking_Density_Functionals_for_Computing_Nonadiabatic_Couplings_and_Internal_Conversion_Rate_Constants/27566835,"HTML landing page, not a PDF",W4310955259,ValueError: response is not a PDF (probably an HTML landing page)
10.1021/acs.jctc.4c01735.s001,https://doi.org/10.1021/acs.jctc.4c01735.s001,Efficient Implementationof Approximate Fourth Order <i>N</i>‑Electron ValenceState Perturbation Theory,2025,figshare.com,https://figshare.com/articles/journal_contribution/Efficient_Implementation_of_Approximate_Fourth_Order_i_N_i_Electron_Valence_State_Perturbation_Theory/28731113,"HTML landing page, not a PDF",W7111175189,ValueError: response is not a PDF (probably an HTML landing page)
10.1021/acs.jctc.5c00042.s001,https://doi.org/10.1021/acs.jctc.5c00042.s001,Nuclear−ElectronicOrbital Multireference ConfigurationInteraction for Ground and Excited Vibronic States and FundamentalInsights into Multicomponent Basis Sets,2025,figshare.com,https://figshare.com/articles/journal_contribution/Nuclear_Electronic_Orbital_Multireference_Configuration_Interaction_for_Ground_and_Excited_Vibronic_States_and_Fundamental_Insights_into_Multicomponent_Basis_Sets/28715265,"HTML landing page, not a PDF",W7111167727,ValueError: response is not a PDF (probably an HTML landing page)
10.1021/acs.jctc.5c00519.s001,https://doi.org/10.1021/acs.jctc.5c00519.s001,A Complete ActiveSpace Self-Consistent Field Approachfor Molecules in QED Environments,2025,figshare.com,https://figshare.com/articles/journal_contribution/A_Complete_Active_Space_Self-Consistent_Field_Approach_for_Molecules_in_QED_Environments/29486893,no fetchable PDF and no Europe PMC full text,W7110904024,0 PDF location(s) + Europe PMC tried; no Europe PMC OA full text
10.1021/acs.jctc.5c00582.s001,https://doi.org/10.1021/acs.jctc.5c00582.s001,Approximation toSecond Order N‑Electron ValenceState Perturbation Theory: Limiting the Wave Function within Singles,2025,figshare.com,https://figshare.com/articles/journal_contribution/Approximation_to_Second_Order_N_Electron_Valence_State_Perturbation_Theory_Limiting_the_Wave_Function_within_Singles/29175291,"HTML landing page, not a PDF",W7110777541,ValueError: response is not a PDF (probably an HTML landing page)
10.1021/acs.jctc.5c00733.s001,https://doi.org/10.1021/acs.jctc.5c00733.s001,Computation of Exchange Couplings by Means of an Exchange-DedicatedPerturbation Theory,2025,figshare.com,https://figshare.com/articles/journal_contribution/Computation_of_Exchange_Couplings_by_Means_of_an_Exchange-Dedicated_Perturbation_Theory/30048324,"HTML landing page, not a PDF",W7111232392,ValueError: response is not a PDF (probably an HTML landing page)
10.1021/acs.jctc.5c01200.s001,https://doi.org/10.1021/acs.jctc.5c01200.s001,Benchmarking DensityFunctional Approximations inNonadiabatic Dynamics: <i>Trans</i>–<i>Cis</i> Isomerization in Retinal Model,2025,figshare.com,https://figshare.com/articles/journal_contribution/Benchmarking_Density_Functional_Approximations_in_Nonadiabatic_Dynamics_i_Trans_i_i_Cis_i_Isomerization_in_Retinal_Model/30247812,"HTML landing page, not a PDF",W7111009703,ValueError: response is not a PDF (probably an HTML landing page)
10.1021/acs.jctc.5c01287.s001,https://doi.org/10.1021/acs.jctc.5c01287.s001,Large-Scale Modelingof Proton-Coupled Electron TransferBased on Block-Localized Kohn–Sham Orbitals,2025,figshare.com,https://figshare.com/articles/journal_contribution/Large-Scale_Modeling_of_Proton-Coupled_Electron_Transfer_Based_on_Block-Localized_Kohn_Sham_Orbitals/30811102,no fetchable PDF and no Europe PMC full text,W7111252637,0 PDF location(s) + Europe PMC tried; no Europe PMC OA full text
10.1021/acs.jctc.5c01321.s001,https://doi.org/10.1021/acs.jctc.5c01321.s001,MC25: An AccurateMeta Pair-Density Functional forMulticonfiguration Pair-Density Functional Theory and Linearized Pair-DensityFunctional Theory,2025,figshare.com,https://figshare.com/articles/journal_contribution/MC25_An_Accurate_Meta_Pair-Density_Functional_for_Multiconfiguration_Pair-Density_Functional_Theory_and_Linearized_Pair-Density_Functional_Theory/30491090,no fetchable PDF and no Europe PMC full text,W7110859229,0 PDF location(s) + Europe PMC tried; no Europe PMC OA full text
10.1021/acs.jctc.5c01327.s001,https://doi.org/10.1021/acs.jctc.5c01327.s001,Magnetic Coupling in Non-Kekule Diradical Hydrocarbonsvia Multiconfigurational Pair-Density Functional Theory,2025,figshare.com,https://figshare.com/articles/journal_contribution/Magnetic_Coupling_in_Non-Kekule_Diradical_Hydrocarbons_via_Multiconfigurational_Pair-Density_Functional_Theory/30676503,"HTML landing page, not a PDF",W7110964156,ValueError: response is not a PDF (probably an HTML landing page)
10.1021/acs.jctc.5c01333.s001,https://doi.org/10.1021/acs.jctc.5c01333.s001,Capturing ElectronCorrelation with Machine Learningthrough a Data-Driven CASPT2 Framework,2025,figshare.com,https://figshare.com/articles/journal_contribution/Capturing_Electron_Correlation_with_Machine_Learning_through_a_Data-Driven_CASPT2_Framework/30416806,no fetchable PDF and no Europe PMC full text,W7110901786,0 PDF location(s) + Europe PMC tried; no Europe PMC OA full text
10.1021/acs.jctc.5c01336.s001,https://doi.org/10.1021/acs.jctc.5c01336.s001,Density MatrixEmbedding Theory-Based MulticonfigurationalQuantum Chemistry Approach to Lanthanide Single-Ion Magnets,2025,figshare.com,https://figshare.com/articles/journal_contribution/Density_Matrix_Embedding_Theory-Based_Multiconfigurational_Quantum_Chemistry_Approach_to_Lanthanide_Single-Ion_Magnets/30234040,no fetchable PDF and no Europe PMC full text,W7110985034,0 PDF location(s) + Europe PMC tried; no Europe PMC OA full text
10.1021/acs.jctc.5c01411.s001,https://doi.org/10.1021/acs.jctc.5c01411.s001,A Benchmark Databasefor Spin-Flip Gap Calculationsin Single- and Multireference Systems Using ΔDFT and Beyond,2025,figshare.com,https://figshare.com/articles/journal_contribution/A_Benchmark_Database_for_Spin-Flip_Gap_Calculations_in_Single-_and_Multireference_Systems_Using_DFT_and_Beyond/30454594,"HTML landing page, not a PDF",W7110947901,ValueError: response is not a PDF (probably an HTML landing page)
10.1021/acs.jctc.5c01685.s001,https://doi.org/10.1021/acs.jctc.5c01685.s001,Evaluation of ApproximateFourth-Order N‑ElectronValence Perturbation Theory (NEVPT4(SD)) for the Excited States ofOrganic Molecules,2025,figshare.com,https://figshare.com/articles/journal_contribution/Evaluation_of_Approximate_Fourth-Order_N_Electron_Valence_Perturbation_Theory_NEVPT4_SD_for_the_Excited_States_of_Organic_Molecules/30671195,"HTML landing page, not a PDF",W7110939952,ValueError: response is not a PDF (probably an HTML landing page)
10.1021/acs.jctc.6c00637.s001,https://doi.org/10.1021/acs.jctc.6c00637.s001,Modeling XanthophyllExcited States via Cost-EffectiveQuantum Chemistry methods and Property-Based Diabatization,2026,figshare.com,https://figshare.com/articles/journal_contribution/Modeling_Xanthophyll_Excited_States_via_Cost-Effective_Quantum_Chemistry_methods_and_Property-Based_Diabatization/32747300,"HTML landing page, not a PDF",W7165799484,ValueError: response is not a PDF (probably an HTML landing page)
10.1021/acs.jctc.6c00911.s001,https://doi.org/10.1021/acs.jctc.6c00911.s001,Correction to “CombiningDensity FunctionalEmbedding Theory and DMRG-NEVPT2 to Treat Large Active Spaces: AddressingElectronic Structure Complexity in Single-Atom Alloys”,2026,figshare.com,https://figshare.com/articles/journal_contribution/Correction_to_Combining_Density_Functional_Embedding_Theory_and_DMRG-NEVPT2_to_Treat_Large_Active_Spaces_Addressing_Electronic_Structure_Complexity_in_Single-Atom_Alloys_/32560207,"HTML landing page, not a PDF",W7163536911,ValueError: response is not a PDF (probably an HTML landing page)
10.1021/acs.jctc.9b00768,https://doi.org/10.1021/acs.jctc.9b00768,Heterogeneous CPU + GPU Algorithm for Variational Two-Electron Reduced-Density Matrix-Driven Complete Active-Space Self-Consistent Field Theory,2019,figshare.com,https://figshare.com/articles/journal_contribution/Heterogeneous_CPU_GPU_Algorithm_for_Variational_Two-Electron_Reduced-Density_Matrix-Driven_Complete_Active-Space_Self-Consistent_Field_Theory/9959441,no fetchable PDF and no Europe PMC full text,W2975472651,0 PDF location(s) + Europe PMC tried; no Europe PMC OA full text
10.1021/acs.jctc.9b01178.s001,https://doi.org/10.1021/acs.jctc.9b01178.s001,Global Hybrid Multiconfiguration Pair-Density Functional\nTheory,2020,figshare.com,https://figshare.com/articles/Global_Hybrid_Multiconfiguration_Pair-Density_Functional_Theory/11958864,no fetchable PDF and no Europe PMC full text,W4288018447,0 PDF location(s) + Europe PMC tried; no Europe PMC OA full text
10.1021/acs.jctc.9b01297,https://doi.org/10.1021/acs.jctc.9b01297,Automation of Active Space Selection for Multireference Methods via Machine Learning on Chemical Bond Dissociation,2020,figshare.com,https://figshare.com/articles/journal_contribution/Automation_of_Active_Space_Selection_for_Multireference_Methods_via_Machine_Learning_on_Chemical_Bond_Dissociation/11974167,no fetchable PDF and no Europe PMC full text,W3009413739,0 PDF location(s) + Europe PMC tried; no Europe PMC OA full text
10.1021/acs.joc.6c01030.s001,https://doi.org/10.1021/acs.joc.6c01030.s001,Spiro-Induced Strainas a Design Principle for Long-LivedSinglet Diradicals with π‑Single Bond Character,2026,figshare.com,https://figshare.com/articles/journal_contribution/Spiro-Induced_Strain_as_a_Design_Principle_for_Long-Lived_Singlet_Diradicals_with_Single_Bond_Character/32739403,no fetchable PDF and no Europe PMC full text,W7165539223,0 PDF location(s) + Europe PMC tried; no Europe PMC OA full text
10.1021/acs.jpca.1c07108.s001,https://doi.org/10.1021/acs.jpca.1c07108.s001,Theoretical Studies on the Excited-State Decay Mechanism\nof Homomenthyl Salicylate in a Gas Phase and an Acetonitrile Solution,,figshare.com,https://figshare.com/articles/journal_contribution/Theoretical_Studies_on_the_Excited-State_Decay_Mechanism_of_Homomenthyl_Salicylate_in_a_Gas_Phase_and_an_Acetonitrile_Solution/17702047,no fetchable PDF and no Europe PMC full text,W4200163225,0 PDF location(s) + Europe PMC tried; no Europe PMC OA full text
10.1021/acs.jpca.1c09552.s001,https://doi.org/10.1021/acs.jpca.1c09552.s001,Singlet O&lt;sub&gt;2&lt;/sub&gt; Reactions with Radical Cations\nof 8‑Bromoguanine and 8‑Bromoguanosine: Guided-Ion Beam\nMass Spectrometric Measurements and Theoretical Treatments,2021,figshare.com,https://figshare.com/articles/journal_contribution/Singlet_O_sub_2_sub_Reactions_with_Radical_Cations_of_8_Bromoguanine_and_8_Bromoguanosine_Guided-Ion_Beam_Mass_Spectrometric_Measurements_and_Theoretical_Treatments/17432289,"HTML landing page, not a PDF",W4200295012,ValueError: response is not a PDF (probably an HTML landing page)
10.1021/acs.jpca.4c08364.s001,https://doi.org/10.1021/acs.jpca.4c08364.s001,Energetic and ElectronicProperties of UX<sup>+/0/–</sup> for X = Li and Be and Comparisonof the Properties of the UraniumAtom Binding to 2nd Row Elements Li–F,2025,figshare.com,https://figshare.com/articles/journal_contribution/Energetic_and_Electronic_Properties_of_UX_sup_0_sup_for_X_Li_and_Be_and_Comparison_of_the_Properties_of_the_Uranium_Atom_Binding_to_2nd_Row_Elements_Li_F/28739360,"HTML landing page, not a PDF",W7111392366,ValueError: response is not a PDF (probably an HTML landing page)
10.1021/acs.jpca.4c08441.s001,https://doi.org/10.1021/acs.jpca.4c08441.s001,Stable TerbiumOxides (TbO<sub>2</sub> and TbO<sub>4</sub>) withan Oxidation State of +IV,2025,figshare.com,https://figshare.com/articles/journal_contribution/Stable_Terbium_Oxides_TbO_sub_2_sub_and_TbO_sub_4_sub_with_an_Oxidation_State_of_IV/29453381,"HTML landing page, not a PDF",W7110962873,ValueError: response is not a PDF (probably an HTML landing page)
10.1021/acs.jpca.4c08520.s001,https://doi.org/10.1021/acs.jpca.4c08520.s001,Quantum Mechanics/MolecularMechanics Studies on theExcited-State Relaxation Mechanisms of Cytidine Analogues: 2′-Deoxy-5-Methylcytidineand 2′-Deoxy-5-Hydroxymethylcytidine in Aqueous Solution,2025,figshare.com,https://figshare.com/articles/journal_contribution/Quantum_Mechanics_Molecular_Mechanics_Studies_on_the_Excited-State_Relaxation_Mechanisms_of_Cytidine_Analogues_2_-Deoxy-5-Methylcytidine_and_2_-Deoxy-5-Hydroxymethylcytidine_in_Aqueous_Solution/28832470,no fetchable PDF and no Europe PMC full text,W7110800176,0 PDF location(s) + Europe PMC tried; no Europe PMC OA full text
10.1021/acs.jpca.5c00196.s001,https://doi.org/10.1021/acs.jpca.5c00196.s001,"Infrared MultiplePhoton Dissociation Spectroscopyof the H–H Stretching Mode and Low-Lying Electronic Transitionsin Fe<sup>+</sup>(H<sub>2</sub>)<sub>1,2</sub> and Fe<sup>+</sup>(D<sub>2</sub>)<sub>1,2</sub>",2025,figshare.com,https://figshare.com/articles/journal_contribution/Infrared_Multiple_Photon_Dissociation_Spectroscopy_of_the_H_H_Stretching_Mode_and_Low-Lying_Electronic_Transitions_in_Fe_sup_sup_H_sub_2_sub_sub_1_2_sub_and_Fe_sup_sup_D_sub_2_sub_sub_1_2_sub_/28719064,"HTML landing page, not a PDF",W7111313922,ValueError: response is not a PDF (probably an HTML landing page)
10.1021/acs.jpca.5c01107.s001,https://doi.org/10.1021/acs.jpca.5c01107.s001,Strong FerromagneticCoupling between Co and Co<sup>2+</sup> with Odd Electron (Anti)aromaticRadicals via NoncovalentInteraction,2025,figshare.com,https://figshare.com/articles/journal_contribution/Strong_Ferromagnetic_Coupling_between_Co_and_Co_sup_2_sup_with_Odd_Electron_Anti_aromatic_Radicals_via_Noncovalent_Interaction/29002435,no fetchable PDF and no Europe PMC full text,W7111383764,0 PDF location(s) + Europe PMC tried; no Europe PMC OA full text
10.1021/acs.jpca.5c01356.s001,https://doi.org/10.1021/acs.jpca.5c01356.s001,Infrared Spectraof UF<sub><i>n</i></sub> (<i>n</i> = 1–4)in Solid Ne and Ar Matrices: Symmetry-Breaking <i>D</i><sub>2<i>d</i></sub> Structure of UF<sub>4</sub>,2025,figshare.com,https://figshare.com/articles/journal_contribution/Infrared_Spectra_of_UF_sub_i_n_i_sub_i_n_i_1_4_in_Solid_Ne_and_Ar_Matrices_Symmetry-Breaking_i_D_i_sub_2_i_d_i_sub_Structure_of_UF_sub_4_sub_/29318355,"HTML landing page, not a PDF",W7111346642,ValueError: response is not a PDF (probably an HTML landing page)
10.1021/acs.jpca.5c01912.s001,https://doi.org/10.1021/acs.jpca.5c01912.s001,Mechanism of Chemiluminescencein the Air AfterglowReaction,2025,figshare.com,https://figshare.com/articles/journal_contribution/Mechanism_of_Chemiluminescence_in_the_Air_Afterglow_Reaction/28975271,no fetchable PDF and no Europe PMC full text,W7111257738,0 PDF location(s) + Europe PMC tried; no Europe PMC OA full text
10.1021/acs.jpca.5c02571.s001,https://doi.org/10.1021/acs.jpca.5c02571.s001,Theoretical Predictionof the Magnetic Blocking Temperatureof Dysprosium-Based Metallofullerene Single-Molecule Magnets,2025,figshare.com,https://figshare.com/articles/journal_contribution/Theoretical_Prediction_of_the_Magnetic_Blocking_Temperature_of_Dysprosium-Based_Metallofullerene_Single-Molecule_Magnets/30051012,no fetchable PDF and no Europe PMC full text,W7110938873,0 PDF location(s) + Europe PMC tried; no Europe PMC OA full text
10.1021/acs.jpca.5c02670.s001,https://doi.org/10.1021/acs.jpca.5c02670.s001,Vertical ExcitationEnergies of Organic MoleculesCalculated by the MC23 Hybrid Meta On-Top Functional as Compared toOther Multireference Methods,2025,figshare.com,https://figshare.com/articles/journal_contribution/Vertical_Excitation_Energies_of_Organic_Molecules_Calculated_by_the_MC23_Hybrid_Meta_On-Top_Functional_as_Compared_to_Other_Multireference_Methods/29332619,"HTML landing page, not a PDF",W7111344190,ValueError: response is not a PDF (probably an HTML landing page)
10.1021/acs.jpca.5c03028.s001,https://doi.org/10.1021/acs.jpca.5c03028.s001,Nonunitary VariationalQuantum Eigensolver with theLocalized Active Space Method and Cost Mitigation,2025,figshare.com,https://figshare.com/articles/journal_contribution/Nonunitary_Variational_Quantum_Eigensolver_with_the_Localized_Active_Space_Method_and_Cost_Mitigation/29930738,no fetchable PDF and no Europe PMC full text,W7111385070,0 PDF location(s) + Europe PMC tried; no Europe PMC OA full text
10.1021/acs.jpca.5c03032.s001,https://doi.org/10.1021/acs.jpca.5c03032.s001,Beyond Born–OppenheimerConstructed DiabaticPotential Energy Surfaces for H<sub>3</sub>: Adiabatic and DiabaticReaction Probabilities,2025,figshare.com,https://figshare.com/articles/journal_contribution/Beyond_Born_Oppenheimer_Constructed_Diabatic_Potential_Energy_Surfaces_for_H_sub_3_sub_Adiabatic_and_Diabatic_Reaction_Probabilities/29488500,no fetchable PDF and no Europe PMC full text,W7111004061,0 PDF location(s) + Europe PMC tried; no Europe PMC OA full text
10.1021/acs.jpca.5c03946.s001,https://doi.org/10.1021/acs.jpca.5c03946.s001,A MultireferencePicture of Electronic Excited Statesin Vanadyl and Copper Tetraphenyl Porphyrin Molecular Qubits,2025,figshare.com,https://figshare.com/articles/journal_contribution/A_Multireference_Picture_of_Electronic_Excited_States_in_Vanadyl_and_Copper_Tetraphenyl_Porphyrin_Molecular_Qubits/29665165,no fetchable PDF and no Europe PMC full text,W7111239810,0 PDF location(s) + Europe PMC tried; no Europe PMC OA full text
10.1021/acs.jpca.5c04310.s001,https://doi.org/10.1021/acs.jpca.5c04310.s001,New Ab Initio PotentialEnergy Surface and QuantumProduct-State Resolved Reaction Dynamics Investigation for the H +F<sub>2</sub> Reaction,2025,figshare.com,https://figshare.com/articles/journal_contribution/New_Ab_Initio_Potential_Energy_Surface_and_Quantum_Product-State_Resolved_Reaction_Dynamics_Investigation_for_the_H_F_sub_2_sub_Reaction/30328588,"HTML landing page, not a PDF",W7111259116,ValueError: response is not a PDF (probably an HTML landing page)
10.1021/acs.jpca.5c04699.s001,https://doi.org/10.1021/acs.jpca.5c04699.s001,Time-DependentMulticonfigurational Short-Range DensityFunctional Theory with Generalized Valence Bond Wave Functions,2025,figshare.com,https://figshare.com/articles/journal_contribution/Time-Dependent_Multiconfigurational_Short-Range_Density_Functional_Theory_with_Generalized_Valence_Bond_Wave_Functions/30238261,no fetchable PDF and no Europe PMC full text,W7111265989,0 PDF location(s) + Europe PMC tried; no Europe PMC OA full text
10.1021/acs.jpca.5c04771.s001,https://doi.org/10.1021/acs.jpca.5c04771.s001,Competing Modes of Hydrogen Activation in SingletPyridinylidenes: π-Approach <i>vs</i> σ*-ApproachReaction Pathways,2025,figshare.com,https://figshare.com/articles/journal_contribution/Competing_Modes_of_Hydrogen_Activation_in_Singlet_Pyridinylidenes_-Approach_i_vs_i_-Approach_Reaction_Pathways/30026434,"HTML landing page, not a PDF",W7111333616,ValueError: response is not a PDF (probably an HTML landing page)
10.1021/acs.jpca.5c04929.s001,https://doi.org/10.1021/acs.jpca.5c04929.s001,Quantum Mechanics/MolecularMechanics Study on theExcited-State Relaxation Pathways of 2′-Deoxy-5-Fluorocytidinein Aqueous Solution,2025,figshare.com,https://figshare.com/articles/journal_contribution/Quantum_Mechanics_Molecular_Mechanics_Study_on_the_Excited-State_Relaxation_Pathways_of_2_-Deoxy-5-Fluorocytidine_in_Aqueous_Solution/30538366,no fetchable PDF and no Europe PMC full text,W7111025513,0 PDF location(s) + Europe PMC tried; no Europe PMC OA full text
10.1021/acs.jpca.5c05370.s001,https://doi.org/10.1021/acs.jpca.5c05370.s001,Two Competing Excited-StateIntramolecular ProtonTransfer Pathways in AHMD,2025,figshare.com,https://figshare.com/articles/journal_contribution/Two_Competing_Excited-State_Intramolecular_Proton_Transfer_Pathways_in_AHMD/30649076,no fetchable PDF and no Europe PMC full text,W7111055358,0 PDF location(s) + Europe PMC tried; no Europe PMC OA full text
10.1021/acs.jpca.5c05393.s001,https://doi.org/10.1021/acs.jpca.5c05393.s001,Ab Initio Studyof Photodissociation and IsomerizationPathways on the Singlet and Triplet Manifolds of 1‑Nitropropene,2025,figshare.com,https://figshare.com/articles/journal_contribution/Ab_Initio_Study_of_Photodissociation_and_Isomerization_Pathways_on_the_Singlet_and_Triplet_Manifolds_of_1_Nitropropene/30569891,no fetchable PDF and no Europe PMC full text,W7111413822,0 PDF location(s) + Europe PMC tried; no Europe PMC OA full text
10.1021/acs.jpca.5c05510.s001,https://doi.org/10.1021/acs.jpca.5c05510.s001,Benchmarking Electronic-Structure Methods for theDescription of Dark Transitions in Carbonyls at and Beyond the Franck–CondonPoint,2025,figshare.com,https://figshare.com/articles/journal_contribution/Benchmarking_Electronic-Structure_Methods_for_the_Description_of_Dark_Transitions_in_Carbonyls_at_and_Beyond_the_Franck_Condon_Point/30216837,"HTML landing page, not a PDF",W7111157969,ValueError: response is not a PDF (probably an HTML landing page)
10.1021/acs.jpca.5c05513.s001,https://doi.org/10.1021/acs.jpca.5c05513.s001,"The ElectronicStructure of Boron, Aluminum, and ScandiumMonoxides: BO, AlO, and ScO",2025,figshare.com,https://figshare.com/articles/journal_contribution/The_Electronic_Structure_of_Boron_Aluminum_and_Scandium_Monoxides_BO_AlO_and_ScO/30223570,no fetchable PDF and no Europe PMC full text,W7110898365,0 PDF location(s) + Europe PMC tried; no Europe PMC OA full text
10.1021/acs.jpca.5c05650.s001,https://doi.org/10.1021/acs.jpca.5c05650.s001,Ground and Excited States of 3d and 4d TransitionMetals: Computational Insight into Atomic Properties,2025,figshare.com,https://figshare.com/articles/journal_contribution/Ground_and_Excited_States_of_3d_and_4d_Transition_Metals_Computational_Insight_into_Atomic_Properties/30177902,"HTML landing page, not a PDF",W7110968615,ValueError: response is not a PDF (probably an HTML landing page)
10.1021/acs.jpca.5c06003.s001,https://doi.org/10.1021/acs.jpca.5c06003.s001,Ab Initio Studyon the Electronic Structure and SpectroscopicProperties of Lanthanum Monohydride (LaH),2025,figshare.com,https://figshare.com/articles/journal_contribution/Ab_Initio_Study_on_the_Electronic_Structure_and_Spectroscopic_Properties_of_Lanthanum_Monohydride_LaH_/30346780,"HTML landing page, not a PDF",W7111084592,ValueError: response is not a PDF (probably an HTML landing page)
10.1021/acs.jpca.5c06689.s001,https://doi.org/10.1021/acs.jpca.5c06689.s001,Role of Cd<sup>2+</sup> and Ag<sup>+</sup> as CodopingSpecies in the Mechanism of the Luminescence Activation/Deactivationof a Ln<sup>3+</sup>@UiO-66-(COOH)<sub>2</sub> Chemical Sensor: AQuantum Chemistry Approach,2025,figshare.com,https://figshare.com/articles/journal_contribution/Role_of_Cd_sup_2_sup_and_Ag_sup_sup_as_Codoping_Species_in_the_Mechanism_of_the_Luminescence_Activation_Deactivation_of_a_Ln_sup_3_sup_UiO-66-_COOH_sub_2_sub_Chemical_Sensor_A_Quantum_Chemistry_Approach/30903235,no fetchable PDF and no Europe PMC full text,W7116121687,0 PDF location(s) + Europe PMC tried; no Europe PMC OA full text
10.1021/acs.jpca.5c06818.s001,https://doi.org/10.1021/acs.jpca.5c06818.s001,Assessing Second-OrderPerturbative Corrections toRestricted Active Space CI for Valence Excitations in Organic Molecules,2025,figshare.com,https://figshare.com/articles/journal_contribution/Assessing_Second-Order_Perturbative_Corrections_to_Restricted_Active_Space_CI_for_Valence_Excitations_in_Organic_Molecules/30813158,"HTML landing page, not a PDF",W7111366106,ValueError: response is not a PDF (probably an HTML landing page)
10.1021/acs.jpca.5c07496.s001,https://doi.org/10.1021/acs.jpca.5c07496.s001,Theoretical Studyon the Nitrile Substitution Effectin a Schiff Base Derivative: Suppression of Excited-State IntramolecularProton Transfer and Dominance of Torsional Decay,2025,figshare.com,https://figshare.com/articles/journal_contribution/Theoretical_Study_on_the_Nitrile_Substitution_Effect_in_a_Schiff_Base_Derivative_Suppression_of_Excited-State_Intramolecular_Proton_Transfer_and_Dominance_of_Torsional_Decay/30906445,no fetchable PDF and no Europe PMC full text,W7116106703,0 PDF location(s) + Europe PMC tried; no Europe PMC OA full text
10.1021/acs.jpca.5c08237.s001,https://doi.org/10.1021/acs.jpca.5c08237.s001,Excited-State RelaxationMechanism of 5‑Hydroxyflavone:A CASPT2 Investigation in the Microsolvated Aqueous Surrounding,,figshare.com,https://figshare.com/articles/journal_contribution/Excited-State_Relaxation_Mechanism_of_5_Hydroxyflavone_A_CASPT2_Investigation_in_the_Microsolvated_Aqueous_Surrounding/31435739,no fetchable PDF and no Europe PMC full text,W7133120597,0 PDF location(s) + Europe PMC tried; no Europe PMC OA full text
10.1021/acs.jpca.6c01240.s001,https://doi.org/10.1021/acs.jpca.6c01240.s001,"Substituent Effectson Excited-State Relaxation of N,N′‑Bis(salicylidene)‑p‑phenylenediamine:A Comparative Study of BSP andS‑BSP",2026,figshare.com,https://figshare.com/articles/dataset/Substituent_Effects_on_Excited-State_Relaxation_of_N_N_Bis_salicylidene_p_phenylenediamine_A_Comparative_Study_of_BSP_and_S_BSP/32948472,"HTML landing page, not a PDF",W7168045512,ValueError: response is not a PDF (probably an HTML landing page)
10.1021/acs.jpca.6c01240.s002,https://doi.org/10.1021/acs.jpca.6c01240.s002,"Substituent Effectson Excited-State Relaxation of N,N′‑Bis(salicylidene)‑p‑phenylenediamine:A Comparative Study of BSP andS‑BSP",2026,figshare.com,https://figshare.com/articles/journal_contribution/Substituent_Effects_on_Excited-State_Relaxation_of_N_N_Bis_salicylidene_p_phenylenediamine_A_Comparative_Study_of_BSP_and_S_BSP/32948475,"HTML landing page, not a PDF",W7168048965,ValueError: response is not a PDF (probably an HTML landing page)
10.1021/acs.jpca.6c01999.s001,https://doi.org/10.1021/acs.jpca.6c01999.s001,A Wave Function Theory and Density Functional TheoryInvestigation of Ground and Excited States of HfSi,2026,figshare.com,https://figshare.com/articles/journal_contribution/A_Wave_Function_Theory_and_Density_Functional_Theory_Investigation_of_Ground_and_Excited_States_of_HfSi/32576493,no fetchable PDF and no Europe PMC full text,W7163743985,0 PDF location(s) + Europe PMC tried; no Europe PMC OA full text
10.1021/acs.jpca.6c02386.s001,https://doi.org/10.1021/acs.jpca.6c02386.s001,"1‑, 2‑,and 3‑Electron PancakeBonds in Covalent Scaffolds: Redox Modulation of Through-Space Exchangein Blatter Diradicals",2026,figshare.com,https://figshare.com/articles/journal_contribution/1_2_and_3_Electron_Pancake_Bonds_in_Covalent_Scaffolds_Redox_Modulation_of_Through-Space_Exchange_in_Blatter_Diradicals/32959453,no fetchable PDF and no Europe PMC full text,W7168081773,0 PDF location(s) + Europe PMC tried; no Europe PMC OA full text
10.1021/acs.jpca.9b08258,https://doi.org/10.1021/acs.jpca.9b08258,"Relaxation Dynamics of Hydrated Thymine, Thymidine, and Thymidine Monophosphate Probed by Liquid Jet Time-Resolved Photoelectron Spectroscopy",2019,figshare.com,https://figshare.com/articles/Relaxation_Dynamics_of_Hydrated_Thymine_Thymidine_and_Thymidine_Monophosphate_Probed_by_Liquid_Jet_Time-Resolved_Photoelectron_Spectroscopy/11328029,no fetchable PDF and no Europe PMC full text,W2989912375,0 PDF location(s) + Europe PMC tried; no Europe PMC OA full text
10.1021/acs.jpcb.5c03283.s001,https://doi.org/10.1021/acs.jpcb.5c03283.s001,Tunable SpectralProperties and Excitonic Couplingsof Bacteriochlorophyll-like Dimer Aggregates,2025,figshare.com,https://figshare.com/articles/journal_contribution/Tunable_Spectral_Properties_and_Excitonic_Couplings_of_Bacteriochlorophyll-like_Dimer_Aggregates/29582972,"HTML landing page, not a PDF",W7111402351,ValueError: response is not a PDF (probably an HTML landing page)
10.1021/acs.jpcb.5c06035.s001,https://doi.org/10.1021/acs.jpcb.5c06035.s001,QM/MM Studies onPhotoinduced Cycloaddition and (6–4)Reactions of the Thymidine:4-Selenothymidine Dimer in Aqueous Solution,2025,figshare.com,https://figshare.com/articles/journal_contribution/QM_MM_Studies_on_Photoinduced_Cycloaddition_and_6_4_Reactions_of_the_Thymidine_4-Selenothymidine_Dimer_in_Aqueous_Solution/30245668,no fetchable PDF and no Europe PMC full text,W7111386704,0 PDF location(s) + Europe PMC tried; no Europe PMC OA full text
10.1021/acs.jpcc.5c04695.s001,https://doi.org/10.1021/acs.jpcc.5c04695.s001,Modeling OxidativeDehydrogenation of Propane withSupported Vanadia Catalysts Using Multireference Methods,2025,figshare.com,https://figshare.com/articles/journal_contribution/Modeling_Oxidative_Dehydrogenation_of_Propane_with_Supported_Vanadia_Catalysts_Using_Multireference_Methods/29716303,"HTML landing page, not a PDF",W7110870579,ValueError: response is not a PDF (probably an HTML landing page)
10.1021/acs.jpclett.5c00625.s001,https://doi.org/10.1021/acs.jpclett.5c00625.s001,GeneralizedVelocity Sampling at a Transition Stateand Nonadiabatic Dynamics of Four-Membered Heterocyclic Peroxides,2025,figshare.com,https://figshare.com/articles/journal_contribution/Generalized_Velocity_Sampling_at_a_Transition_State_and_Nonadiabatic_Dynamics_of_Four-Membered_Heterocyclic_Peroxides/28691083,"HTML landing page, not a PDF",W7111294737,ValueError: response is not a PDF (probably an HTML landing page)
10.1021/acs.jpclett.5c00829.s001,https://doi.org/10.1021/acs.jpclett.5c00829.s001,Density MatrixEmbedding Pair-Density Functional Theoryfor Molecules,2025,figshare.com,https://figshare.com/articles/journal_contribution/Density_Matrix_Embedding_Pair-Density_Functional_Theory_for_Molecules/29118000,"HTML landing page, not a PDF",W7111187805,ValueError: response is not a PDF (probably an HTML landing page)
10.1021/acs.jpclett.5c01070.s001,https://doi.org/10.1021/acs.jpclett.5c01070.s001,Correcting Basis Set Incompleteness in Wave FunctionCorrelation Energy by Dressing Electronic Hamiltonian with an EffectiveShort-Range Interaction,2025,figshare.com,https://figshare.com/articles/journal_contribution/Correcting_Basis_Set_Incompleteness_in_Wave_Function_Correlation_Energy_by_Dressing_Electronic_Hamiltonian_with_an_Effective_Short-Range_Interaction/29345403,"HTML landing page, not a PDF",W7111022123,ValueError: response is not a PDF (probably an HTML landing page)
10.1021/acs.jpclett.5c01270.s001,https://doi.org/10.1021/acs.jpclett.5c01270.s001,Hydrogen-BondedComplexes of Methylnitrene,2025,figshare.com,https://figshare.com/articles/journal_contribution/Hydrogen-Bonded_Complexes_of_Methylnitrene/29473446,no fetchable PDF and no Europe PMC full text,W7111295111,0 PDF location(s) + Europe PMC tried; no Europe PMC OA full text
10.1021/acs.jpclett.5c01818.s001,https://doi.org/10.1021/acs.jpclett.5c01818.s001,Penta-AgN<sub>8</sub> Monolayer: Flat Bands DrivingMagnetic and Topological Transitions from Real Chern Insulator toDouble-Weyl Metal,2025,figshare.com,https://figshare.com/articles/journal_contribution/Penta-AgN_sub_8_sub_Monolayer_Flat_Bands_Driving_Magnetic_and_Topological_Transitions_from_Real_Chern_Insulator_to_Double-Weyl_Metal/29930735,"HTML landing page, not a PDF",W7111107342,ValueError: response is not a PDF (probably an HTML landing page)
10.1021/acs.jpclett.5c02294.s002,https://doi.org/10.1021/acs.jpclett.5c02294.s002,"PhotodissociationPathways of Methanol: Dissociation,Roaming, and Migration",2025,figshare.com,https://figshare.com/articles/journal_contribution/Photodissociation_Pathways_of_Methanol_Dissociation_Roaming_and_Migration/30428039,no fetchable PDF and no Europe PMC full text,W7111269750,0 PDF location(s) + Europe PMC tried; no Europe PMC OA full text
10.1021/acs.jpclett.5c02294.s003,https://doi.org/10.1021/acs.jpclett.5c02294.s003,"PhotodissociationPathways of Methanol: Dissociation,Roaming, and Migration",2025,figshare.com,https://figshare.com/articles/media/Photodissociation_Pathways_of_Methanol_Dissociation_Roaming_and_Migration/30428042,no fetchable PDF and no Europe PMC full text,W7111195952,0 PDF location(s) + Europe PMC tried; no Europe PMC OA full text
10.1021/acs.jpclett.5c02294.s004,https://doi.org/10.1021/acs.jpclett.5c02294.s004,"PhotodissociationPathways of Methanol: Dissociation,Roaming, and Migration",2025,figshare.com,https://figshare.com/articles/media/Photodissociation_Pathways_of_Methanol_Dissociation_Roaming_and_Migration/30428045,no fetchable PDF and no Europe PMC full text,W7111303189,0 PDF location(s) + Europe PMC tried; no Europe PMC OA full text
10.1021/acs.jpclett.5c02521.s001,https://doi.org/10.1021/acs.jpclett.5c02521.s001,Formation ofNitrile Imine in the Ground and ExcitedStates from Photolysis of 2‑<i>N</i>‑Methylpyrrole-5-formylamino-tetrazole,2025,figshare.com,https://figshare.com/articles/journal_contribution/Formation_of_Nitrile_Imine_in_the_Ground_and_Excited_States_from_Photolysis_of_2_i_N_i_Methylpyrrole-5-formylamino-tetrazole/30179300,"HTML landing page, not a PDF",W7111101365,ValueError: response is not a PDF (probably an HTML landing page)
10.1021/acs.jpclett.5c03195.s001,https://doi.org/10.1021/acs.jpclett.5c03195.s001,Nonadiabatic Dynamics of the Molecular Tully Modelswith the Mixed-Reference Spin-Flip Time-Dependent Density FunctionalTheory,2025,figshare.com,https://figshare.com/articles/journal_contribution/Nonadiabatic_Dynamics_of_the_Molecular_Tully_Models_with_the_Mixed-Reference_Spin-Flip_Time-Dependent_Density_Functional_Theory/30868412,no fetchable PDF and no Europe PMC full text,W7115171194,0 PDF location(s) + Europe PMC tried; no Europe PMC OA full text
10.1021/acs.jpclett.5c03195.s002,https://doi.org/10.1021/acs.jpclett.5c03195.s002,Nonadiabatic Dynamics of the Molecular Tully Modelswith the Mixed-Reference Spin-Flip Time-Dependent Density FunctionalTheory,2025,figshare.com,https://figshare.com/articles/journal_contribution/Nonadiabatic_Dynamics_of_the_Molecular_Tully_Models_with_the_Mixed-Reference_Spin-Flip_Time-Dependent_Density_Functional_Theory/30868415,no fetchable PDF and no Europe PMC full text,W7115178187,0 PDF location(s) + Europe PMC tried; no Europe PMC OA full text
10.1021/acs.jpclett.5c03329.s001,https://doi.org/10.1021/acs.jpclett.5c03329.s001,PCA-AssistedSpectral Reconstruction Reveals Speciationof Neodymium(III) DOTA and pDO3A Complexes,2025,figshare.com,https://figshare.com/articles/journal_contribution/PCA-Assisted_Spectral_Reconstruction_Reveals_Speciation_of_Neodymium_III_DOTA_and_pDO3A_Complexes/30729173,no fetchable PDF and no Europe PMC full text,W7110890536,0 PDF location(s) + Europe PMC tried; no Europe PMC OA full text
10.1021/acs.jpclett.5c03329.s002,https://doi.org/10.1021/acs.jpclett.5c03329.s002,PCA-AssistedSpectral Reconstruction Reveals Speciationof Neodymium(III) DOTA and pDO3A Complexes,2025,figshare.com,https://figshare.com/articles/journal_contribution/PCA-Assisted_Spectral_Reconstruction_Reveals_Speciation_of_Neodymium_III_DOTA_and_pDO3A_Complexes/30729176,no fetchable PDF and no Europe PMC full text,W7110820262,0 PDF location(s) + Europe PMC tried; no Europe PMC OA full text
10.1021/acs.jpclett.6c00676.s001,https://doi.org/10.1021/acs.jpclett.6c00676.s001,Reaction PathwayDynamics for Atmospheric DecompositionReactions: Unimolecular Dissociation of H<sub>2</sub>COO,2026,figshare.com,https://figshare.com/articles/journal_contribution/Reaction_Pathway_Dynamics_for_Atmospheric_Decomposition_Reactions_Unimolecular_Dissociation_of_H_sub_2_sub_COO/32568501,"HTML landing page, not a PDF",W7163670858,ValueError: response is not a PDF (probably an HTML landing page)
10.1021/acs.jpclett.6c00974.s001,https://doi.org/10.1021/acs.jpclett.6c00974.s001,Toward QuantitativeReaction Dynamics of O<sub>3</sub>,2026,figshare.com,https://figshare.com/articles/journal_contribution/Toward_Quantitative_Reaction_Dynamics_of_O_sub_3_sub_/32735920,"HTML landing page, not a PDF",W7165393354,ValueError: response is not a PDF (probably an HTML landing page)
10.1021/acs.jpclett.6c01350.s001,https://doi.org/10.1021/acs.jpclett.6c01350.s001,Conical IntersectionInduced Valley-Ridge InflectionDrives Chemiluminescence in the SO<sub>2</sub> Afterglow Reaction,2026,figshare.com,https://figshare.com/articles/journal_contribution/Conical_Intersection_Induced_Valley-Ridge_Inflection_Drives_Chemiluminescence_in_the_SO_sub_2_sub_Afterglow_Reaction/32601929,"HTML landing page, not a PDF",W7164521070,ValueError: response is not a PDF (probably an HTML landing page)
10.1021/acs.organomet.6b00467,https://doi.org/10.1021/acs.organomet.6b00467,A New Supporting Ligand in Actinide Chemistry Leads to Reactive Bis(NHC)borate-Supported Thorium Complexes,2016,figshare.com,https://figshare.com/articles/journal_contribution/A_New_Supporting_Ligand_in_Actinide_Chemistry_Leads_to_Reactive_Bis_NHC_borate-Supported_Thorium_Complexes/3749802,no fetchable PDF and no Europe PMC full text,W2508993861,0 PDF location(s) + Europe PMC tried; no Europe PMC OA full text
10.1021/acs.organomet.6c00039.s001,https://doi.org/10.1021/acs.organomet.6c00039.s001,MolecularOrgano-Dysprosium Polychalcogenides Isolatedfrom Inverse-Sandwich Dysprosium Arene Complexes with Chalcogens,2026,figshare.com,https://figshare.com/articles/journal_contribution/Molecular_Organo-Dysprosium_Polychalcogenides_Isolated_from_Inverse-Sandwich_Dysprosium_Arene_Complexes_with_Chalcogens/32915463,no fetchable PDF and no Europe PMC full text,W7167732502,0 PDF location(s) + Europe PMC tried; no Europe PMC OA full text
10.1021/acscatal.5c05262.s001,https://doi.org/10.1021/acscatal.5c05262.s001,Deciphering the Coordination Environment’sImpact on O–O Activation in Dicopper Enzymes: ComputationalInsights from AhyBURP Peptide Cyclase,2025,figshare.com,https://figshare.com/articles/journal_contribution/Deciphering_the_Coordination_Environment_s_Impact_on_O_O_Activation_in_Dicopper_Enzymes_Computational_Insights_from_AhyBURP_Peptide_Cyclase/30290265,"HTML landing page, not a PDF",W7110999857,ValueError: response is not a PDF (probably an HTML landing page)
10.1021/acsomega.5c06364.s001,https://doi.org/10.1021/acsomega.5c06364.s001,Cr(I)–Cr(I)Terphenyl Bridged Complexes: ABroken-Symmetry DFT and Multideterminant CASSCF/NEVPT2 Handshake,2025,figshare.com,https://figshare.com/articles/journal_contribution/Cr_I_Cr_I_Terphenyl_Bridged_Complexes_A_Broken-Symmetry_DFT_and_Multideterminant_CASSCF_NEVPT2_Handshake/30304183,no fetchable PDF and no Europe PMC full text,W7111311975,0 PDF location(s) + Europe PMC tried; no Europe PMC OA full text
10.1021/acsomega.5c10105.s001,https://doi.org/10.1021/acsomega.5c10105.s001,Electronic Structureand Laser-Cooling Prospects ofthe AlCd Molecule: A Theoretical Study Including Spin–OrbitCoupling,2026,figshare.com,https://figshare.com/articles/journal_contribution/Electronic_Structure_and_Laser-Cooling_Prospects_of_the_AlCd_Molecule_A_Theoretical_Study_Including_Spin_Orbit_Coupling/32775285,no fetchable PDF and no Europe PMC full text,W7165889677,0 PDF location(s) + Europe PMC tried; no Europe PMC OA full text
10.1021/ct80,https://doi.org/10.1021/ct80,Covalent Excited States of Polyenes C2nH2n+2 (n = 2−8) and Polyenyl Radicals C2n-1H2n+1 (n = 2−8): An Ab Initio Valence Bond Study,2008,figshare.com,https://figshare.com/articles/journal_contribution/Covalent_Excited_States_of_Polyenes_C_sub_2_i_n_i_sub_H_sub_2_i_n_i_2_sub_i_n_i_2_8_and_Polyenyl_Radicals_C_sub_2_i_n_i_1_sub_H_sub_2_i_n_i_1_sub_i_n_i_2_8_An_Ab_Initio_Valence_Bond_Study/2894080,"HTML landing page, not a PDF",W4238316464,ValueError: response is not a PDF (probably an HTML landing page)
10.1021/ja045269n,https://doi.org/10.1021/ja045269n,Properties of the Emitting State of the Green Fluorescent Protein Resolved at the CASPT2//CASSCF/CHARMM Level,2005,figshare.com,https://figshare.com/articles/journal_contribution/Properties_of_the_Emitting_State_of_the_Green_Fluorescent_Protein_Resolved_at_the_CASPT2_CASSCF_CHARMM_Level/3271249,no fetchable PDF and no Europe PMC full text,W1965312230,0 PDF location(s) + Europe PMC tried; no Europe PMC OA full text
10.1021/jacs.5c03770.s001,https://doi.org/10.1021/jacs.5c03770.s001,Photochemistryof Ni(II) Tolyl Chlorides Supportedby Bidentate Ligand Frameworks,2025,figshare.com,https://figshare.com/articles/journal_contribution/Photochemistry_of_Ni_II_Tolyl_Chlorides_Supported_by_Bidentate_Ligand_Frameworks/29051631,no fetchable PDF and no Europe PMC full text,W7111174741,0 PDF location(s) + Europe PMC tried; no Europe PMC OA full text
10.1021/jacs.5c06327.s001,https://doi.org/10.1021/jacs.5c06327.s001,Mapping Excited-StateDecay Mechanisms in Acetylacetoneby Sub-20 fs Time-Resolved Photoelectron Spectroscopy,2025,figshare.com,https://figshare.com/articles/journal_contribution/Mapping_Excited-State_Decay_Mechanisms_in_Acetylacetone_by_Sub-20_fs_Time-Resolved_Photoelectron_Spectroscopy/29901459,"HTML landing page, not a PDF",W7111427334,ValueError: response is not a PDF (probably an HTML landing page)
10.1021/jacs.5c11362.s001,https://doi.org/10.1021/jacs.5c11362.s001,A Stable Radical inCationic Dinuclear Rare-EarthTriple-Decker Complexes Featuring Switchable Magnetic Properties,2025,figshare.com,https://figshare.com/articles/journal_contribution/A_Stable_Radical_in_Cationic_Dinuclear_Rare-Earth_Triple-Decker_Complexes_Featuring_Switchable_Magnetic_Properties/30401278,no fetchable PDF and no Europe PMC full text,W7111238582,0 PDF location(s) + Europe PMC tried; no Europe PMC OA full text
10.1021/jacs.5c12079.s001,https://doi.org/10.1021/jacs.5c12079.s001,Molecular Models ofLayered Ternary Cu<sub>2</sub>MoS<sub>4</sub> Reveal Sulfur-BasedH<sub>2</sub> Evolution Pathway,2025,figshare.com,https://figshare.com/articles/journal_contribution/Molecular_Models_of_Layered_Ternary_Cu_sub_2_sub_MoS_sub_4_sub_Reveal_Sulfur-Based_H_sub_2_sub_Evolution_Pathway/30239762,no fetchable PDF and no Europe PMC full text,W7111368958,0 PDF location(s) + Europe PMC tried; no Europe PMC OA full text
10.1021/jacs.5c15650.s001,https://doi.org/10.1021/jacs.5c15650.s001,Super-reductionof Polyoxometalates: Unlocking theOxidation State of Metalate Centers down to (III),2025,figshare.com,https://figshare.com/articles/journal_contribution/Super-reduction_of_Polyoxometalates_Unlocking_the_Oxidation_State_of_Metalate_Centers_down_to_III_/30581051,no fetchable PDF and no Europe PMC full text,W7110886467,0 PDF location(s) + Europe PMC tried; no Europe PMC OA full text
10.1021/jacsau.5c00968.s001,https://doi.org/10.1021/jacsau.5c00968.s001,A Charge TransferMediated Sequential Triplet EnergyTransfer Model Beyond the Dexter Limit in Organic Photocatalysis,2025,figshare.com,https://figshare.com/articles/journal_contribution/A_Charge_Transfer_Mediated_Sequential_Triplet_Energy_Transfer_Model_Beyond_the_Dexter_Limit_in_Organic_Photocatalysis/30520974,"HTML landing page, not a PDF",W7111245796,ValueError: response is not a PDF (probably an HTML landing page)
10.1021/jacsau.5c01496.s001,https://doi.org/10.1021/jacsau.5c01496.s001,Ultrafast Excited-State Dynamics and Two-Photon Near-InfraredInduced Photodynamic Therapy Performance of 5‑Phenylethynyl-4-thiouridine,2026,figshare.com,https://figshare.com/articles/journal_contribution/Ultrafast_Excited-State_Dynamics_and_Two-Photon_Near-Infrared_Induced_Photodynamic_Therapy_Performance_of_5_Phenylethynyl-4-thiouridine/32572634,no fetchable PDF and no Europe PMC full text,W7163684048,0 PDF location(s) + Europe PMC tried; no Europe PMC OA full text
10.1021/jacsau.6c00314.s001,https://doi.org/10.1021/jacsau.6c00314.s001,Hydrogen-InducedUnexpected Strong 8c–2e ϕBond in An<sub>2</sub>H<sub>8</sub> (An = Pa - Pu) Complexes,2026,figshare.com,https://figshare.com/articles/journal_contribution/Hydrogen-Induced_Unexpected_Strong_8c_2e_Bond_in_An_sub_2_sub_H_sub_8_sub_An_Pa_-_Pu_Complexes/32899916,"HTML landing page, not a PDF",W7167511590,ValueError: response is not a PDF (probably an HTML landing page)
10.1021/jp311932z,https://doi.org/10.1021/jp311932z,Combined Theoretical and Experimental Study of the Photophysics of Asulam,2013,figshare.com,https://figshare.com/articles/journal_contribution/Combined_Theoretical_and_Experimental_Study_of_the_Photophysics_of_Asulam/2434513,"HTML landing page, not a PDF",W2017290590,ValueError: response is not a PDF (probably an HTML landing page)
10.1021/om400528d.s001,https://doi.org/10.1021/om400528d.s001,"Influence of the Torsion Angle in 3,3′-Dimethyl-2,2′-bipyridine\non the Intermediate Valence of Yb in (C&lt;sub&gt;5&lt;/sub&gt;Me&lt;sub&gt;5&lt;/sub&gt;)&lt;sub&gt;2&lt;/sub&gt;Yb(3,3′-Me&lt;sub&gt;2&lt;/sub&gt;‑bipy)",2016,figshare.com,https://figshare.com/articles/Influence_of_the_Torsion_Angle_in_3_3_Dimethyl_2_2_bipyridine_on_the_Intermediate_Valence_of_Yb_in_C_sub_5_sub_Me_sub_5_sub_sub_2_sub_Yb_3_3_Me_sub_2_sub_bipy_/2366944,"HTML landing page, not a PDF",W4291566894,1 PDF location(s) + Europe PMC tried; ValueError: not a PDF (probably an HTML landing page) | no Europe PMC OA full text
10.1039/d0cp01421d,https://doi.org/10.1039/d0cp01421d,Bilirubin analogues as model compounds for exciton coupling,2020,figshare.com,https://figshare.com/articles/journal_contribution/Bilirubin_analogues_as_model_compounds_for_exciton_coupling/27536034,"HTML landing page, not a PDF",W3037456884,ValueError: response is not a PDF (probably an HTML landing page)
10.1080/00268976.2017.1308029,https://doi.org/10.1080/00268976.2017.1308029,Further development of SDSPT2 for strongly correlated electrons,2017,figshare.com,https://figshare.com/articles/journal_contribution/Further_development_of_SDSPT2_for_strongly_correlated_electrons/4810861,"HTML landing page, not a PDF",W2604271736,ValueError: response is not a PDF (probably an HTML landing page)
10.1080/00268976.2017.1371800,https://doi.org/10.1080/00268976.2017.1371800,An explanation of the very low fluorescence and phosphorescence in pyridine: a CASSCF/CASMP2 study,2017,figshare.com,https://figshare.com/articles/journal_contribution/An_explanation_of_the_very_low_fluorescence_and_phosphorescence_in_pyridine_a_CASSCF_CASMP2_study/5414566,no fetchable PDF and no Europe PMC full text,W2756271345,0 PDF location(s) + Europe PMC tried; no Europe PMC OA full text
10.1080/00268976.2019.1706778,https://doi.org/10.1080/00268976.2019.1706778,A quantum mechanical explanation of the structure of vinyl cation based on a CASSCF/CASMP2 study,2019,figshare.com,https://figshare.com/articles/A_quantum_mechanical_explanation_of_the_structure_of_vinyl_cation_based_on_a_CASSCF_CASMP2_study/11522268,"HTML landing page, not a PDF",W2998682278,1 PDF location(s) + Europe PMC tried; ValueError: not a PDF (probably an HTML landing page) | no Europe PMC OA full text
10.1080/00268976.2020.1752402,https://doi.org/10.1080/00268976.2020.1752402,The fleeting existence of the classical vinyl cation structure,2020,figshare.com,https://figshare.com/articles/journal_contribution/The_fleeting_existence_of_the_classical_vinyl_cation_structure/12130068,no fetchable PDF and no Europe PMC full text,W3016865943,0 PDF location(s) + Europe PMC tried; no Europe PMC OA full text
10.1080/00268976.2023.2226255,https://doi.org/10.1080/00268976.2023.2226255,"Hyperfine and P, T odd properties in BiO: comparison between coupled-cluster method and multi-reference perturbation method based on a Dirac Hamiltonian",2023,figshare.com,https://figshare.com/articles/dataset/Hyperfine_and_P_T_odd_properties_in_BiO_comparison_between_coupled-cluster_method_and_multi-reference_perturbation_method_based_on_a_Dirac_Hamiltonian/23548157,"HTML landing page, not a PDF",W4381327422,ValueError: response is not a PDF (probably an HTML landing page)
10.1080/00325481.2018.1502016,https://doi.org/10.1080/00325481.2018.1502016,The impact of residential medication management reviews (RMMRs) on medication regimen complexity,2018,figshare.com,https://figshare.com/articles/journal_contribution/The_impact_of_residential_medication_management_reviews_RMMRs_on_medication_regimen_complexity/22981841,"HTML landing page, not a PDF",W2886580497,ValueError: response is not a PDF (probably an HTML landing page)
10.1159/000446450,https://doi.org/10.1159/000446450,Medication Regimen Complexity and Adherence in Haemodialysis Patients: An Exploratory Study,2016,figshare.com,https://figshare.com/articles/journal_contribution/Medication_regimen_complexity_and_adherence_in_haemodialysis_patients_an_exploratory_study/22940378,"HTML landing page, not a PDF",W2356146394,ValueError: response is not a PDF (probably an HTML landing page)
10.1177/1060028014537469,https://doi.org/10.1177/1060028014537469,Medication Regimen Complexity and Unplanned Hospital Readmissions in Older People,2014,figshare.com,https://figshare.com/articles/journal_contribution/Medication_Regimen_Complexity_and_Unplanned_Hospital_Readmissions_in_Older_People/22933901,"HTML landing page, not a PDF",W2141124196,ValueError: response is not a PDF (probably an HTML landing page)
10.1177/1060028020919188,https://doi.org/10.1177/1060028020919188,Medication Regimen Complexity Index Prediction of Adverse Drug Reaction–Related Hospital Admissions,2020,figshare.com,https://figshare.com/articles/journal_contribution/Medication_regimen_complexity_index_prediction_of_adverse_drug_reaction_related_hospital_admissions/22988261,"HTML landing page, not a PDF",W3023516485,ValueError: response is not a PDF (probably an HTML landing page)
10.4225/03/58abc58f03aba,https://doi.org/10.4225/03/58abc58f03aba,The application of multireference quantum chemical methods in mechanistic studies of [4π + 2π] cycloadditions,2017,figshare.com,https://figshare.com/articles/thesis/The_application_of_multireference_quantum_chemical_methods_in_mechanistic_studies_of_4_2_cycloadditions/4669663,no fetchable PDF and no Europe PMC full text,W3161192447,0 PDF location(s) + Europe PMC tried; no Europe PMC OA full text
10.4225/03/58b383304bfe3,https://doi.org/10.4225/03/58b383304bfe3,Medication regimen complexity and clinical outcomes in older people,2017,figshare.com,https://figshare.com/articles/thesis/Medication_regimen_complexity_and_clinical_outcomes_in_older_people/4696867,"HTML landing page, not a PDF",W3145089831,ValueError: response is not a PDF (probably an HTML landing page)
10.5281/zenodo.20549029,https://doi.org/10.5281/zenodo.20549029,evangelistalab/forte2: Forte2 v2026.6.4-alpha Release,2026,github.com,https://github.com/evangelistalab/forte2/tree/v2026.7.8-alpha,TLS/SSL failure,W7163515973,"SSLError: HTTPSConnectionPool(host='api.openalex.org', port=443): Max retries exceeded with url: /works/https://doi.org/10.5281/zenodo.20549029?mailto=victorchanglee%40gmail.com&select=locations%2Cbest_oa_location (Caused by SSLError(SSLEOFError(8, '[SSL: UNEXPECTED_EOF_WHILE_READING] EOF occurred i"
10.4208/cicc.2025.252.01,https://doi.org/10.4208/cicc.2025.252.01,Excited-State Decay Paths of Ortho-Terphenyl: Electronic Structure Calculations and Nonadiabatic Dynamics Simulations,2026,global-sci.com,https://global-sci.com/cicc/article/download/23732/36896,no fetchable PDF and no Europe PMC full text,W7134133864,0 PDF location(s) + Europe PMC tried; no Europe PMC OA full text
10.4208/cicc.2025.340.01,https://doi.org/10.4208/cicc.2025.340.01,Revisiting the Photo-Induced Paternò-Büchi Reaction Mechanism by MS-CASPT2 Method,2026,global-sci.com,https://global-sci.com/cicc/article/download/23733/36898,HTTP 404 (OA link dead),W7134137516,HTTPError: 404 Client Error: Not Found for url: https://www.global-sci.com/cicc/article/download/23733/36898
10.4208/jams.040115.051015a,https://doi.org/10.4208/jams.040115.051015a,Theoretical Investigation of Photoisomerization Mechanisms of N-Salicilydenemethylfurylamine (SMFA),2015,global-sci.org,https://global-sci.org/intro/article_detail/auth/8202.html,HTTP 403 (publisher blocks scripted clients),W2917672017,1 PDF location(s) + Europe PMC tried; HTTPError: 403 Client Error: Forbidden for url: https://global-sci.com/intro/article_detail/auth/8202.html | no Europe PMC OA full text
10.4208/jams.062114.082814a,https://doi.org/10.4208/jams.062114.082814a,Theoretical Study on Spectroscopy and Molecular Constants of the Ground and Low-Lying Excited States of GeO Molecule,2014,global-sci.org,https://global-sci.org/intro/article_detail/auth/8296.html,HTTP 403 (publisher blocks scripted clients),W2330695037,HTTPError: 403 Client Error: Forbidden for url: https://global-sci.com/intro/article_detail/auth/8296.html
10.1007/s00214-012-1189-8,https://doi.org/10.1007/s00214-012-1189-8,Adsorption of successive layers of H2 molecules on a model copper surface: performances of second- to fifth-rung exchange-correlation functionals,2012,hal.science,https://hal.science/hal-00789708,"HTML landing page, not a PDF",W2044656388,ValueError: response is not a PDF (probably an HTML landing page)
10.1007/s00894-017-3226-y,https://doi.org/10.1007/s00894-017-3226-y,Methodological CASPT2 study of the valence excited states of an iron-porphyrin complex,2017,hal.science,https://hal.science/hal-01510461,"HTML landing page, not a PDF",W2584983916,ValueError: response is not a PDF (probably an HTML landing page)
10.1016/j.comptc.2022.113809,https://doi.org/10.1016/j.comptc.2022.113809,"Ab initio approaches for <mml:math xmlns:mml=""http://www.w3.org/1998/Math/MathML"" altimg=""si96.svg""> <mml:mrow> <mml:msubsup> <mml:mrow> <mml:mi mathvariant=""normal"">N</mml:mi> </mml:mrow> <mml:mrow> <mml:mn>2</mml:mn> </mml:mrow> <mml:mrow> <mml:mo>+</mml:mo> </mml:mrow> </mml:msubsup> </mml:mrow> </mml:math> and <mml:math xmlns:mml=""http://www.w3.org/1998/Math/MathML"" altimg=""si97.svg""> <mml:mrow> <mml:msubsup> <mml:mrow> <mml:mi mathvariant=""normal"">N</mml:mi> </mml:mrow> <mml:mrow> <mml:mn>2</mml:mn> </mml:mrow> <mml:mrow> <mml:mo>+</mml:mo> </mml:mrow> </mml:msubsup> <mml:mo>/</mml:mo> <mml:mi mathvariant=""normal"">He</mml:mi> </mml:mrow> </mml:math> ions towards modeling of the <mml:math xmlns:mml=""http://www.w3.org/1998/Math/MathML"" altimg=""si98.svg""> <mml:mrow> <mml:msubsup> <mml:mrow> <mml:mi mathvariant=""normal"">N</mml:mi> </mml:mrow> <mml:mrow> <mml:mn>2</mml:mn> </mml:mrow> <mml:mrow> <mml:mo>+</mml:mo> </mml:mrow> </mml:msubsup> </mml:mrow> </mml:math> ion in cold helium plasma",2022,hal.science,https://hal.science/hal-03809738,"HTML landing page, not a PDF",W4285678620,ValueError: response is not a PDF (probably an HTML landing page)
10.1016/j.elspec.2014.03.002,https://doi.org/10.1016/j.elspec.2014.03.002,Magnetic properties of a fourfold degenerate state: Np4+ ion diluted in Cs2ZrCl6 crystal,2014,hal.science,https://hal.science/hal-01071980,"HTML landing page, not a PDF",W1970019406,ValueError: response is not a PDF (probably an HTML landing page)
10.1016/j.ijms.2012.10.005,https://doi.org/10.1016/j.ijms.2012.10.005,Reactivity of lanthanoid mono-cations with ammonia: A combined inductively coupled plasma mass spectrometry and computational investigation,2012,hal.science,https://hal.science/hal-00796104,"HTML landing page, not a PDF",W2096062600,ValueError: response is not a PDF (probably an HTML landing page)
10.1016/j.proci.2016.06.021,https://doi.org/10.1016/j.proci.2016.06.021,Recombination of aromatic radicals with molecular oxygen,2016,hal.science,https://hal.science/hal-01519792,"HTML landing page, not a PDF",W2467398589,ValueError: response is not a PDF (probably an HTML landing page)
10.1021/acs.jctc.0c00628,https://doi.org/10.1021/acs.jctc.0c00628,Biased Spin-State Energetics of Fe(II) Molecular Complexes within Density-Functional Theory and the Linear-Response Hubbard<i>U</i>Correction,2020,hal.science,https://hal.science/hal-03046264,"HTML landing page, not a PDF",W3095515944,ValueError: response is not a PDF (probably an HTML landing page)
10.1021/acs.jctc.5c01200,https://doi.org/10.1021/acs.jctc.5c01200,Benchmarking Density Functional Approximations in Nonadiabatic Dynamics: <i>Trans</i> – <i>Cis</i> Isomerization in Retinal Model,2025,hal.science,https://hal.science/hal-05556835,"HTML landing page, not a PDF",W4414649344,ValueError: response is not a PDF (probably an HTML landing page)
10.1021/acs.jctc.5c01291,https://doi.org/10.1021/acs.jctc.5c01291,Failure of Hund’s J in Contemporary DFT+U+J: Insights from Spin-Crossover Fe(II) Complexes,2025,hal.science,https://hal.science/hal-05546364,"HTML landing page, not a PDF",W4417539544,ValueError: response is not a PDF (probably an HTML landing page)
10.1021/acs.jctc.7b00982,https://doi.org/10.1021/acs.jctc.7b00982,Linkage Photoisomerization Mechanism in a Photochromic Ruthenium Nitrosyl Complex: New Insights from an MS-CASPT2 Study,2017,hal.science,https://hal.science/hal-01684087,"HTML landing page, not a PDF",W2770489518,ValueError: response is not a PDF (probably an HTML landing page)
10.1021/acs.joc.1c02131,https://doi.org/10.1021/acs.joc.1c02131,"Benzotriazoles and Triazoloquinones: Rearrangements to Carbazoles, Benzazirines, Azepinediones, and Fulvenimines",2021,hal.science,https://hal.science/hal-05386286,"HTML landing page, not a PDF",W3210644898,ValueError: response is not a PDF (probably an HTML landing page)
10.1021/acs.jpca.0c11272,https://doi.org/10.1021/acs.jpca.0c11272,Theoretical Reassessment and Model Validation of Some Kinetic Parameters Relevant to Si/Cl/H Systems,2021,hal.science,https://hal.science/hal-03201935,"HTML landing page, not a PDF",W3138041278,ValueError: response is not a PDF (probably an HTML landing page)
10.1021/acs.jpca.9b11262,https://doi.org/10.1021/acs.jpca.9b11262,Electronic Excited States and UV–Vis Absorption Spectra of the Dihydropyrene/Cyclophanediene Photochromic Couple: a Theoretical Investigation,2020,hal.science,https://hal.science/hal-02534418,"HTML landing page, not a PDF",W3004632605,ValueError: response is not a PDF (probably an HTML landing page)
10.1021/jp503651u,https://doi.org/10.1021/jp503651u,"Nucleophilic or Electrophilic Interactions of C<sub>2</sub> with HX Systems (X = F, Cl, Br)",2014,hal.science,https://hal.science/hal-01064801,"HTML landing page, not a PDF",W2331623996,ValueError: response is not a PDF (probably an HTML landing page)
10.1080/00268970601181556,https://doi.org/10.1080/00268970601181556,<i>Ab initio</i>study of the C<sub>2</sub>O<sup>+</sup>cation,2007,hal.science,https://hal.science/hal-00513078,"HTML landing page, not a PDF",W2102828292,ValueError: response is not a PDF (probably an HTML landing page)
10.1080/00268970701305501,https://doi.org/10.1080/00268970701305501,Stability of the HgS molecule and spectroscopy of its low lying electronic states,2007,hal.science,https://hal.science/hal-00513090,"HTML landing page, not a PDF",W1976284579,ValueError: response is not a PDF (probably an HTML landing page)
10.1080/00268970802275603,https://doi.org/10.1080/00268970802275603,An MRCI investigation of the electronically excited states of difluorocarbene and its monovalent ions,2008,hal.science,https://hal.science/hal-00513219,"HTML landing page, not a PDF",W2037449888,ValueError: response is not a PDF (probably an HTML landing page)
10.1080/00268970902724922,https://doi.org/10.1080/00268970902724922,Dissociating N<sub>2</sub>: a multi-reference coupled cluster study on the potential energy surfaces of ground and excited states,2009,hal.science,https://hal.science/hal-00513250,"HTML landing page, not a PDF",W2082005688,ValueError: response is not a PDF (probably an HTML landing page)
10.1080/00268976.2011.566586,https://doi.org/10.1080/00268976.2011.566586,A multireference perturbation theory study on the Fe<sub>2</sub>molecule: in quest of the ground state,2011,hal.science,https://hal.science/hal-00687344,"HTML landing page, not a PDF",W2090585129,ValueError: response is not a PDF (probably an HTML landing page)
10.1139/cjc-2013-0017,https://doi.org/10.1139/cjc-2013-0017,Using perturbatively selected configuration interaction in quantum Monte Carlo calculations,2013,hal.science,https://hal.science/hal-00992090,no fetchable PDF and no Europe PMC full text,W2323175157,0 PDF location(s) + Europe PMC tried; no Europe PMC OA full text
10.1039/c9cp06565b,https://doi.org/10.1039/c9cp06565b,<i>Trans</i> -to- <i>cis</i> photoisomerization of cyclocurcumin in different environments rationalized by computational photochemistry,2020,hal.univ-lorraine.fr,https://hal.univ-lorraine.fr/hal-02476342,"HTML landing page, not a PDF",W3004069773,ValueError: response is not a PDF (probably an HTML landing page)
10.1002/anie.201703487,https://doi.org/10.1002/anie.201703487,Quantum Mechanics/Molecular Mechanics Study on the Photoreactions of Dark‐ and Light‐Adapted States of a Blue‐Light YtvA LOV Photoreceptor,2017,hdl.handle.net,https://hdl.handle.net/11858/00-001M-0000-002D-B092-2,HTTP 403 (publisher blocks scripted clients),W2628532222,HTTPError: 403 Client Error: Forbidden for url: https://pure.mpg.de/pubman/item/item_2468084_3/component/file_2468083/anie201703487-sup-0001-misc_information.pdf
10.1002/chem.201302910,https://doi.org/10.1002/chem.201302910,Tetrathiafulvalene‐Based Mixed‐Valence Acceptor–Donor–Acceptor Triads: A Joint Theoretical and Experimental Approach,2013,hdl.handle.net,http://hdl.handle.net/10261/117445,no fetchable PDF and no Europe PMC full text,W2124565712,0 PDF location(s) + Europe PMC tried; no Europe PMC OA full text
10.1002/ejic.202300687,https://doi.org/10.1002/ejic.202300687,Slow relaxation of magnetization in the Co(II)‐phosphotungstate Keggin polyoxometalate,2024,hdl.handle.net,http://hdl.handle.net/11336/257865,no fetchable PDF and no Europe PMC full text,W4391166869,0 PDF location(s) + Europe PMC tried; no Europe PMC OA full text
10.1002/qua.23080,https://doi.org/10.1002/qua.23080,Electronic spectra of nitroethylene,2011,hdl.handle.net,http://hdl.handle.net/11858/00-001M-0000-0014-A3B0-1,HTTP 403 (publisher blocks scripted clients),W1987932291,HTTPError: 403 Client Error: Forbidden for url: https://pure.mpg.de/pubman/item/item_1836868
10.1002/qua.24511,https://doi.org/10.1002/qua.24511,<i>Ab initio</i> simulations of two-dimensional electronic spectra: The SOS//QM/MM approach,2013,hdl.handle.net,http://hdl.handle.net/11311/985816,"HTML landing page, not a PDF",W2169993547,ValueError: response is not a PDF (probably an HTML landing page)
10.1007/s00214-009-0678-x,https://doi.org/10.1007/s00214-009-0678-x,Theoretical investigation of the electronic spectrum of pyrazine,2009,hdl.handle.net,http://hdl.handle.net/2437/94239,no fetchable PDF and no Europe PMC full text,W2171856544,0 PDF location(s) + Europe PMC tried; no Europe PMC OA full text
10.1016/0301-0104(92)80127-h,https://doi.org/10.1016/0301-0104(92)80127-h,Intramolecular charge transfer and trans-cis isomerization of the DCM styrene dye in polar solvents. A CS INDO MRCI study,1992,hdl.handle.net,http://hdl.handle.net/11380/305057,"HTML landing page, not a PDF",W1983699273,ValueError: response is not a PDF (probably an HTML landing page)
10.1016/j.chemphys.2013.11.002,https://doi.org/10.1016/j.chemphys.2013.11.002,On the role of solvent effects on the electronic transitions in Fe(II) and Ru(II) complexes,2013,hdl.handle.net,http://hdl.handle.net/20.500.11797/PC521,"HTML landing page, not a PDF",W2015229843,ValueError: response is not a PDF (probably an HTML landing page)
10.1016/j.comptc.2014.08.009,https://doi.org/10.1016/j.comptc.2014.08.009,Dynamical correlation within the Interacting Quantum Atoms method through coupled cluster theory,2014,hdl.handle.net,http://hdl.handle.net/10651/31648,no fetchable PDF and no Europe PMC full text,W2088955664,0 PDF location(s) + Europe PMC tried; no Europe PMC OA full text
10.1016/j.proci.2018.05.069,https://doi.org/10.1016/j.proci.2018.05.069,Kinetics of 1-butyl and 2-butyl radical reactions with molecular oxygen: Experiment and theory,2018,hdl.handle.net,http://hdl.handle.net/10138/310372,"HTML landing page, not a PDF",W2855032916,ValueError: response is not a PDF (probably an HTML landing page)
10.1016/j.tet.2012.05.043,https://doi.org/10.1016/j.tet.2012.05.043,Computational study on fluoride recognition by an urea-activated phthalimide chemosensor,2012,hdl.handle.net,http://hdl.handle.net/10251/86329,no fetchable PDF and no Europe PMC full text,W1990504438,0 PDF location(s) + Europe PMC tried; no Europe PMC OA full text
10.1021/acs.inorgchem.2c03128,https://doi.org/10.1021/acs.inorgchem.2c03128,Lanthanide Luminescence Thermometry and Slow Magnetic Relaxation in 3-D Polycyanidometallate-Based Materials,2022,hdl.handle.net,http://hdl.handle.net/10773/36018,no fetchable PDF and no Europe PMC full text,W4308550108,0 PDF location(s) + Europe PMC tried; no Europe PMC OA full text
10.1021/acs.inorgchem.6b02312,https://doi.org/10.1021/acs.inorgchem.6b02312,Magnetic Excitations in Polyoxotungstate-Supported Lanthanoid Single-Molecule Magnets: An Inelastic Neutron Scattering and ab Initio Study,2016,hdl.handle.net,http://hdl.handle.net/11343/216381,"HTML landing page, not a PDF",W2564336558,ValueError: response is not a PDF (probably an HTML landing page)
10.1021/acs.inorgchem.9b01719,https://doi.org/10.1021/acs.inorgchem.9b01719,Coligand Effects on the Field-Induced Double Slow Magnetic Relaxation in Six-Coordinate Cobalt(II) Single-Ion Magnets (SIMs) with Positive Magnetic Anisotropy,2019,hdl.handle.net,https://hdl.handle.net/10550/95468,"HTML landing page, not a PDF",W2984574193,ValueError: response is not a PDF (probably an HTML landing page)
10.1021/acs.jctc.3c01379,https://doi.org/10.1021/acs.jctc.3c01379,New Full-Dimensional Reactive Potential Energy Surface for the H<sub>4</sub> System,2024,hdl.handle.net,http://hdl.handle.net/10366/166350,"HTML landing page, not a PDF",W4391808310,ValueError: response is not a PDF (probably an HTML landing page)
10.1021/acs.jctc.5b00671,https://doi.org/10.1021/acs.jctc.5b00671,Electronically Excited States of Higher Acenes up to Nonacene: A Density Functional Theory/Multireference Configuration Interaction Study,2015,hdl.handle.net,https://hdl.handle.net/11858/00-001M-0000-0029-6449-A,HTTP 403 (publisher blocks scripted clients),W2236457265,HTTPError: 403 Client Error: Forbidden for url: https://pure.mpg.de/pubman/item/item_2242814_4/component/file_2242813/ct5b00671_si_001.pdf
10.1021/acs.jctc.7b00634,https://doi.org/10.1021/acs.jctc.7b00634,The Spin-Flip Variant of the Algebraic-Diagrammatic Construction Yields the Correct Topology of S<sub>1</sub>/S<sub>0</sub> Conical Intersections,2017,hdl.handle.net,https://hdl.handle.net/11858/00-001M-0000-002E-0AE6-4,HTTP 403 (publisher blocks scripted clients),W2737243724,HTTPError: 403 Client Error: Forbidden for url: https://pure.mpg.de/pubman/item/item_2486579_1/component/file_2486578/ct7b00634_si_001.pdf
10.1021/acs.joc.6b00314,https://doi.org/10.1021/acs.joc.6b00314,"A Combined Experimental and Theoretical Approach to the Photogeneration of 5,6-Dihydropyrimidin-5-yl Radicals in Nonaqueous Media",2016,hdl.handle.net,http://hdl.handle.net/10251/81560,no fetchable PDF and no Europe PMC full text,W2339914091,0 PDF location(s) + Europe PMC tried; no Europe PMC OA full text
10.1021/acs.jpclett.0c01264,https://doi.org/10.1021/acs.jpclett.0c01264,On the Intrinsically Low Quantum Yields of Pyrimidine DNA Photodamages: Evaluating the Reactivity of the Corresponding Minimum Energy Crossing Points,2020,hdl.handle.net,https://hdl.handle.net/10550/85360,"HTML landing page, not a PDF",W3031738845,ValueError: response is not a PDF (probably an HTML landing page)
10.1021/acs.jpclett.9b02760,https://doi.org/10.1021/acs.jpclett.9b02760,Hypoxia-Selective Dissociation Mechanism of a Nitroimidazole Nucleoside in a DNA Environment,2019,hdl.handle.net,https://hdl.handle.net/10550/105146,"HTML landing page, not a PDF",W2981157554,ValueError: response is not a PDF (probably an HTML landing page)
10.1021/ct200704k,https://doi.org/10.1021/ct200704k,Bathochromic Shift in Green Fluorescent Protein: A Puzzle for QM/MM Approaches,2011,hdl.handle.net,http://hdl.handle.net/1887/3480023,"HTML landing page, not a PDF",W2083111105,ValueError: response is not a PDF (probably an HTML landing page)
10.1021/ct500395f,https://doi.org/10.1021/ct500395f,Toward the Understanding of the Photophysics and Photochemistry of 1-Nitronaphthalene under Solar Radiation: The First Theoretical Evidence of a Photodegradation Intramolecular Rearrangement Mechanism Involving the Triplet States,2014,hdl.handle.net,https://hdl.handle.net/10550/106935,no fetchable PDF and no Europe PMC full text,W2316471243,0 PDF location(s) + Europe PMC tried; no Europe PMC OA full text
10.1021/ct900227j,https://doi.org/10.1021/ct900227j,Absorption Spectrum of the Green Fluorescent Protein Chromophore: A Difficult Case for ab Initio Methods?,2009,hdl.handle.net,http://hdl.handle.net/1887/3480015,"HTML landing page, not a PDF",W2130891310,ValueError: response is not a PDF (probably an HTML landing page)
10.1021/ja304069f,https://doi.org/10.1021/ja304069f,Electronic Excited States Responsible for Dimer Formation upon UV Absorption Directly by Thymine Strands: Joint Experimental and Theoretical Study,2012,hdl.handle.net,http://hdl.handle.net/10251/84249,"HTML landing page, not a PDF",W2331615522,ValueError: response is not a PDF (probably an HTML landing page)
10.1021/jacs.7b01145,https://doi.org/10.1021/jacs.7b01145,Photophysics of Deoxycytidine and 5-Methyldeoxycytidine in Solution: A Comprehensive Picture by Quantum Mechanical Calculations and Femtosecond Fluorescence Spectroscopy,2017,hdl.handle.net,http://hdl.handle.net/11585/610697,"HTML landing page, not a PDF",W2614306164,ValueError: response is not a PDF (probably an HTML landing page)
10.1021/jacs.8b07057,https://doi.org/10.1021/jacs.8b07057,Observation of the Sub-100 Femtosecond Population of a Dark State in a Thiobase Mediating Intersystem Crossing,2018,hdl.handle.net,http://hdl.handle.net/11585/661477,"HTML landing page, not a PDF",W2898911318,ValueError: response is not a PDF (probably an HTML landing page)
10.1021/jp036792b,https://doi.org/10.1021/jp036792b,"Isomerizations of Bicyclo[2.1.0]pent-2-ene and Tricyclo[2.1.0.0<sup>2,5</sup>]pentane into Cyclopenta-1,3-diene:  A Computational Study by DFT and High-Level ab Initio Methods",2003,hdl.handle.net,https://hdl.handle.net/11511/29910,no fetchable PDF and no Europe PMC full text,W1971361039,0 PDF location(s) + Europe PMC tried; no Europe PMC OA full text
10.1021/jp2004997,https://doi.org/10.1021/jp2004997,Determination of the Ground Electronic State in Transition Metal Halides: ZrF,2011,hdl.handle.net,http://hdl.handle.net/2013/ULB-DIPOT:oai:dipot.ulb.ac.be:2013/146200,"HTML landing page, not a PDF",W1964179152,ValueError: response is not a PDF (probably an HTML landing page)
10.1021/jp305593h,https://doi.org/10.1021/jp305593h,First-Principles Study on Structural Properties and 4f → 5d Transitions of Locally Charge-Compensated Ce<sup>3+</sup> in CaF<sub>2</sub>,2012,hdl.handle.net,http://hdl.handle.net/10486/13520,no fetchable PDF and no Europe PMC full text,W2029995456,0 PDF location(s) + Europe PMC tried; no Europe PMC OA full text
10.1021/jp307200g,https://doi.org/10.1021/jp307200g,Photoinduced Formation Mechanism of the Thymine–Thymine (6–4) Adduct,2013,hdl.handle.net,https://hdl.handle.net/10550/85339,no fetchable PDF and no Europe PMC full text,W2092055552,0 PDF location(s) + Europe PMC tried; no Europe PMC OA full text
10.1039/c2cp43381h,https://doi.org/10.1039/c2cp43381h,Pyrazine excited states revisited using the extended multi-state complete active space second-order perturbation method,2012,hdl.handle.net,https://hdl.handle.net/10037/5866,"HTML landing page, not a PDF",W2132300871,ValueError: response is not a PDF (probably an HTML landing page)
10.1039/c2cp43559d,https://doi.org/10.1039/c2cp43559d,"The natural orbital functional theory of the bonding in Cr <sub>2</sub> , Mo <sub>2</sub> and W <sub>2</sub>",2012,hdl.handle.net,http://hdl.handle.net/10810/75238,timeout,W2126775959,"ConnectTimeout: HTTPSConnectionPool(host='addi.ehu.eus', port=443): Max retries exceeded with url: /handle/10810/75238 (Caused by ConnectTimeoutError(<HTTPSConnection(host='addi.ehu.eus', port=443) at 0x7f8af00f3a60>, 'Connection to addi.ehu.eus timed out. (connect timeout=30)'))"
10.1039/c3cp52812j,https://doi.org/10.1039/c3cp52812j,The effect of chemical substituents on the functionality of a molecular switch system: a theoretical study of several quinoline compounds,2013,hdl.handle.net,http://hdl.handle.net/2437/174215,no fetchable PDF and no Europe PMC full text,W2084637378,0 PDF location(s) + Europe PMC tried; no Europe PMC OA full text
10.1039/c4fd00175c,https://doi.org/10.1039/c4fd00175c,Probing deactivation pathways of DNA nucleobases by two-dimensional electronic spectroscopy: first principles simulations,2014,hdl.handle.net,https://hdl.handle.net/10550/106536,no fetchable PDF and no Europe PMC full text,W2060885931,0 PDF location(s) + Europe PMC tried; no Europe PMC OA full text
10.1039/c5ra18578e,https://doi.org/10.1039/c5ra18578e,Photochemistry of methyl hypobromite (CH <sub>3</sub> OBr): excited states and photoabsorption spectrum,2015,hdl.handle.net,https://hdl.handle.net/11858/00-001M-0000-0029-6434-7,HTTP 403 (publisher blocks scripted clients),W2144187997,HTTPError: 403 Client Error: Forbidden for url: https://pure.mpg.de/pubman/item/item_2243190_1/component/file_2243189/c5ra18578e1.pdf
10.1039/c8cp00147b,https://doi.org/10.1039/c8cp00147b,An MS-CASPT2 study of the photodecomposition of 4-methoxyphenyl azide: role of internal conversion and intersystem crossing,2018,hdl.handle.net,https://hdl.handle.net/10630/17294,HTTP 500,W2788617302,HTTPError: 500 Server Error: Internal Server Error for url: https://riuma.uma.es/handle/10630/17294
10.1039/c8cp04866e,https://doi.org/10.1039/c8cp04866e,Triplet photosensitization mechanism of thymine by an oxidized nucleobase: from a dimeric model to DNA environment,2018,hdl.handle.net,http://hdl.handle.net/10251/145122,"HTML landing page, not a PDF",W2895613076,ValueError: response is not a PDF (probably an HTML landing page)
10.1039/c9cp00705a,https://doi.org/10.1039/c9cp00705a,"Similar chemical structures, dissimilar triplet quantum yields: a CASPT2 model rationalizing the trend of triplet quantum yields in nitroaromatic systems",2019,hdl.handle.net,https://hdl.handle.net/10550/85359,"HTML landing page, not a PDF",W2941316478,ValueError: response is not a PDF (probably an HTML landing page)
10.1039/c9fd00073a,https://doi.org/10.1039/c9fd00073a,Exploring the capabilities of optical pump X-ray probe NEXAFS spectroscopy to track photo-induced dynamics mediated by conical intersections,2019,hdl.handle.net,https://hdl.handle.net/11585/732415,"HTML landing page, not a PDF",W2975148716,ValueError: response is not a PDF (probably an HTML landing page)
10.1039/d0dt01293a,https://doi.org/10.1039/d0dt01293a,Dysprosium-based complexes with a flat pentadentate donor: a magnetic and <i>ab initio</i> study,2020,hdl.handle.net,http://hdl.handle.net/10347/32389,no fetchable PDF and no Europe PMC full text,W3033970366,0 PDF location(s) + Europe PMC tried; no Europe PMC OA full text
10.1063/1.1332118,https://doi.org/10.1063/1.1332118,Electronic excitation spectrum of thiophene studied by symmetry-adapted cluster configuration interaction method,2001,hdl.handle.net,http://hdl.handle.net/2433/50181,"HTML landing page, not a PDF",W1997915552,ValueError: response is not a PDF (probably an HTML landing page)
10.1063/1.1866096,https://doi.org/10.1063/1.1866096,Computation of conical intersections by using perturbation techniques,2005,hdl.handle.net,http://hdl.handle.net/10550/12944,"HTML landing page, not a PDF",W2001566953,ValueError: response is not a PDF (probably an HTML landing page)
10.1063/1.2178794,https://doi.org/10.1063/1.2178794,A theoretical insight into the photophysics of psoralen,2006,hdl.handle.net,http://hdl.handle.net/10550/2398,"HTML landing page, not a PDF",W2069289428,ValueError: response is not a PDF (probably an HTML landing page)
10.1063/1.2408411,https://doi.org/10.1063/1.2408411,Toward the understanding of DNA fluorescence: The singlet excimer of cytosine,2006,hdl.handle.net,http://hdl.handle.net/10550/2381,"HTML landing page, not a PDF",W2046586201,ValueError: response is not a PDF (probably an HTML landing page)
10.1063/1.2837827,https://doi.org/10.1063/1.2837827,Excited states of the water molecule: Analysis of the valence and Rydberg character,2008,hdl.handle.net,http://hdl.handle.net/10550/2373,"HTML landing page, not a PDF",W2042303231,ValueError: response is not a PDF (probably an HTML landing page)
10.1063/1.2953696,https://doi.org/10.1063/1.2953696,Accurate <i>ab initio</i> density fitting for multiconfigurational self-consistent field methods,2008,hdl.handle.net,http://hdl.handle.net/10550/2379,no fetchable PDF and no Europe PMC full text,W2085884874,0 PDF location(s) + Europe PMC tried; no Europe PMC OA full text
10.1063/1.3274816,https://doi.org/10.1063/1.3274816,"A theoretical study of the low-lying excited states of thieno[3,4-b]pyrazine",2009,hdl.handle.net,http://hdl.handle.net/10550/4344,"HTML landing page, not a PDF",W1993475047,ValueError: response is not a PDF (probably an HTML landing page)
10.1063/1.463521,https://doi.org/10.1063/1.463521,"Theoretical study of the low-lying states of <i>trans</i>-1,3-butadiene",1992,hdl.handle.net,http://hdl.handle.net/10550/12886,"HTML landing page, not a PDF",W1971763698,ValueError: response is not a PDF (probably an HTML landing page)
10.1063/1.473207,https://doi.org/10.1063/1.473207,<i>Ab initio</i>study on the low-lying excited states of retinal,1997,hdl.handle.net,http://hdl.handle.net/10550/16705,"HTML landing page, not a PDF",W2074293030,ValueError: response is not a PDF (probably an HTML landing page)
10.1063/1.476138,https://doi.org/10.1063/1.476138,Vibronic structure in triatomic molecules: The hydrocarbon flame bands of the formyl radical (HCO). A theoretical study,1998,hdl.handle.net,http://hdl.handle.net/10550/16707,"HTML landing page, not a PDF",W2076875212,ValueError: response is not a PDF (probably an HTML landing page)
10.1063/1.478918,https://doi.org/10.1063/1.478918,Theoretical study of the electronic spectrum of <b> <i>p</i> </b>-benzoquinone,1999,hdl.handle.net,http://hdl.handle.net/10550/12959,"HTML landing page, not a PDF",W2043552340,ValueError: response is not a PDF (probably an HTML landing page)
10.1063/5.0033181,https://doi.org/10.1063/5.0033181,A SA-CASSCF and MS-CASPT2 study on the electronic structure of nitrosobenzene and its relation to its dissociation dynamics,2021,hdl.handle.net,https://hdl.handle.net/10630/28345,no fetchable PDF and no Europe PMC full text,W3121514598,0 PDF location(s) + Europe PMC tried; no Europe PMC OA full text
10.1063/5.0073189,https://doi.org/10.1063/5.0073189,Quantum-chemistry study of the ground and excited state absorption of distyrylbenzene: Multi vs single reference methods,2022,hdl.handle.net,https://hdl.handle.net/10550/104582,"HTML landing page, not a PDF",W4205407787,ValueError: response is not a PDF (probably an HTML landing page)
10.1111/jep.12526,https://doi.org/10.1111/jep.12526,Validation of the Turkish version of medication regimen complexity index among elderly patients,2016,hdl.handle.net,http://hdl.handle.net/11424/92901,HTTP 500,W2296579009,HTTPError: 500 Server Error: Internal Server Error for url: http://hdl.handle.net/11424/92901
10.12681/eadd/19873,https://doi.org/10.12681/eadd/19873,Υπολογιστική κβαντική φωτοχημεία,2010,hdl.handle.net,http://hdl.handle.net/10442/hedi/19873,no fetchable PDF and no Europe PMC full text,W183397502,0 PDF location(s) + Europe PMC tried; no Europe PMC OA full text
10.12681/eadd/22370,https://doi.org/10.12681/eadd/22370,"{Ι.} Θεωρητική μελέτη των μεταλλοκαρβιδίων TiC+, VC+ και CrC+. ΙΙ. Η φύση του χημικού δεσμού του κατιόντος N5+ και συγγενών συστημάτων",2003,hdl.handle.net,http://hdl.handle.net/10442/hedi/22370,no fetchable PDF and no Europe PMC full text,W115245494,0 PDF location(s) + Europe PMC tried; no Europe PMC OA full text
10.13020/4f95-ex37,https://doi.org/10.13020/4f95-ex37,Adiabatic and Diabatic Energy Data for the Ground and First Excited Singlet States of CH₃NH₂,2018,hdl.handle.net,http://hdl.handle.net/11299/213731,HTTP 403 (publisher blocks scripted clients),W3026063930,HTTPError: 403 Client Error: Forbidden for url: https://conservancy.umn.edu/handle/11299/213731
10.13020/776n-tf21,https://doi.org/10.13020/776n-tf21,Electronic structure data of singlet N4,2020,hdl.handle.net,http://hdl.handle.net/11299/212658,HTTP 403 (publisher blocks scripted clients),W3019012045,HTTPError: 403 Client Error: Forbidden for url: https://conservancy.umn.edu/handle/11299/212658
10.13020/c66z-2z26,https://doi.org/10.13020/c66z-2z26,Electronic structure data for ³A´ and ³A´´ N₂O,2014,hdl.handle.net,http://hdl.handle.net/11299/216938,HTTP 403 (publisher blocks scripted clients),W3114598351,HTTPError: 403 Client Error: Forbidden for url: https://conservancy.umn.edu/handle/11299/216938
10.1524/zpch.2000.214.5.675,https://doi.org/10.1524/zpch.2000.214.5.675,How do Parity Violating Weak Nuclear Interactions Influence Rovibrational Frequencies in Chiral Molecules?,2000,hdl.handle.net,https://hdl.handle.net/11475/4440,no fetchable PDF and no Europe PMC full text,W2328837682,0 PDF location(s) + Europe PMC tried; no Europe PMC OA full text
10.15278/isms.2021.tf05,https://doi.org/10.15278/isms.2021.tf05,AN &lt;i&gt;AB INITIO&lt;/i&gt; STUDY OF ELECTRONICALLY EXCITED STATES OF SiN AND SO,2021,hdl.handle.net,http://hdl.handle.net/2142/111489,TLS/SSL failure,W3206119972,"SSLError: HTTPSConnectionPool(host='api.openalex.org', port=443): Max retries exceeded with url: /works/https://doi.org/10.15278/isms.2021.tf05?mailto=victorchanglee%40gmail.com&select=locations%2Cbest_oa_location (Caused by SSLError(SSLEOFError(8, '[SSL: UNEXPECTED_EOF_WHILE_READING] EOF occurred i"
10.26021/6838,https://doi.org/10.26021/6838,"The role of static and dynamic correlation in molecular electronic structure, spectroscopy, and intermolecular interactions.",2016,hdl.handle.net,http://hdl.handle.net/10092/13038,no fetchable PDF and no Europe PMC full text,W2613035033,0 PDF location(s) + Europe PMC tried; no Europe PMC OA full text
10.26434/chemrxiv-2025-5v4hx,https://doi.org/10.26434/chemrxiv-2025-5v4hx,Gradients not needed: ML-driven propagation ofnonadiabatic molecular dynamics without reference gradients,2025,hdl.handle.net,https://hdl.handle.net/2346/108267,no fetchable PDF and no Europe PMC full text,W4417345821,0 PDF location(s) + Europe PMC tried; no Europe PMC OA full text
10.3929/ethz-a-007604482,https://doi.org/10.3929/ethz-a-007604482,"Dissecting the quantum chemical spin state problem: Entropy measures, matrix product states and reconstruction algorithms",2012,hdl.handle.net,http://hdl.handle.net/20.500.11850/63101,HTTP 500,W2280353183,1 PDF location(s) + Europe PMC tried; HTTPError: 500 Server Error: Internal Server Error for url: https://www.research-collection.ethz.ch/handle/20.500.11850/63101 | no Europe PMC OA full text
10.3929/ethz-c-000795741,https://doi.org/10.3929/ethz-c-000795741,Efficient Implementation of the Spin-Free Renormalized Internally-Contracted Multireference Coupled Cluster Theory,2026,hdl.handle.net,http://hdl.handle.net/20.500.11850/795741,HTTP 500,W7130432031,HTTPError: 500 Server Error: Internal Server Error for url: https://www.research-collection.ethz.ch/handle/20.500.11850/795741
10.1016/j.cplett.2024.141736,https://doi.org/10.1016/j.cplett.2024.141736,Study on photodissociation spectra and decay pathways of gas-phase PdCl3– and PdCl2– anions by electrospray ionization mass spectrometry and MRCI calculation,2024,hiroshima.repo.nii.ac.jp,https://hiroshima.repo.nii.ac.jp/records/2040672,"HTML landing page, not a PDF",W4404011699,ValueError: response is not a PDF (probably an HTML landing page)
10.1016/j.chemphys.2021.111349,https://doi.org/10.1016/j.chemphys.2021.111349,Ab initio study of palladium dichloride PdCl2 and its anion PdCl2−,2021,id.nii.ac.jp,http://id.nii.ac.jp/1657/00083385/,"HTML landing page, not a PDF",W3196496481,ValueError: response is not a PDF (probably an HTML landing page)
10.15278/isms.2017.tg11,https://doi.org/10.15278/isms.2017.tg11,INFLUENCE OF SPIN-ORBIT QUENCHING ON THE SOLVATION OF INDIUM IN HELIUM DROPLETS,2017,ideals-main.s3.us-east-2.amazonaws.com,https://ideals-main.s3.us-east-2.amazonaws.com/institutions/uiuc/storage/104812/2499.pdf,HTTP 403 (publisher blocks scripted clients),W2739892051,HTTPError: 403 Client Error: Forbidden for url: https://ideals-main.s3.us-east-2.amazonaws.com/institutions/uiuc/storage/104812/2499.pdf
10.15278/isms.2017.wk03,https://doi.org/10.15278/isms.2017.wk03,ELECTRONIC TRANSITIONS OF TUNGSTEN MONOSULFIDE,2017,ideals-main.s3.us-east-2.amazonaws.com,https://ideals-main.s3.us-east-2.amazonaws.com/institutions/uiuc/storage/104872/2284.pdf,no fetchable PDF and no Europe PMC full text,W3142575418,0 PDF location(s) + Europe PMC tried; no Europe PMC OA full text
10.22376/ijpbs/lpr.2021.11.2.p130-135,https://doi.org/10.22376/ijpbs/lpr.2021.11.2.p130-135,Medication Regimen Complexity and Medication Adherence In Patients with Polypharmacy,2021,ijlpr.com,http://ijlpr.com/index.php/journal/article/download/880/696,HTTP 503,W3134831989,HTTPError: 503 Server Error: Service Unavailable for url: http://ijlpr.com/index.php/journal/article/download/880/696
10.5530/097483261391,https://doi.org/10.5530/097483261391,Assessment of Medication Complexity and Adherence in Geriatric Patients,2023,ijopp.org,https://ijopp.org/sites/default/files/InJPharPract-16-1-33.pdf,"HTML landing page, not a PDF",W4315701790,ValueError: response is not a PDF (probably an HTML landing page)
10.1021/acs.inorgchem.9b00668,https://doi.org/10.1021/acs.inorgchem.9b00668,UV–Vis Absorption Spectroscopy of Polonium(IV) Chloride Complexes: An Electronic Structure Theory Study,2019,imt-atlantique.hal.science,https://imt-atlantique.hal.science/hal-02150692,"HTML landing page, not a PDF",W2944551700,ValueError: response is not a PDF (probably an HTML landing page)
10.1021/acs.jpca.6b05423,https://doi.org/10.1021/acs.jpca.6b05423,Transient versus Static Electron Spin Relaxation in Mn<sup>2+</sup> Complexes Relevant as MRI Contrast Agents,2016,infoscience.epfl.ch,http://infoscience.epfl.ch/record/222205,no fetchable PDF and no Europe PMC full text,W2478251420,0 PDF location(s) + Europe PMC tried; no Europe PMC OA full text
10.1021/ct3010408,https://doi.org/10.1021/ct3010408,Rhodopsin Absorption from First Principles: Bypassing Common Pitfalls,2013,infoscience.epfl.ch,http://infoscience.epfl.ch/record/185796,"HTML landing page, not a PDF",W1965851511,ValueError: response is not a PDF (probably an HTML landing page)
10.1021/jp904669x,https://doi.org/10.1021/jp904669x,Deciphering Intrinsic Deactivation/Isomerization Routes in a Phytochrome Chromophore Model,2009,infoscience.epfl.ch,http://infoscience.epfl.ch/record/150319,"HTML landing page, not a PDF",W2017826051,ValueError: response is not a PDF (probably an HTML landing page)
10.1039/c5cp02100f,https://doi.org/10.1039/c5cp02100f,Timescales of N–H bond dissociation in pyrrole: a nonadiabatic dynamics study,2015,infoscience.epfl.ch,http://infoscience.epfl.ch/record/212345,"HTML landing page, not a PDF",W1909109107,ValueError: response is not a PDF (probably an HTML landing page)
10.1063/1.3489110,https://doi.org/10.1063/1.3489110,Systematic study of first-row transition-metal diatomic molecules: A self-consistent DFT+U approach,2010,infoscience.epfl.ch,http://infoscience.epfl.ch/record/179291,"HTML landing page, not a PDF",W2024381296,ValueError: response is not a PDF (probably an HTML landing page)
10.1063/1.4923259,https://doi.org/10.1063/1.4923259,Analytic first derivatives of floating occupation molecular orbital-complete active space configuration interaction on graphical processing units,2015,infoscience.epfl.ch,http://infoscience.epfl.ch/record/212209,no fetchable PDF and no Europe PMC full text,W1766476340,0 PDF location(s) + Europe PMC tried; no Europe PMC OA full text
10.1080/00268970512331339378,https://doi.org/10.1080/00268970512331339378,Molecular dynamics in electronically excited states using time-dependent density functional theory,2005,infoscience.epfl.ch,http://infoscience.epfl.ch/record/80969,"HTML landing page, not a PDF",W2061517747,ValueError: response is not a PDF (probably an HTML landing page)
10.1086/424959,https://doi.org/10.1086/424959,New Laboratory Data on a Molecular Band at 4429 A,2004,iopscience.iop.org,https://iopscience.iop.org/article/10.1086/424959/pdf,"HTML landing page, not a PDF",W2098372075,ValueError: response is not a PDF (probably an HTML landing page)
10.1088/1402-4896/ab9bda,https://doi.org/10.1088/1402-4896/ab9bda,"Theoretical electronic structure with rovibrational calculations of alkali-beryllium molecules BeX (X = K, Rb, Cs)",2020,iopscience.iop.org,https://iopscience.iop.org/article/10.1088/1402-4896/ab9bda/pdf,"HTML landing page, not a PDF",W3034582490,ValueError: response is not a PDF (probably an HTML landing page)
10.1088/1674-1056/25/1/013102,https://doi.org/10.1088/1674-1056/25/1/013102,Accurate spectroscopic constants of the lowest two electronic states in S <sub>2</sub> molecule with explicitly correlated method,2016,iopscience.iop.org,https://iopscience.iop.org/article/10.1088/1674-1056/25/1/013102/pdf,"HTML landing page, not a PDF",W2530710134,ValueError: response is not a PDF (probably an HTML landing page)
10.1088/1674-1056/25/10/103103,https://doi.org/10.1088/1674-1056/25/10/103103,Low-lying electronic states of CuN calculated by MRCI method,2016,iopscience.iop.org,https://iopscience.iop.org/article/10.1088/1674-1056/25/10/103103/pdf,"HTML landing page, not a PDF",W2521938111,ValueError: response is not a PDF (probably an HTML landing page)
10.1088/1674-1056/28/4/043101,https://doi.org/10.1088/1674-1056/28/4/043101,Low-lying electronic states of aluminum monoiodide,2019,iopscience.iop.org,https://iopscience.iop.org/article/10.1088/1674-1056/28/4/043101/pdf,"HTML landing page, not a PDF",W2938558776,ValueError: response is not a PDF (probably an HTML landing page)
10.1088/1674-1056/ac003f,https://doi.org/10.1088/1674-1056/ac003f,Highly accurate theoretical study on spectroscopic properties of SH including spin–orbit coupling*,2021,iopscience.iop.org,https://iopscience.iop.org/article/10.1088/1674-1056/ac003f/pdf,"HTML landing page, not a PDF",W3160066723,ValueError: response is not a PDF (probably an HTML landing page)
10.1088/1742-6596/194/12/122001,https://doi.org/10.1088/1742-6596/194/12/122001,<i>Ab initio</i>interaction potentials for X and B excited states of He–I<sub>2</sub>for studying dynamics,2009,iopscience.iop.org,https://iopscience.iop.org/article/10.1088/1742-6596/194/12/122001/pdf,"HTML landing page, not a PDF",W1989854945,ValueError: response is not a PDF (probably an HTML landing page)
10.1088/1742-6596/428/1/012008,https://doi.org/10.1088/1742-6596/428/1/012008,The molecular symmetry adapted non - adiabatic coupling terms and diabatic Hamiltonian matrix,2013,iopscience.iop.org,https://iopscience.iop.org/article/10.1088/1742-6596/428/1/012008/pdf,"HTML landing page, not a PDF",W2053605851,ValueError: response is not a PDF (probably an HTML landing page)
10.1088/1742-6596/488/2/022031,https://doi.org/10.1088/1742-6596/488/2/022031,Calculation of potential energy curves and quantum defects of the diatomic hydrides of first-row elements,2014,iopscience.iop.org,https://iopscience.iop.org/article/10.1088/1742-6596/488/2/022031/pdf,"HTML landing page, not a PDF",W1999699042,ValueError: response is not a PDF (probably an HTML landing page)
10.1088/1742-6596/635/7/072087,https://doi.org/10.1088/1742-6596/635/7/072087,Potential Energy Curves and Generalized Oscillator Strength for Doubly Excited States of the Hydrogen Molecule,2015,iopscience.iop.org,https://iopscience.iop.org/article/10.1088/1742-6596/635/7/072087/pdf,"HTML landing page, not a PDF",W2394995326,ValueError: response is not a PDF (probably an HTML landing page)
10.1088/1742-6596/833/1/012004,https://doi.org/10.1088/1742-6596/833/1/012004,Beyond Born-Oppenheimer treatment for the construction of triple-sheeted accurate diabatic Hamiltonian matrix of F+H<sub>2</sub> system,2017,iopscience.iop.org,https://iopscience.iop.org/article/10.1088/1742-6596/833/1/012004/pdf,"HTML landing page, not a PDF",W2614537363,ValueError: response is not a PDF (probably an HTML landing page)
10.1088/1742-6596/869/1/012012,https://doi.org/10.1088/1742-6596/869/1/012012,Theoretical calculation of the electronic structure of ZnO molecule,2017,iopscience.iop.org,https://iopscience.iop.org/article/10.1088/1742-6596/869/1/012012/pdf,"HTML landing page, not a PDF",W2735538796,ValueError: response is not a PDF (probably an HTML landing page)
10.1088/2516-1075/ab999d,https://doi.org/10.1088/2516-1075/ab999d,Focus on electronic structure theory in China,2020,iopscience.iop.org,https://iopscience.iop.org/article/10.1088/2516-1075/ab999d/pdf,"HTML landing page, not a PDF",W3033618661,ValueError: response is not a PDF (probably an HTML landing page)
10.3847/1538-4357/abb8d1,https://doi.org/10.3847/1538-4357/abb8d1,"High-level Ab Initio Studies of the Spectroscopic Properties of Triatomic [Al, S, O]<sup>x</sup> (x = 0, +1) and Its Potential for Detection in Space",2020,iopscience.iop.org,https://iopscience.iop.org/article/10.3847/1538-4357/abb8d1/pdf,"HTML landing page, not a PDF",W3097029370,ValueError: response is not a PDF (probably an HTML landing page)
10.3847/1538-4365/aa9846,https://doi.org/10.3847/1538-4365/aa9846,Line Lists for LiF and LiCl in the X<sup>1</sup>Σ<sup>+</sup> Ground State,2018,iopscience.iop.org,https://iopscience.iop.org/article/10.3847/1538-4365/aa9846/pdf,"HTML landing page, not a PDF",W2791839721,ValueError: response is not a PDF (probably an HTML landing page)
10.1021/ic5006852,https://doi.org/10.1021/ic5006852,Excited States and Luminescent Properties of UO<sub>2</sub>F<sub>2</sub> and Its Solvated Complexes in Aqueous Solution,2014,ir.lzu.edu.cn,http://ir.lzu.edu.cn/handle/262010/117362,HTTP 503,W2058046238,HTTPError: 503 Server Error: Service Unavailable for url: https://ir.lzu.edu.cn/handle/262010/117362
10.9734/ajrimps/2023/v12i4240,https://doi.org/10.9734/ajrimps/2023/v12i4240,Unraveling Medication Complexity in the Elderly: A Critical Assessment of Adherence Implications,2023,journalajrimps.com,https://journalajrimps.com/index.php/AJRIMPS/article/download/240/479,HTTP 403 (publisher blocks scripted clients),W4389678742,HTTPError: 403 Client Error: Forbidden for url: https://journalajrimps.com/index.php/AJRIMPS/article/download/240/479
10.1107/s0108767378095951,https://doi.org/10.1107/s0108767378095951,Charge density study of a chromium Fischer carbene complex: a study based on multipole model refinement and<i>ab initio</i>CASSCF calculation,1993,journals.iucr.org,http://journals.iucr.org/a/issues/1993/s1/00/a34406/a34406.pdf,HTTP 403 (publisher blocks scripted clients),W2037202180,1 PDF location(s) + Europe PMC tried; HTTPError: 403 Client Error: Forbidden for url: https://journals.iucr.org/a/issues/1993/s1/00/a34406/a34406.pdf | no Europe PMC OA full text
10.1107/s0909049500017696,https://doi.org/10.1107/s0909049500017696,HF-STEX and RASSCF calculations on nitrogen <i>K</i>-shell X-ray absorption of purine base and its derivative,2001,journals.iucr.org,https://journals.iucr.org/s/issues/2001/02/00/ol5267/ol5267.pdf,HTTP 403 (publisher blocks scripted clients),W2055900454,HTTPError: 403 Client Error: Forbidden for url: https://journals.iucr.org/s/issues/2001/02/00/ol5267/ol5267.pdf
10.1107/s2053273317081426,https://doi.org/10.1107/s2053273317081426,Insights on spin-density delocalization/polarization mechanisms through the source function,2017,journals.iucr.org,http://journals.iucr.org/a/issues/2017/a2/00/a56528/a56528.pdf,no fetchable PDF and no Europe PMC full text,W2776908444,0 PDF location(s) + Europe PMC tried; no Europe PMC OA full text
10.1177/0093854818766562,https://doi.org/10.1177/0093854818766562,Feigned Miranda Impairment by Legally Involved Juveniles: The Vulnerability of Forensic Measures and the Development of Effective Screens,2018,journals.sagepub.com,https://journals.sagepub.com/doi/pdf/10.1177/0093854818766562,HTTP 403 (publisher blocks scripted clients),W2794750502,HTTPError: 403 Client Error: Forbidden for url: https://journals.sagepub.com/doi/pdf/10.1177/0093854818766562
10.1177/1060028018773691,https://doi.org/10.1177/1060028018773691,Medication Regimen Complexity Measured by MRCI: A Systematic Review to Identify Health Outcomes,2018,journals.sagepub.com,https://journals.sagepub.com/doi/pdf/10.1177/1060028018773691,HTTP 403 (publisher blocks scripted clients),W2805001835,HTTPError: 403 Client Error: Forbidden for url: https://journals.sagepub.com/doi/pdf/10.1177/1060028018773691
10.1177/1060028018793419,https://doi.org/10.1177/1060028018793419,Medication Regimen Complexity and Hospital Readmission in Older Adults With Chronic Kidney Disease,2018,journals.sagepub.com,https://journals.sagepub.com/doi/pdf/10.1177/1060028018793419,HTTP 403 (publisher blocks scripted clients),W2885150456,HTTPError: 403 Client Error: Forbidden for url: https://journals.sagepub.com/doi/pdf/10.1177/1060028018793419
10.1177/2042098618795770,https://doi.org/10.1177/2042098618795770,Clinical practice guidelines for older people with multimorbidity and life-limiting illness: what are the implications for deprescribing?,2018,journals.sagepub.com,https://journals.sagepub.com/doi/pdf/10.1177/2042098618795770,HTTP 403 (publisher blocks scripted clients),W2829531973,HTTPError: 403 Client Error: Forbidden for url: https://journals.sagepub.com/doi/pdf/10.1177/2042098618795770
10.1177/87551225211047607,https://doi.org/10.1177/87551225211047607,Impact of a Pharmaceutical Care Program at Discharge on Patients at High Risk of Readmission According to the Hospital Score,2021,journals.sagepub.com,https://journals.sagepub.com/doi/pdf/10.1177/87551225211047607,HTTP 403 (publisher blocks scripted clients),W3200119379,HTTPError: 403 Client Error: Forbidden for url: https://journals.sagepub.com/doi/pdf/10.1177/87551225211047607
10.1063/1.2741522,https://doi.org/10.1063/1.2741522,On the ground and some low-lying excited states of ScB: A multiconfigurational study,2007,juser.fz-juelich.de,http://juser.fz-juelich.de/record/54976,"HTML landing page, not a PDF",W2000505879,ValueError: response is not a PDF (probably an HTML landing page)
10.1111/hsc.12624,https://doi.org/10.1111/hsc.12624,Patient experiences of the burden of using medicines for long-term conditions and factors affecting burden: A cross-sectional survey,2018,kar.kent.ac.uk,https://kar.kent.ac.uk/68756/15/Author%20accepted%20version%20Experiences%20of%20medicine%20burden%20July18.pdf,TLS/SSL failure,W2885569564,"SSLError: HTTPSConnectionPool(host='kar.kent.ac.uk', port=443): Max retries exceeded with url: /68756/15/Author%20accepted%20version%20Experiences%20of%20medicine%20burden%20July18.pdf (Caused by SSLError(SSLCertVerificationError(1, '[SSL: CERTIFICATE_VERIFY_FAILED] certificate verify failed: self-s"
10.5281/zenodo.6644169,https://doi.org/10.5281/zenodo.6644169,Large-Scale Benchmarking of Multireference Vertical-Excitation Calculations via Automated Active-Space Selection,2022,knowledge.uchicago.edu,https://knowledge.uchicago.edu/communities/pritzker-school-of-molecular-engineering/,no fetchable PDF and no Europe PMC full text,W4282926700,0 PDF location(s) + Europe PMC tried; no Europe PMC OA full text
10.31274/etd-180810-3086,https://doi.org/10.31274/etd-180810-3086,Theoretical and Experimental Studies of Oxenium Ions,2012,lib.dr.iastate.edu,https://lib.dr.iastate.edu/cgi/viewcontent.cgi?article=3619&context=etd,"HTML landing page, not a PDF",W58128915,1 PDF location(s) + Europe PMC tried; ValueError: not a PDF (probably an HTML landing page) | no Europe PMC OA full text
10.31274/etd-180810-3645,https://doi.org/10.31274/etd-180810-3645,Promiscuous electrons: probing organic switch-on paramagnetism and predicting photoheterolysis through conical intersection searches,2014,lib.dr.iastate.edu,https://lib.dr.iastate.edu/cgi/viewcontent.cgi?article=5107&context=etd,no fetchable PDF and no Europe PMC full text,W1569418851,0 PDF location(s) + Europe PMC tried; no Europe PMC OA full text
10.31274/etd-180810-871,https://doi.org/10.31274/etd-180810-871,Direct observation and reactivity of oxenium ions,2014,lib.dr.iastate.edu,https://lib.dr.iastate.edu/cgi/viewcontent.cgi?article=4915&context=etd,no fetchable PDF and no Europe PMC full text,W108279927,0 PDF location(s) + Europe PMC tried; no Europe PMC OA full text
10.31274/rtd-180813-11912,https://doi.org/10.31274/rtd-180813-11912,Computational and experimental evidence on reaction mechanisms of oxidized sulfur-containing compounds in ground and excited states,2001,lib.dr.iastate.edu,https://lib.dr.iastate.edu/cgi/viewcontent.cgi?article=1418&context=rtd,"HTML landing page, not a PDF",W67508817,1 PDF location(s) + Europe PMC tried; ValueError: not a PDF (probably an HTML landing page) | no Europe PMC OA full text
10.31274/rtd-180813-12907,https://doi.org/10.31274/rtd-180813-12907,Scalable computational chemistry: new developments and applications,2002,lib.dr.iastate.edu,https://lib.dr.iastate.edu/cgi/viewcontent.cgi?article=1496&context=rtd,"HTML landing page, not a PDF",W1584628411,1 PDF location(s) + Europe PMC tried; ValueError: not a PDF (probably an HTML landing page) | no Europe PMC OA full text
10.31274/rtd-180813-17125,https://doi.org/10.31274/rtd-180813-17125,"Palladium(II) and platinum(II) synthetic peptidases: residue- and sequence-selective hydrolysis and the photochemistry of sulfoxides, S,C-sulfonium ylides, and sulfilimines: unimolecular bond cleavage",2007,lib.dr.iastate.edu,https://lib.dr.iastate.edu/cgi/viewcontent.cgi?article=16925&context=rtd,no fetchable PDF and no Europe PMC full text,W178290417,0 PDF location(s) + Europe PMC tried; no Europe PMC OA full text
10.1103/physrevb.72.155107,https://doi.org/10.1103/physrevb.72.155107,"Coherent tunneling in<mml:math xmlns:mml=""http://www.w3.org/1998/Math/MathML"" display=""inline""><mml:msup><mml:mi mathvariant=""normal"">Cu</mml:mi><mml:mrow><mml:mn>2</mml:mn><mml:mo>+</mml:mo></mml:mrow></mml:msup></mml:math>- and<mml:math xmlns:mml=""http://www.w3.org/1998/Math/MathML"" display=""inline""><mml:msup><mml:mi mathvariant=""normal"">Ag</mml:mi><mml:mrow><mml:mn>2</mml:mn><mml:mo>+</mml:mo></mml:mrow></mml:msup></mml:math>-doped MgO and<mml:math xmlns:mml=""http://www.w3.org/1998/Math/MathML"" display=""inline""><mml:mrow><mml:mi mathvariant=""normal"">Ca</mml:mi><mml:mi mathvariant=""normal"">O</mml:mi><mml:mo>:</mml:mo><mml:msup><mml:mi mathvariant=""normal"">Cu</mml:mi><mml:mrow><mml:mn>2</mml:mn><mml:mo>+</mml:mo></mml:mrow></mml:msup></mml:mrow></mml:math>explored through<i>ab initio</i>calculations",2005,link.aps.org,http://link.aps.org/pdf/10.1103/PhysRevB.72.155107,HTTP 403 (publisher blocks scripted clients),W2039227834,HTTPError: 403 Client Error: Forbidden for url: https://link.aps.org/pdf/10.1103/PhysRevB.72.155107
10.1021/acs.inorgchem.7b01653,https://doi.org/10.1021/acs.inorgchem.7b01653,Identification of α-Fe in High-Silica Zeolites on the Basis of ab Initio Electronic Structure Calculations,2017,lirias.kuleuven.be,https://lirias.kuleuven.be/handle/123456789/592553,no fetchable PDF and no Europe PMC full text,W2748903618,0 PDF location(s) + Europe PMC tried; no Europe PMC OA full text
10.1021/acs.inorgchem.9b00476,https://doi.org/10.1021/acs.inorgchem.9b00476,Understanding the Reactivity of Mn-Oxo Porphyrins for Substrate Hydroxylation: Theoretical Predictions and Experimental Evidence Reconciled,2019,lirias.kuleuven.be,https://lirias.kuleuven.be/handle/123456789/647914,"HTML landing page, not a PDF",W2948008879,ValueError: response is not a PDF (probably an HTML landing page)
10.1021/acs.jctc.6b00714,https://doi.org/10.1021/acs.jctc.6b00714,Cumulant Approximated Second-Order Perturbation Theory Based on the Density Matrix Renormalization Group for Transition Metal Complexes: A Benchmark Study,2016,lirias.kuleuven.be,https://lirias.kuleuven.be/handle/123456789/550009,"HTML landing page, not a PDF",W2519543838,ValueError: response is not a PDF (probably an HTML landing page)
10.1021/acs.jctc.6b01005,https://doi.org/10.1021/acs.jctc.6b01005,Spin State Energetics in First-Row Transition Metal Complexes: Contribution of (3s3p) Correlation and Its Description by Second-Order Perturbation Theory,2016,lirias.kuleuven.be,https://lirias.kuleuven.be/bitstream/123456789/574413/4/jctc_13_537_2017.pdf,HTTP 404 (OA link dead),W2562838412,HTTPError: 404 Client Error: Not Found for url: https://lirias.kuleuven.be/bitstream/123456789/574413/4/jctc_13_537_2017.pdf
10.1021/acs.jctc.8b00057,https://doi.org/10.1021/acs.jctc.8b00057,Toward Highly Accurate Spin State Energetics in First-Row Transition Metal Complexes: A Combined CASPT2/CC Approach,2018,lirias.kuleuven.be,https://lirias.kuleuven.be/bitstream/123456789/625109/2/main.pdf,HTTP 404 (OA link dead),W2795857061,HTTPError: 404 Client Error: Not Found for url: https://lirias.kuleuven.be/bitstream/123456789/625109/2/main.pdf
10.1021/acs.jctc.8b00412,https://doi.org/10.1021/acs.jctc.8b00412,Another Look at Photoelectron Spectra of the Anion Cr<sub>2</sub>O<sub>2</sub><sup>–</sup>: Multireference Character and Energetic Degeneracy,2018,lirias.kuleuven.be,https://lirias.kuleuven.be/handle/123456789/640949,"HTML landing page, not a PDF",W2883204552,ValueError: response is not a PDF (probably an HTML landing page)
10.1021/acs.jctc.8b00963,https://doi.org/10.1021/acs.jctc.8b00963,Limits of Coupled-Cluster Calculations for Non-Heme Iron Complexes,2019,lirias.kuleuven.be,https://lirias.kuleuven.be/handle/123456789/646960,"HTML landing page, not a PDF",W2907034314,ValueError: response is not a PDF (probably an HTML landing page)
10.1021/acs.jpca.8b03239,https://doi.org/10.1021/acs.jpca.8b03239,"Negative Ion Photoelectron Spectroscopy Confirms the Prediction of the Relative Energies of the Low-Lying Electronic States of 2,7-Naphthoquinone",2018,lirias.kuleuven.be,https://lirias.kuleuven.be/handle/123456789/651114,"HTML landing page, not a PDF",W2800555310,ValueError: response is not a PDF (probably an HTML landing page)
10.1021/acs.jpca.8b11063,https://doi.org/10.1021/acs.jpca.8b11063,"Negative Ion Photoelectron Spectroscopy Confirms the Prediction of a Singlet Ground State for the 1,8-Naphthoquinone Diradical",2019,lirias.kuleuven.be,https://lirias.kuleuven.be/handle/123456789/651113,"HTML landing page, not a PDF",W2921057747,ValueError: response is not a PDF (probably an HTML landing page)
10.1021/ct900567c,https://doi.org/10.1021/ct900567c,Performance of CASPT2 and DFT for Relative Spin-State Energetics of Heme Models,2010,lirias.kuleuven.be,https://lirias.kuleuven.be/handle/123456789/254462,"HTML landing page, not a PDF",W2063825763,ValueError: response is not a PDF (probably an HTML landing page)
10.1021/ic701738z,https://doi.org/10.1021/ic701738z,"Heterospin Systems Constructed from [Cu<sub>2</sub>Ln]<sup>3+</sup>and [Ni(mnt)<sub>2</sub>]<sup>1</sup><sup>-</sup><sup>,2</sup><sup>-</sup>Tectons:  First 3p−3d−4f Complexes (mnt = Maleonitriledithiolato)",2008,lirias.kuleuven.be,https://lirias.kuleuven.be/handle/123456789/162153,no fetchable PDF and no Europe PMC full text,W2095518747,0 PDF location(s) + Europe PMC tried; no Europe PMC OA full text
10.1021/ja029207d,https://doi.org/10.1021/ja029207d,An Ab Initio Study of the Ligand Field and Charge-Transfer Transitions of Cr(CN)<sub>6</sub><sup>3-</sup> and Mo(CN)<sub>6</sub><sup>3-</sup>,2003,lirias.kuleuven.be,https://lirias.kuleuven.be/handle/123456789/30147,"HTML landing page, not a PDF",W2027804365,ValueError: response is not a PDF (probably an HTML landing page)
10.1021/jacs.8b05877,https://doi.org/10.1021/jacs.8b05877,Spectroscopic Identification of the α-Fe/α-O Active Site in Fe-CHA Zeolite for the Low-Temperature Activation of the Methane C–H Bond,2018,lirias.kuleuven.be,https://lirias.kuleuven.be/handle/123456789/627672,"HTML landing page, not a PDF",W2888972298,ValueError: response is not a PDF (probably an HTML landing page)
10.1039/c8cp03078b,https://doi.org/10.1039/c8cp03078b,The dioxygen adducts of iron and manganese porphyrins: electronic structure and binding energy,2018,lirias.kuleuven.be,https://lirias.kuleuven.be/handle/123456789/626734,"HTML landing page, not a PDF",W2806498859,ValueError: response is not a PDF (probably an HTML landing page)
10.1016/j.jinorgbio.2004.11.008,https://doi.org/10.1016/j.jinorgbio.2004.11.008,"O2-binding to heme: electronic structure and spectrum of oxyheme, studied by multiconfigurational methods",2004,lup.lub.lu.se,https://lup.lub.lu.se/record/141613,"HTML landing page, not a PDF",W2172344104,ValueError: response is not a PDF (probably an HTML landing page)
10.1016/s1380-7323(01)80002-9,https://doi.org/10.1016/s1380-7323(01)80002-9,The structure and function of blue copper proteins,2001,lup.lub.lu.se,https://lup.lub.lu.se/record/8d04f0fa-6996-4e46-983e-cb82598bf22a,"HTML landing page, not a PDF",W1604852166,ValueError: response is not a PDF (probably an HTML landing page)
10.1021/ic0619512,https://doi.org/10.1021/ic0619512,Multireference Ab Initio Calculations on Reaction Intermediates of the Multicopper Oxidases,2006,lup.lub.lu.se,https://lup.lub.lu.se/record/681662,"HTML landing page, not a PDF",W1996439360,ValueError: response is not a PDF (probably an HTML landing page)
10.1039/c004476h,https://doi.org/10.1039/c004476h,Reductive cleavage of the O–O bond in multicopper oxidases: a QM/MM and QM study,2010,lup.lub.lu.se,https://lup.lub.lu.se/record/1773882,"HTML landing page, not a PDF",W2103477875,ValueError: response is not a PDF (probably an HTML landing page)
10.6060/mhc201026z,https://doi.org/10.6060/mhc201026z,"Complexes of Ca(II), Ni(II) and Zn(II) with Hemi- and Dicarbahemiporphyrazines: Molecular Structure and Features of Metal-Ligand Bonding",2021,macroheterocycles.isuct.ru,https://macroheterocycles.isuct.ru/en/system/files/mhc201026z.pdf,timeout,W3204408852,"1 PDF location(s) + Europe PMC tried; ConnectTimeout: HTTPSConnectionPool(host='macroheterocycles.isuct.ru', port=443): Max retries exceeded with url: /en/system/files/mhc201026z.pdf (Caused by ConnectTimeoutError(<HTTPSConnection(host='macroheterocycles.isuct.ru', port=443) at 0x7fb149fdd000>, 'Con"
10.1063/1.5142622,https://doi.org/10.1063/1.5142622,A multireference coupled-electron pair approximation combined with complete-active space perturbation theory in local pair-natural orbital framework,2020,nagoya.repo.nii.ac.jp,https://nagoya.repo.nii.ac.jp/records/30332,"HTML landing page, not a PDF",W3010737543,ValueError: response is not a PDF (probably an HTML landing page)
10.48550/arxiv.0909.2215,https://doi.org/10.48550/arxiv.0909.2215,Intramolecular charge ordering in the multi molecular orbital system (TTM-TTP)I_3,2009,nagoya.repo.nii.ac.jp,https://nagoya.repo.nii.ac.jp/records/12285,no fetchable PDF and no Europe PMC full text,W2809584965,0 PDF location(s) + Europe PMC tried; no Europe PMC OA full text
10.18419/opus-18210,https://doi.org/10.18419/opus-18210,Theoretical understanding of molecular magnetic properties : mono- and dinuclear single-molecule magnets based on cobalt,2026,nbn-resolving.de,http://nbn-resolving.de/urn:nbn:de:bsz:93-opus-ds-182290,"HTML landing page, not a PDF",W7162694241,ValueError: response is not a PDF (probably an HTML landing page)
10.18419/opus-709,https://doi.org/10.18419/opus-709,Relativistische Pseudopotentiale für Hauptgruppenelemente,2002,nbn-resolving.de,http://nbn-resolving.de/urn:nbn:de:bsz:93-opus-10105,"HTML landing page, not a PDF",W1561449059,ValueError: response is not a PDF (probably an HTML landing page)
10.1039/c4fd00163j,https://doi.org/10.1039/c4fd00163j,Vibronic structure in the far-UV electronic circular dichroism spectra of proteins,2014,nottingham-repository.worktribe.com,https://nottingham-repository.worktribe.com/output/1107931,HTTP 403 (publisher blocks scripted clients),W2108034084,HTTPError: 403 Client Error: Forbidden for url: https://nottingham-repository.worktribe.com/output/1107931
10.1002/(sici)1097-461x(1997)65:2<167::aid-qua8>3.0.co;2-u,https://doi.org/10.1002/(sici)1097-461x(1997)65:2<167::aid-qua8>3.0.co;2-u,Solvent effects on electronic spectra studied by multiconfigurational perturbation theory,1997,onlinelibrary.wiley.com,https://onlinelibrary.wiley.com/doi/pdfdirect/10.1002/%28SICI%291097-461X%281997%2965%3A2%3C167%3A%3AAID-QUA8%3E3.0.CO%3B2-U,HTTP 403 (publisher blocks scripted clients),W2019880052,HTTPError: 403 Client Error: Forbidden for url: https://onlinelibrary.wiley.com/doi/pdfdirect/10.1002/%28SICI%291097-461X%281997%2965%3A2%3C167%3A%3AAID-QUA8%3E3.0.CO%3B2-U
10.1002/(sici)1097-461x(1999)72:1<25::aid-qua3>3.0.co;2-z,https://doi.org/10.1002/(sici)1097-461x(1999)72:1<25::aid-qua3>3.0.co;2-z,A CASSCF study on the lowest ???* excitation of urocanic acid,1999,onlinelibrary.wiley.com,https://onlinelibrary.wiley.com/doi/pdfdirect/10.1002/%28SICI%291097-461X%281999%2972%3A1%3C25%3A%3AAID-QUA3%3E3.0.CO%3B2-Z,HTTP 403 (publisher blocks scripted clients),W2029366137,1 PDF location(s) + Europe PMC tried; HTTPError: 403 Client Error: Forbidden for url: https://onlinelibrary.wiley.com/doi/pdfdirect/10.1002/%28SICI%291097-461X%281999%2972%3A1%3C25%3A%3AAID-QUA3%3E3.0.CO%3B2-Z | no Europe PMC OA full text
10.1002/1521-3765(20020315)8:6<1290::aid-chem1290>3.0.co;2-k,https://doi.org/10.1002/1521-3765(20020315)8:6<1290::aid-chem1290>3.0.co;2-k,"Mechanism of the Forbidden [3s,5s]-Sigmatropic Shift: Orbital Symmetry Influences Stepwise Mechanisms Involving Diradical Intermediates",2002,onlinelibrary.wiley.com,https://onlinelibrary.wiley.com/doi/pdfdirect/10.1002/1521-3765%2820020315%298%3A6%3C1290%3A%3AAID-CHEM1290%3E3.0.CO%3B2-K,HTTP 403 (publisher blocks scripted clients),W2082315169,HTTPError: 403 Client Error: Forbidden for url: https://onlinelibrary.wiley.com/doi/pdfdirect/10.1002/1521-3765%2820020315%298%3A6%3C1290%3A%3AAID-CHEM1290%3E3.0.CO%3B2-K
10.1002/9780470141526.indsub,https://doi.org/10.1002/9780470141526.indsub,Subject Index,1996,onlinelibrary.wiley.com,https://onlinelibrary.wiley.com/doi/pdfdirect/10.1002/9780470141526.indsub,HTTP 403 (publisher blocks scripted clients),W4214508048,HTTPError: 403 Client Error: Forbidden for url: https://onlinelibrary.wiley.com/doi/pdfdirect/10.1002/9780470141526.indsub
10.1002/adom.202570063,https://doi.org/10.1002/adom.202570063,Discovery of Novel Iridium(III) Complex‐Based Photofunctional Materials Using Excited‐State Descriptors (Advanced Optical Materials 7/2025),2025,onlinelibrary.wiley.com,https://onlinelibrary.wiley.com/doi/pdfdirect/10.1002/adom.202570063,HTTP 403 (publisher blocks scripted clients),W4408321162,1 PDF location(s) + Europe PMC tried; HTTPError: 403 Client Error: Forbidden for url: https://onlinelibrary.wiley.com/doi/pdfdirect/10.1002/adom.202570063 | no Europe PMC OA full text
10.1002/ange.201508961,https://doi.org/10.1002/ange.201508961,The Electronic Spectrum of the Fulvenallenyl Radical,2015,onlinelibrary.wiley.com,https://onlinelibrary.wiley.com/doi/pdfdirect/10.1002/ange.201508961,HTTP 403 (publisher blocks scripted clients),W4231119855,HTTPError: 403 Client Error: Forbidden for url: https://onlinelibrary.wiley.com/doi/pdfdirect/10.1002/ange.201508961
10.1002/ange.202011337,https://doi.org/10.1002/ange.202011337,The Optical Spectrum of Au<sub>2</sub><sup>+</sup>,2020,onlinelibrary.wiley.com,https://onlinelibrary.wiley.com/doi/pdfdirect/10.1002/ange.202011337,HTTP 403 (publisher blocks scripted clients),W3083614423,1 PDF location(s) + Europe PMC tried; HTTPError: 403 Client Error: Forbidden for url: https://onlinelibrary.wiley.com/doi/pdfdirect/10.1002/ange.202011337 | no Europe PMC OA full text
10.1002/ange.202016653,https://doi.org/10.1002/ange.202016653,Activation of 2‐Cyclohexenone by BF<sub>3</sub> Coordination: Mechanistic Insights from Theory and Experiment,2021,onlinelibrary.wiley.com,https://onlinelibrary.wiley.com/doi/pdfdirect/10.1002/ange.202016653,HTTP 403 (publisher blocks scripted clients),W4253472062,HTTPError: 403 Client Error: Forbidden for url: https://onlinelibrary.wiley.com/doi/pdfdirect/10.1002/ange.202016653
10.1002/ange.202207415,https://doi.org/10.1002/ange.202207415,Isolierung eines Arsendiradikaloids mit einem zyklischen C<sub>2</sub>As<sub>2</sub>‐Gerüst,2022,onlinelibrary.wiley.com,https://onlinelibrary.wiley.com/doi/pdfdirect/10.1002/ange.202207415,HTTP 403 (publisher blocks scripted clients),W4281689755,1 PDF location(s) + Europe PMC tried; HTTPError: 403 Client Error: Forbidden for url: https://onlinelibrary.wiley.com/doi/pdfdirect/10.1002/ange.202207415 | no Europe PMC OA full text
10.1002/ange.202215840,https://doi.org/10.1002/ange.202215840,Fully Delocalized Mixed‐Valent Cu<sup>1.5</sup>Cu<sup>1.5</sup> Complex: Strong Cu‐Cu interaction and Fast Electron Self‐Exchange Rate Despite Large Structural Changes**,2022,onlinelibrary.wiley.com,https://onlinelibrary.wiley.com/doi/pdfdirect/10.1002/ange.202215840,HTTP 403 (publisher blocks scripted clients),W4312125967,1 PDF location(s) + Europe PMC tried; HTTPError: 403 Client Error: Forbidden for url: https://onlinelibrary.wiley.com/doi/pdfdirect/10.1002/ange.202215840 | no Europe PMC OA full text
10.1002/ange.202216003,https://doi.org/10.1002/ange.202216003,"Isolierung eines anellierten 1,4‐Distibabenzol‐Diradikaloids",2023,onlinelibrary.wiley.com,https://onlinelibrary.wiley.com/doi/pdfdirect/10.1002/ange.202216003,HTTP 403 (publisher blocks scripted clients),W4313596191,1 PDF location(s) + Europe PMC tried; HTTPError: 403 Client Error: Forbidden for url: https://onlinelibrary.wiley.com/doi/pdfdirect/10.1002/ange.202216003 | no Europe PMC OA full text
10.1002/ange.202316300,https://doi.org/10.1002/ange.202316300,Structural Control of Highly Efficient Thermally Activated Delayed Fluorescence in Carbene Zinc(II) Dithiolates**,2023,onlinelibrary.wiley.com,https://onlinelibrary.wiley.com/doi/pdfdirect/10.1002/ange.202316300,HTTP 403 (publisher blocks scripted clients),W4389478014,HTTPError: 403 Client Error: Forbidden for url: https://onlinelibrary.wiley.com/doi/pdfdirect/10.1002/ange.202316300
10.1002/ange.202400927,https://doi.org/10.1002/ange.202400927,Comments on “Planar Tetracoordinate Hydrogen: Pushing the Limit of Multicentre Bonding”,2024,onlinelibrary.wiley.com,https://onlinelibrary.wiley.com/doi/pdfdirect/10.1002/ange.202400927,HTTP 403 (publisher blocks scripted clients),W4393947815,HTTPError: 403 Client Error: Forbidden for url: https://onlinelibrary.wiley.com/doi/pdfdirect/10.1002/ange.202400927
10.1002/anie.200603306,https://doi.org/10.1002/anie.200603306,Origin of Spectral Tuning in Rhodopsin—It Is Not the Binding Pocket,2006,onlinelibrary.wiley.com,https://onlinelibrary.wiley.com/doi/pdfdirect/10.1002/anie.200603306,HTTP 403 (publisher blocks scripted clients),W2136327310,HTTPError: 403 Client Error: Forbidden for url: https://onlinelibrary.wiley.com/doi/pdfdirect/10.1002/anie.200603306
10.1002/anie.202316300,https://doi.org/10.1002/anie.202316300,Structural Control of Highly Efficient Thermally Activated Delayed Fluorescence in Carbene Zinc(II) Dithiolates**,2023,onlinelibrary.wiley.com,https://onlinelibrary.wiley.com/doi/pdfdirect/10.1002/anie.202316300,HTTP 403 (publisher blocks scripted clients),W4389490470,HTTPError: 403 Client Error: Forbidden for url: https://onlinelibrary.wiley.com/doi/pdfdirect/10.1002/anie.202316300
10.1002/anie.202400927,https://doi.org/10.1002/anie.202400927,Comments on “Planar Tetracoordinate Hydrogen: Pushing the Limit of Multicentre Bonding”,2024,onlinelibrary.wiley.com,https://onlinelibrary.wiley.com/doi/pdfdirect/10.1002/anie.202400927,HTTP 403 (publisher blocks scripted clients),W4393945451,HTTPError: 403 Client Error: Forbidden for url: https://onlinelibrary.wiley.com/doi/pdfdirect/10.1002/anie.202400927
10.1002/anie.202403214,https://doi.org/10.1002/anie.202403214,Reply to the Comments on Planar Tetracoordinate Hydrogen: Pushing the Limit of Multicentre Bonding,2024,onlinelibrary.wiley.com,https://onlinelibrary.wiley.com/doi/pdfdirect/10.1002/anie.202403214,HTTP 403 (publisher blocks scripted clients),W4393069809,HTTPError: 403 Client Error: Forbidden for url: https://onlinelibrary.wiley.com/doi/pdfdirect/10.1002/anie.202403214
10.1002/chem.201704727,https://doi.org/10.1002/chem.201704727,Redox‐Dependent Metal−Metal Bonding in Trinuclear Metal Chains: Probing the Transition from Covalent Bonding to Exchange Coupling,2017,onlinelibrary.wiley.com,https://onlinelibrary.wiley.com/doi/pdfdirect/10.1002/chem.201704727,HTTP 403 (publisher blocks scripted clients),W2801528312,HTTPError: 403 Client Error: Forbidden for url: https://onlinelibrary.wiley.com/doi/pdfdirect/10.1002/chem.201704727
10.1002/chem.201705307,https://doi.org/10.1002/chem.201705307,Detection of Indistinct Fe−N Stretching Bands in Iron(V) Nitrides by Photodissociation Spectroscopy,2018,onlinelibrary.wiley.com,https://onlinelibrary.wiley.com/doi/pdfdirect/10.1002/chem.201705307,HTTP 403 (publisher blocks scripted clients),W2799559418,HTTPError: 403 Client Error: Forbidden for url: https://onlinelibrary.wiley.com/doi/pdfdirect/10.1002/chem.201705307
10.1002/chem.201803298,https://doi.org/10.1002/chem.201803298,Experimental and Theoretical Study on the Cycloreversion of a Nucleobase‐Derived Azetidine by Photoinduced Electron Transfer,2018,onlinelibrary.wiley.com,https://onlinelibrary.wiley.com/doi/pdfdirect/10.1002/chem.201803298,HTTP 403 (publisher blocks scripted clients),W2884056247,HTTPError: 403 Client Error: Forbidden for url: https://onlinelibrary.wiley.com/doi/pdfdirect/10.1002/chem.201803298
10.1002/chem.201804158,https://doi.org/10.1002/chem.201804158,Cover Feature: An Isolated Molecule of Iron(II) Phthalocyanin Exhibits Quintet Ground‐State: A Nexus between Theory and Experiment (Chem. Eur. J. 51/2018),2018,onlinelibrary.wiley.com,https://onlinelibrary.wiley.com/doi/pdfdirect/10.1002/chem.201804158,HTTP 403 (publisher blocks scripted clients),W2891863491,HTTPError: 403 Client Error: Forbidden for url: https://onlinelibrary.wiley.com/doi/pdfdirect/10.1002/chem.201804158
10.1002/chem.202003230,https://doi.org/10.1002/chem.202003230,Corrigendum: Understanding the Role of Solvents and Spin–Orbit Coupling in an Oxygen‐Assisted S<sub>N</sub>2‐Type Oxidative Transmetalation Reaction,2020,onlinelibrary.wiley.com,https://onlinelibrary.wiley.com/doi/pdfdirect/10.1002/chem.202003230,HTTP 403 (publisher blocks scripted clients),W3045986394,HTTPError: 403 Client Error: Forbidden for url: https://onlinelibrary.wiley.com/doi/pdfdirect/10.1002/chem.202003230
10.1002/chem.202086262,https://doi.org/10.1002/chem.202086262,"Frontispiece: Role of Coordination Number and Geometry in Controlling the Magnetic Anisotropy in Fe<sup>II</sup>, Co<sup>II</sup>, and Ni<sup>II</sup> Single‐Ion Magnets",2020,onlinelibrary.wiley.com,https://onlinelibrary.wiley.com/doi/pdfdirect/10.1002/chem.202086262,HTTP 403 (publisher blocks scripted clients),W4229691386,1 PDF location(s) + Europe PMC tried; HTTPError: 403 Client Error: Forbidden for url: https://onlinelibrary.wiley.com/doi/pdfdirect/10.1002/chem.202086262 | no Europe PMC OA full text
10.1002/chem.202203980,https://doi.org/10.1002/chem.202203980,An Air‐ and Moisture‐stable Zinc(II) Carbene Dithiolate Dimer Showing Fast Thermally Activated Delayed Fluorescence and Dexter Energy Transfer Catalysis**,2023,onlinelibrary.wiley.com,https://onlinelibrary.wiley.com/doi/pdfdirect/10.1002/chem.202203980,HTTP 403 (publisher blocks scripted clients),W4315927737,HTTPError: 403 Client Error: Forbidden for url: https://onlinelibrary.wiley.com/doi/pdfdirect/10.1002/chem.202203980
10.1002/chem.202300446,https://doi.org/10.1002/chem.202300446,"Quest of Quadruple Bonding Between Two Main‐Group Atoms in AeB<sup>−</sup> and AeC (Ae=Ca, Sr, Ba) and the Role of d Orbitals of Heavier Alkaline‐Earth Atoms in Covalent Interactions",2023,onlinelibrary.wiley.com,https://onlinelibrary.wiley.com/doi/pdfdirect/10.1002/chem.202300446,HTTP 403 (publisher blocks scripted clients),W4323530934,HTTPError: 403 Client Error: Forbidden for url: https://onlinelibrary.wiley.com/doi/pdfdirect/10.1002/chem.202300446
10.1002/chem.202301114,https://doi.org/10.1002/chem.202301114,"3‐Ligated Phenothiazinyl‐terephthalonitrile Dyads and Triads ‐ Synthesis, Electronic Properties, Delayed Fluorescence and Electronic Structure",2023,onlinelibrary.wiley.com,https://onlinelibrary.wiley.com/doi/pdfdirect/10.1002/chem.202301114,HTTP 403 (publisher blocks scripted clients),W4376132403,HTTPError: 403 Client Error: Forbidden for url: https://onlinelibrary.wiley.com/doi/pdfdirect/10.1002/chem.202301114
10.1002/chem.202400714,https://doi.org/10.1002/chem.202400714,"Multiple Bonding in AeN<sup>−</sup> (Ae=Ca, Sr, Ba)",2024,onlinelibrary.wiley.com,https://onlinelibrary.wiley.com/doi/pdfdirect/10.1002/chem.202400714,HTTP 403 (publisher blocks scripted clients),W4394848237,HTTPError: 403 Client Error: Forbidden for url: https://onlinelibrary.wiley.com/doi/pdfdirect/10.1002/chem.202400714
10.1002/chem.202401015,https://doi.org/10.1002/chem.202401015,"Investigation of Isolated IrF<sub>5</sub><sup>−</sup>, IrF<sub>6</sub><sup>−</sup> Anions and M[IrF<sub>6</sub>] (M=Na, K, Rb, Cs) Ion Pairs by Matrix‐Isolation Spectroscopy and Relativistic Quantum‐Chemical Calculations",2024,onlinelibrary.wiley.com,https://onlinelibrary.wiley.com/doi/pdfdirect/10.1002/chem.202401015,HTTP 403 (publisher blocks scripted clients),W4394815048,HTTPError: 403 Client Error: Forbidden for url: https://onlinelibrary.wiley.com/doi/pdfdirect/10.1002/chem.202401015
10.1002/chem.202401835,https://doi.org/10.1002/chem.202401835,The Excited State Dynamics of a Mutagenic Guanosine Etheno Adduct Investigated by Femtosecond Fluorescence Spectroscopy and Quantum Mechanical Calculations,2024,onlinelibrary.wiley.com,https://onlinelibrary.wiley.com/doi/pdfdirect/10.1002/chem.202401835,HTTP 403 (publisher blocks scripted clients),W4399603030,HTTPError: 403 Client Error: Forbidden for url: https://onlinelibrary.wiley.com/doi/pdfdirect/10.1002/chem.202401835
10.1002/chem.202503332,https://doi.org/10.1002/chem.202503332,Ambident Reactivity in the Phenyl + NO Radical Recombination,2026,onlinelibrary.wiley.com,https://onlinelibrary.wiley.com/doi/pdfdirect/10.1002/chem.202503332,HTTP 403 (publisher blocks scripted clients),W7126213426,HTTPError: 403 Client Error: Forbidden for url: https://onlinelibrary.wiley.com/doi/pdfdirect/10.1002/chem.202503332
10.1002/cphc.200400464,https://doi.org/10.1002/cphc.200400464,Theoretical Study of the Electronic Excited States of Tetracyanoethylene and Its Radical Anion,2005,onlinelibrary.wiley.com,https://onlinelibrary.wiley.com/doi/pdfdirect/10.1002/cphc.200400464,HTTP 403 (publisher blocks scripted clients),W2131846536,HTTPError: 403 Client Error: Forbidden for url: https://onlinelibrary.wiley.com/doi/pdfdirect/10.1002/cphc.200400464
10.1002/cphc.200900654,https://doi.org/10.1002/cphc.200900654,Ultrafast Decay of the Excited Singlet States of Thioxanthone by Internal Conversion and Intersystem Crossing,2010,onlinelibrary.wiley.com,https://onlinelibrary.wiley.com/doi/pdfdirect/10.1002/cphc.200900654,HTTP 403 (publisher blocks scripted clients),W2167727671,HTTPError: 403 Client Error: Forbidden for url: https://onlinelibrary.wiley.com/doi/pdfdirect/10.1002/cphc.200900654
10.1002/cphc.201090090,https://doi.org/10.1002/cphc.201090090,Inside Cover: Photochemistry of Methyl Ethyl Ketone: Quantum Yields and S<sub>1</sub>/S<sub>0</sub>‐Diradical Mechanism of Photodissociation (ChemPhysChem 18/2010),2010,onlinelibrary.wiley.com,https://onlinelibrary.wiley.com/doi/pdfdirect/10.1002/cphc.201090090,HTTP 403 (publisher blocks scripted clients),W2042579418,HTTPError: 403 Client Error: Forbidden for url: https://onlinelibrary.wiley.com/doi/pdfdirect/10.1002/cphc.201090090
10.1002/cptc.201800169,https://doi.org/10.1002/cptc.201800169,The Role of Electronic Triplet States and High‐Lying Singlet States in the Deactivation Mechanism of the Parent BODIPY: An ADC(2) and CASPT2 Study,2018,onlinelibrary.wiley.com,https://onlinelibrary.wiley.com/doi/pdfdirect/10.1002/cptc.201800169,HTTP 403 (publisher blocks scripted clients),W2894906811,HTTPError: 403 Client Error: Forbidden for url: https://onlinelibrary.wiley.com/doi/pdfdirect/10.1002/cptc.201800169
10.1002/cptc.201900107,https://doi.org/10.1002/cptc.201900107,The Absorption Spectrum of Guanine Based Radicals: a Comparative Computational Analysis,2019,onlinelibrary.wiley.com,https://onlinelibrary.wiley.com/doi/pdfdirect/10.1002/cptc.201900107,HTTP 403 (publisher blocks scripted clients),W2949005518,HTTPError: 403 Client Error: Forbidden for url: https://onlinelibrary.wiley.com/doi/pdfdirect/10.1002/cptc.201900107
10.1002/cptc.201900214,https://doi.org/10.1002/cptc.201900214,Cover Feature: The Role of Electronic Triplet States and High‐Lying Singlet States in the Deactivation Mechanism of the Parent BODIPY: An ADC(2) and CASPT2 Study (ChemPhotoChem 9/2019),2019,onlinelibrary.wiley.com,https://onlinelibrary.wiley.com/doi/pdfdirect/10.1002/cptc.201900214,HTTP 403 (publisher blocks scripted clients),W2974521478,HTTPError: 403 Client Error: Forbidden for url: https://onlinelibrary.wiley.com/doi/pdfdirect/10.1002/cptc.201900214
10.1002/cptc.202000305,https://doi.org/10.1002/cptc.202000305,Can Hydrated Electrons be Produced from Water with Visible Light?,2021,onlinelibrary.wiley.com,https://onlinelibrary.wiley.com/doi/pdfdirect/10.1002/cptc.202000305,HTTP 403 (publisher blocks scripted clients),W3134956507,HTTPError: 403 Client Error: Forbidden for url: https://onlinelibrary.wiley.com/doi/pdfdirect/10.1002/cptc.202000305
10.1002/cptc.202300058,https://doi.org/10.1002/cptc.202300058,Cover Feature: Norbornadiene/Quadricyclane System in the Spotlight: The Role of Rydberg States and Dynamic Electronic Correlation in a Solar‐Thermal Building Block (ChemPhotoChem 4/2023),2023,onlinelibrary.wiley.com,https://onlinelibrary.wiley.com/doi/pdfdirect/10.1002/cptc.202300058,HTTP 403 (publisher blocks scripted clients),W4362582836,1 PDF location(s) + Europe PMC tried; HTTPError: 403 Client Error: Forbidden for url: https://onlinelibrary.wiley.com/doi/pdfdirect/10.1002/cptc.202300058 | no Europe PMC OA full text
10.1002/cptc.202400070,https://doi.org/10.1002/cptc.202400070,Theoretical and Experimental Evaluation of the Electronic Relaxation Mechanisms of 2‐Pyrimidinone: The Primary UVA Absorbing Moiety of the DNA and RNA (6–4) Photolesion,2024,onlinelibrary.wiley.com,https://onlinelibrary.wiley.com/doi/pdfdirect/10.1002/cptc.202400070,HTTP 403 (publisher blocks scripted clients),W4400186689,HTTPError: 403 Client Error: Forbidden for url: https://onlinelibrary.wiley.com/doi/pdfdirect/10.1002/cptc.202400070
10.1002/ejoc.202201370,https://doi.org/10.1002/ejoc.202201370,Sulfur Monoxide Release and Capture: A Computational Study,2023,onlinelibrary.wiley.com,https://onlinelibrary.wiley.com/doi/pdfdirect/10.1002/ejoc.202201370,HTTP 403 (publisher blocks scripted clients),W4318071372,HTTPError: 403 Client Error: Forbidden for url: https://onlinelibrary.wiley.com/doi/pdfdirect/10.1002/ejoc.202201370
10.1002/ejoc.202301226,https://doi.org/10.1002/ejoc.202301226,Substituent Effects on the Electronic Ground State (Singlet <i>versus</i> Triplet) of Indenyl Cations: DFT and CASPT2 Studies,2024,onlinelibrary.wiley.com,https://onlinelibrary.wiley.com/doi/pdfdirect/10.1002/ejoc.202301226,HTTP 403 (publisher blocks scripted clients),W4390614604,HTTPError: 403 Client Error: Forbidden for url: https://onlinelibrary.wiley.com/doi/pdfdirect/10.1002/ejoc.202301226
10.1002/jcc.20887,https://doi.org/10.1002/jcc.20887,Computational studies on the dimers and the thermal dimerization of norbornadiene,2007,onlinelibrary.wiley.com,https://onlinelibrary.wiley.com/doi/pdfdirect/10.1002/jcc.20887,HTTP 403 (publisher blocks scripted clients),W2098244433,HTTPError: 403 Client Error: Forbidden for url: https://onlinelibrary.wiley.com/doi/pdfdirect/10.1002/jcc.20887
10.1002/jcc.23071,https://doi.org/10.1002/jcc.23071,Quantum monte carlo study of the retinal minimal model C<sub>5</sub>H<sub>6</sub>NH<sub>2</sub><sup>+</sup>,2012,onlinelibrary.wiley.com,https://onlinelibrary.wiley.com/doi/pdfdirect/10.1002/jcc.23071,HTTP 403 (publisher blocks scripted clients),W1966911996,HTTPError: 403 Client Error: Forbidden for url: https://onlinelibrary.wiley.com/doi/pdfdirect/10.1002/jcc.23071
10.1002/jcc.23666,https://doi.org/10.1002/jcc.23666,A two‐scale approach to electron correlation in multiconfigurational perturbation theory,2014,onlinelibrary.wiley.com,https://onlinelibrary.wiley.com/doi/pdfdirect/10.1002/jcc.23666,HTTP 403 (publisher blocks scripted clients),W2155211365,HTTPError: 403 Client Error: Forbidden for url: https://onlinelibrary.wiley.com/doi/pdfdirect/10.1002/jcc.23666
10.1002/jcc.23692,https://doi.org/10.1002/jcc.23692,"Cover Image, Volume 35, Issue 22",2014,onlinelibrary.wiley.com,https://onlinelibrary.wiley.com/doi/pdfdirect/10.1002/jcc.23692,HTTP 403 (publisher blocks scripted clients),W4244515548,HTTPError: 403 Client Error: Forbidden for url: https://onlinelibrary.wiley.com/doi/pdfdirect/10.1002/jcc.23692
10.1002/jcc.26375,https://doi.org/10.1002/jcc.26375,Conformers of dehydrogenated glycine isomers,2020,onlinelibrary.wiley.com,https://onlinelibrary.wiley.com/doi/pdfdirect/10.1002/jcc.26375,HTTP 403 (publisher blocks scripted clients),W3037764502,HTTPError: 403 Client Error: Forbidden for url: https://onlinelibrary.wiley.com/doi/pdfdirect/10.1002/jcc.26375
10.1002/jcc.27093,https://doi.org/10.1002/jcc.27093,Excited states of <scp>ortho‐nitrobenzaldehyde</scp> as a challenging case for single‐ and <scp>multi‐reference</scp> electronic structure theory,2023,onlinelibrary.wiley.com,https://onlinelibrary.wiley.com/doi/pdfdirect/10.1002/jcc.27093,HTTP 403 (publisher blocks scripted clients),W4321749101,HTTPError: 403 Client Error: Forbidden for url: https://onlinelibrary.wiley.com/doi/pdfdirect/10.1002/jcc.27093
10.1002/jcc.27194,https://doi.org/10.1002/jcc.27194,Photophysics of <scp><sup>tz</sup>Adenine</scp> and <scp><sup>tz</sup>Guanine</scp> fluorescent nucleobases embedded into <scp>DNA</scp> and <scp>RNA</scp>,2023,onlinelibrary.wiley.com,https://onlinelibrary.wiley.com/doi/pdfdirect/10.1002/jcc.27194,HTTP 403 (publisher blocks scripted clients),W4385185889,HTTPError: 403 Client Error: Forbidden for url: https://onlinelibrary.wiley.com/doi/pdfdirect/10.1002/jcc.27194
10.1002/jcc.27372,https://doi.org/10.1002/jcc.27372,"Ab initio multireference calculation of electronic spectra of the osmium complexes, [Os(bpy) 3] 2+ and [Os(phen) 3] 2+",2024,onlinelibrary.wiley.com,https://onlinelibrary.wiley.com/doi/pdfdirect/10.1002/jcc.27372,HTTP 403 (publisher blocks scripted clients),W4395011897,HTTPError: 403 Client Error: Forbidden for url: https://onlinelibrary.wiley.com/doi/pdfdirect/10.1002/jcc.27372
10.1002/jppr.1945,https://doi.org/10.1002/jppr.1945,Impact of Home Medicines Review on medication regimen complexity,2024,onlinelibrary.wiley.com,https://onlinelibrary.wiley.com/doi/pdfdirect/10.1002/jppr.1945,HTTP 403 (publisher blocks scripted clients),W4404669615,HTTPError: 403 Client Error: Forbidden for url: https://onlinelibrary.wiley.com/doi/pdfdirect/10.1002/jppr.1945
10.1002/jppr.70013,https://doi.org/10.1002/jppr.70013,"Is medication regimen complexity often overlooked, and what can we do about it?",2025,onlinelibrary.wiley.com,https://onlinelibrary.wiley.com/doi/pdfdirect/10.1002/jppr.70013,HTTP 403 (publisher blocks scripted clients),W4409339372,HTTPError: 403 Client Error: Forbidden for url: https://onlinelibrary.wiley.com/doi/pdfdirect/10.1002/jppr.70013
10.1002/qua.1320,https://doi.org/10.1002/qua.1320,Theoretical studies on the spectroscopy of the 7‐azaindole monomer and dimer,2001,onlinelibrary.wiley.com,https://onlinelibrary.wiley.com/doi/pdfdirect/10.1002/qua.1320,HTTP 403 (publisher blocks scripted clients),W2154344457,HTTPError: 403 Client Error: Forbidden for url: https://onlinelibrary.wiley.com/doi/pdfdirect/10.1002/qua.1320
10.1002/qua.22646,https://doi.org/10.1002/qua.22646,A theoretical study of semiclassic models: Toward a quantum mechanical representation of chemical processes,2010,onlinelibrary.wiley.com,https://onlinelibrary.wiley.com/doi/pdfdirect/10.1002/qua.22646,HTTP 403 (publisher blocks scripted clients),W2043900382,HTTPError: 403 Client Error: Forbidden for url: https://onlinelibrary.wiley.com/doi/pdfdirect/10.1002/qua.22646
10.1002/qua.23029,https://doi.org/10.1002/qua.23029,Transition metals compounds: Outstanding challenges for multiconfigurational methods,2011,onlinelibrary.wiley.com,https://onlinelibrary.wiley.com/doi/pdfdirect/10.1002/qua.23029,HTTP 403 (publisher blocks scripted clients),W1993550046,HTTPError: 403 Client Error: Forbidden for url: https://onlinelibrary.wiley.com/doi/pdfdirect/10.1002/qua.23029
10.1002/qua.23115,https://doi.org/10.1002/qua.23115,Björn Olof Roos (1937–2010),2011,onlinelibrary.wiley.com,https://onlinelibrary.wiley.com/doi/pdfdirect/10.1002/qua.23115,HTTP 403 (publisher blocks scripted clients),W2036214657,HTTPError: 403 Client Error: Forbidden for url: https://onlinelibrary.wiley.com/doi/pdfdirect/10.1002/qua.23115
10.1002/qua.24377,https://doi.org/10.1002/qua.24377,"Inside Cover, Volume 113, Issue 3",2012,onlinelibrary.wiley.com,https://onlinelibrary.wiley.com/doi/pdfdirect/10.1002/qua.24377,HTTP 403 (publisher blocks scripted clients),W4242537354,HTTPError: 403 Client Error: Forbidden for url: https://onlinelibrary.wiley.com/doi/pdfdirect/10.1002/qua.24377
10.1002/qua.27120,https://doi.org/10.1002/qua.27120,Thermal isomerization of phenylazoindoles: Inversion or rotation? That is the question,2023,onlinelibrary.wiley.com,https://onlinelibrary.wiley.com/doi/pdfdirect/10.1002/qua.27120,HTTP 403 (publisher blocks scripted clients),W4361204847,HTTPError: 403 Client Error: Forbidden for url: https://onlinelibrary.wiley.com/doi/pdfdirect/10.1002/qua.27120
10.1002/qua.27122,https://doi.org/10.1002/qua.27122,Excited states of aurocarbons: <scp>CASPT2</scp> and <scp>CCSD</scp>(T) calculations of <scp>C<sub>2</sub>Au<sub>2</sub></scp> and <scp>C<sub>2</sub>Au<sub>4</sub></scp>,2023,onlinelibrary.wiley.com,https://onlinelibrary.wiley.com/doi/pdfdirect/10.1002/qua.27122,HTTP 403 (publisher blocks scripted clients),W4360873408,HTTPError: 403 Client Error: Forbidden for url: https://onlinelibrary.wiley.com/doi/pdfdirect/10.1002/qua.27122
10.1002/qua.27278,https://doi.org/10.1002/qua.27278,The laser‐cooling of low‐lying states of <scp>gold‐aluminum MRCI</scp>+Q study including spin‐orbit coupling,2023,onlinelibrary.wiley.com,https://onlinelibrary.wiley.com/doi/pdfdirect/10.1002/qua.27278,HTTP 403 (publisher blocks scripted clients),W4390142646,HTTPError: 403 Client Error: Forbidden for url: https://onlinelibrary.wiley.com/doi/pdfdirect/10.1002/qua.27278
10.1002/qua.27288,https://doi.org/10.1002/qua.27288,Lowest electronic states of neutral and ionic <scp>LiN</scp>,2023,onlinelibrary.wiley.com,https://onlinelibrary.wiley.com/doi/pdfdirect/10.1002/qua.27288,HTTP 403 (publisher blocks scripted clients),W4388894638,HTTPError: 403 Client Error: Forbidden for url: https://onlinelibrary.wiley.com/doi/pdfdirect/10.1002/qua.27288
10.1002/vjch.202000215,https://doi.org/10.1002/vjch.202000215,Low‐lying states of <scp>TaGe</scp><sup>−/0/+</sup> clusters from the <scp>CASPT2</scp> and <scp>DMRG‐CASPT2</scp> calculations,2021,onlinelibrary.wiley.com,https://onlinelibrary.wiley.com/doi/pdfdirect/10.1002/vjch.202000215,HTTP 403 (publisher blocks scripted clients),W3197862562,HTTPError: 403 Client Error: Forbidden for url: https://onlinelibrary.wiley.com/doi/pdfdirect/10.1002/vjch.202000215
10.1002/vjch.202200057,https://doi.org/10.1002/vjch.202200057,Low‐lying states of <scp>FeSi<sub><i>n</i></sub></scp><sup>−/0/+</sup> (<i>n</i> = 1‐2) clusters from <scp>DMRG‐CASPT2</scp> calculations,2022,onlinelibrary.wiley.com,https://onlinelibrary.wiley.com/doi/pdfdirect/10.1002/vjch.202200057,HTTP 403 (publisher blocks scripted clients),W4392706896,HTTPError: 403 Client Error: Forbidden for url: https://onlinelibrary.wiley.com/doi/pdfdirect/10.1002/vjch.202200057
10.1002/wcms.1394,https://doi.org/10.1002/wcms.1394,The DFT/MRCI method,2018,onlinelibrary.wiley.com,https://onlinelibrary.wiley.com/doi/pdfdirect/10.1002/wcms.1394,HTTP 403 (publisher blocks scripted clients),W2896476735,HTTPError: 403 Client Error: Forbidden for url: https://onlinelibrary.wiley.com/doi/pdfdirect/10.1002/wcms.1394
10.1002/wcms.1437,https://doi.org/10.1002/wcms.1437,The DFT/MRCI method,2019,onlinelibrary.wiley.com,https://onlinelibrary.wiley.com/doi/pdfdirect/10.1002/wcms.1437,HTTP 403 (publisher blocks scripted clients),W4250588630,HTTPError: 403 Client Error: Forbidden for url: https://onlinelibrary.wiley.com/doi/pdfdirect/10.1002/wcms.1437
10.1002/zaac.202100156,https://doi.org/10.1002/zaac.202100156,The Dioxygen Complexes of VO<sub>2</sub>,2021,onlinelibrary.wiley.com,https://onlinelibrary.wiley.com/doi/pdfdirect/10.1002/zaac.202100156,HTTP 403 (publisher blocks scripted clients),W3177988904,HTTPError: 403 Client Error: Forbidden for url: https://onlinelibrary.wiley.com/doi/pdfdirect/10.1002/zaac.202100156
10.1110/ps.04652804,https://doi.org/10.1110/ps.04652804,Protein simulations: The absorption spectrum of barnase point mutants,2004,onlinelibrary.wiley.com,https://onlinelibrary.wiley.com/doi/pdfdirect/10.1110/ps.04652804,HTTP 403 (publisher blocks scripted clients),W2087433019,HTTPError: 403 Client Error: Forbidden for url: https://onlinelibrary.wiley.com/doi/pdfdirect/10.1110/ps.04652804
10.1111/jgs.18867,https://doi.org/10.1111/jgs.18867,<scp>Pharmacist‐led</scp> telehealth deprescribing for people living with dementia and polypharmacy in primary care: A pilot study,2024,onlinelibrary.wiley.com,https://onlinelibrary.wiley.com/doi/pdfdirect/10.1111/jgs.18867,HTTP 403 (publisher blocks scripted clients),W4392884939,HTTPError: 403 Client Error: Forbidden for url: https://onlinelibrary.wiley.com/doi/pdfdirect/10.1111/jgs.18867
10.1111/jgs.18877,https://doi.org/10.1111/jgs.18877,Medication regimen complexity among <scp>community‐dwelling</scp> older adults with incident mild cognitive impairment or dementia,2024,onlinelibrary.wiley.com,https://onlinelibrary.wiley.com/doi/pdfdirect/10.1111/jgs.18877,HTTP 403 (publisher blocks scripted clients),W4393043196,HTTPError: 403 Client Error: Forbidden for url: https://onlinelibrary.wiley.com/doi/pdfdirect/10.1111/jgs.18877
10.1111/jgs.70311,https://doi.org/10.1111/jgs.70311,Perspectives of Older Patients on the Complexity of Medication Use,2026,onlinelibrary.wiley.com,https://onlinelibrary.wiley.com/doi/pdfdirect/10.1111/jgs.70311,HTTP 403 (publisher blocks scripted clients),W7124769546,HTTPError: 403 Client Error: Forbidden for url: https://onlinelibrary.wiley.com/doi/pdfdirect/10.1111/jgs.70311
10.1111/php.13659,https://doi.org/10.1111/php.13659,Formation of Stilbene Azo‐Dimer by Direct Irradiation of p‐Azidostilbene<sup>†</sup>,2022,onlinelibrary.wiley.com,https://onlinelibrary.wiley.com/doi/pdfdirect/10.1111/php.13659,HTTP 403 (publisher blocks scripted clients),W4281754903,HTTPError: 403 Client Error: Forbidden for url: https://onlinelibrary.wiley.com/doi/pdfdirect/10.1111/php.13659
10.1111/resp.13480,https://doi.org/10.1111/resp.13480,Therapeutic burden in interstitial lung disease: Lessons to learn,2019,onlinelibrary.wiley.com,https://onlinelibrary.wiley.com/doi/pdfdirect/10.1111/resp.13480,HTTP 403 (publisher blocks scripted clients),W2916760811,HTTPError: 403 Client Error: Forbidden for url: https://onlinelibrary.wiley.com/doi/pdfdirect/10.1111/resp.13480
10.1111/resp.13803,https://doi.org/10.1111/resp.13803,Contemporary Concise Review 2019: Interstitial lung disease,2020,onlinelibrary.wiley.com,https://onlinelibrary.wiley.com/doi/pdfdirect/10.1111/resp.13803,HTTP 403 (publisher blocks scripted clients),W3010985489,HTTPError: 403 Client Error: Forbidden for url: https://onlinelibrary.wiley.com/doi/pdfdirect/10.1111/resp.13803
10.1021/acs.jpcc.1c03278.s001,https://doi.org/10.1021/acs.jpcc.1c03278.s001,EPR of Photoexcited Triplet-State Acceptor Porphyrins,2021,ora.ox.ac.uk,https://ora.ox.ac.uk/objects/uuid:2be1a555-3031-45fe-bb9d-26be6979f5c0,no fetchable PDF and no Europe PMC full text,W3204509880,0 PDF location(s) + Europe PMC tried; no Europe PMC OA full text
10.5287/ora-vyz2okydx,https://doi.org/10.5287/ora-vyz2okydx,Metal-metal bonding in poly-metallic systems,2019,ora.ox.ac.uk,https://ora.ox.ac.uk/objects/uuid:95f6c115-e1de-40b3-8f0b-eb6ce93e78b0,"HTML landing page, not a PDF",W2997985221,1 PDF location(s) + Europe PMC tried; ValueError: not a PDF (probably an HTML landing page) | no Europe PMC OA full text
10.1039/c2fd20055d,https://doi.org/10.1039/c2fd20055d,Between ethylene and polyenes - the non-adiabatic dynamics of cis-dienes,2012,orbit.dtu.dk,https://orbit.dtu.dk/en/publications/452e8ccf-1060-4f7a-a6c9-998c94330cfc,"HTML landing page, not a PDF",W2083176628,ValueError: response is not a PDF (probably an HTML landing page)
10.1039/c4cp00977k,https://doi.org/10.1039/c4cp00977k,Hexamethylcyclopentadiene: time-resolved photoelectron spectroscopy and ab initio multiple spawning simulations,2014,orbit.dtu.dk,https://orbit.dtu.dk/en/publications/b604fa4f-41c0-481e-b732-70140abe25b8,"HTML landing page, not a PDF",W2030741806,ValueError: response is not a PDF (probably an HTML landing page)
10.5281/zenodo.3662154,https://doi.org/10.5281/zenodo.3662154,The absorption spectrum of guanine based radicals: a comparative computational analysis,2019,orbit.dtu.dk,https://orbit.dtu.dk/en/publications/d4f92874-e17c-4f74-b309-ed06979dd706,"HTML landing page, not a PDF",W4288337447,ValueError: response is not a PDF (probably an HTML landing page)
10.1016/bs.aiq.2025.03.010,https://doi.org/10.1016/bs.aiq.2025.03.010,Multistate density functional theory for local and charge-transfer tripdoublet states from triplet-free radical interactions,2025,pmc.ncbi.nlm.nih.gov,https://pmc.ncbi.nlm.nih.gov/articles/PMC12717433/,"HTML landing page, not a PDF",W4409700765,ValueError: response is not a PDF (probably an HTML landing page)
10.1016/j.japh.2022.12.028,https://doi.org/10.1016/j.japh.2022.12.028,Association between medication regimen complexity and glycemic control among patients with type 2 diabetes,2022,pmc.ncbi.nlm.nih.gov,https://pmc.ncbi.nlm.nih.gov/articles/PMC10286117/pdf/nihms-1905814.pdf,"HTML landing page, not a PDF",W4313398710,ValueError: response is not a PDF (probably an HTML landing page)
10.1021/acs.jpca.5c05208,https://doi.org/10.1021/acs.jpca.5c05208,Comparative Thermochemistry and Kinetics of Bromine and Iodine Reactions with Atmospheric Mercury,2026,pmc.ncbi.nlm.nih.gov,https://pmc.ncbi.nlm.nih.gov/articles/PMC12885108/,"HTML landing page, not a PDF",W7125682627,ValueError: response is not a PDF (probably an HTML landing page)
10.1063/5.0251418,https://doi.org/10.1063/5.0251418,Accurate and efficient prediction of double excitation energies using the particle–particle random phase approximation,2025,pmc.ncbi.nlm.nih.gov,https://pmc.ncbi.nlm.nih.gov/articles/PMC11879383/pdf/JCPSA6-000162-094101_1.pdf,"HTML landing page, not a PDF",W4408090613,ValueError: response is not a PDF (probably an HTML landing page)
10.1089/pop.2023.0168,https://doi.org/10.1089/pop.2023.0168,The Minority and Rural Coronavirus Insights Study: Design and Baseline Characteristics of a Minority Cohort,2023,pmc.ncbi.nlm.nih.gov,https://pmc.ncbi.nlm.nih.gov/articles/PMC11074439/pdf/pop.2023.0168.pdf,"HTML landing page, not a PDF",W4387661525,ValueError: response is not a PDF (probably an HTML landing page)
10.1097/ncc.0000000000001452,https://doi.org/10.1097/ncc.0000000000001452,Home Medication Regimen Complexity in Newly Diagnosed Pediatric Oncology Patients,2025,pmc.ncbi.nlm.nih.gov,https://pmc.ncbi.nlm.nih.gov/articles/PMC12230179/pdf/nihms-2051729.pdf,"HTML landing page, not a PDF",W4406163906,ValueError: response is not a PDF (probably an HTML landing page)
10.1136/ard.28.4.402,https://doi.org/10.1136/ard.28.4.402,Synovial membrane in experimentally-produced chronic haemarthrosis.,1969,pmc.ncbi.nlm.nih.gov,https://pmc.ncbi.nlm.nih.gov/articles/PMC1010508/pdf/annrheumd00237-0045.pdf,"HTML landing page, not a PDF",W2048273870,ValueError: response is not a PDF (probably an HTML landing page)
10.18553/jmcp.2013.19.5.396,https://doi.org/10.18553/jmcp.2013.19.5.396,Reducing Cardiovascular Medication Complexity in a German University Hospital: Effects of a Structured Pharmaceutical Management Intervention on Adherence,2013,pmc.ncbi.nlm.nih.gov,https://pmc.ncbi.nlm.nih.gov/articles/PMC10437592/pdf/jmcp.2013.19.5.396.pdf,"HTML landing page, not a PDF",W2293889770,ValueError: response is not a PDF (probably an HTML landing page)
10.18553/jmcp.2020.26.7.860,https://doi.org/10.18553/jmcp.2020.26.7.860,Assessing the Population-Level Correlation of Medication Regimen Complexity and Adherence Indices Using Electronic Health Records and Insurance Claims,2020,pmc.ncbi.nlm.nih.gov,https://pmc.ncbi.nlm.nih.gov/articles/PMC10391244/pdf/jmcp.2020.26.7.860.pdf,"HTML landing page, not a PDF",W3037833549,ValueError: response is not a PDF (probably an HTML landing page)
10.18553/jmcp.2022.28.4.473,https://doi.org/10.18553/jmcp.2022.28.4.473,Comparing and validating medication complexity from insurance claims against electronic health records,2022,pmc.ncbi.nlm.nih.gov,https://pmc.ncbi.nlm.nih.gov/articles/PMC10373040/pdf/jmcp.2022.28.4.473.pdf,"HTML landing page, not a PDF",W4220674623,ValueError: response is not a PDF (probably an HTML landing page)
10.5445/ir/1000187979,https://doi.org/10.5445/ir/1000187979,Leveraging 3d-4f Coordination: Molecular Quantum Spring-Magnet Behavior in Axial Ni$_2$Ln Complexes,2025,publikationen.bibliothek.kit.edu,https://publikationen.bibliothek.kit.edu/1000187979,no fetchable PDF and no Europe PMC full text,W7119023050,0 PDF location(s) + Europe PMC tried; no Europe PMC OA full text
10.1021/acs.jpcb.8b06439,https://doi.org/10.1021/acs.jpcb.8b06439,Microscopic Origin of Different Hydration Patterns of <i>para</i>-Nitrophenol and Its Anion: A Study Combining Multiconfigurational Calculations and the Free-Energy Gradient Method,2018,pubs.acs.org,https://pubs.acs.org/doi/10.1021/acs.jpcb.8b06439,"HTML landing page, not a PDF",W2889233076,ValueError: response is not a PDF (probably an HTML landing page)
10.1021/acs.jpclett.7b00316,https://doi.org/10.1021/acs.jpclett.7b00316,Resolving Ultrafast Photoinduced Deactivations in Water-Solvated Pyrimidine Nucleosides,2017,pubs.acs.org,https://pubs.acs.org/doi/10.1021/acs.jpclett.7b00316,"HTML landing page, not a PDF",W2603894792,ValueError: response is not a PDF (probably an HTML landing page)
10.1021/ct500376c,https://doi.org/10.1021/ct500376c,Theoretical Study of the Dissociation Energy of First-Row Metallocenium Ions,2014,pubs.acs.org,http://pubs.acs.org/doi/abs/10.1021/ct500376c,"HTML landing page, not a PDF",W2038829642,ValueError: response is not a PDF (probably an HTML landing page)
10.1063/5.0203624,https://doi.org/10.1063/5.0203624,Ultrafast photochemistry and electron-diffraction spectra in n → (3s) Rydberg excited cyclobutanone resolved at the multireference perturbative level,2024,pubs.aip.org,https://pubs.aip.org/aip/jcp/article-abstract/160/16/164316/3286815/Ultrafast-photochemistry-and-electron-diffraction?redirectedFrom=fulltext,"HTML landing page, not a PDF",W4396494977,ValueError: response is not a PDF (probably an HTML landing page)
10.1039/c3cp54421d,https://doi.org/10.1039/c3cp54421d,Coupled-cluster calculations of the lowest 0–0 bands of the electronic excitation spectrum of naphthalene,2013,pubs.rsc.org,https://pubs.rsc.org/en/content/articlepdf/2014/cp/c3cp54421d,"HTML landing page, not a PDF",W2125754232,ValueError: response is not a PDF (probably an HTML landing page)
10.1039/c4cp00253a,https://doi.org/10.1039/c4cp00253a,Accurate calculations of geometries and singlet–triplet energy differences for active-site models of [NiFe] hydrogenase,2014,pubs.rsc.org,https://pubs.rsc.org/en/content/articlepdf/2014/cp/c4cp00253a,"HTML landing page, not a PDF",W2114582788,ValueError: response is not a PDF (probably an HTML landing page)
10.1039/c5cp01417d,https://doi.org/10.1039/c5cp01417d,Free electrons and ionic liquids: study of excited states by means of electron-energy loss spectroscopy and the density functional theory multireference configuration interaction method,2015,pubs.rsc.org,https://pubs.rsc.org/en/content/articlepdf/2015/cp/c5cp01417d,"HTML landing page, not a PDF",W1891710333,ValueError: response is not a PDF (probably an HTML landing page)
10.1039/c5ra19895j,https://doi.org/10.1039/c5ra19895j,Monocyclic and bicyclic CO <sub>4</sub> : how stable are they?,2015,pubs.rsc.org,https://pubs.rsc.org/en/content/articlepdf/2015/ra/c5ra19895j,"HTML landing page, not a PDF",W1954311849,ValueError: response is not a PDF (probably an HTML landing page)
10.1039/c6cp03534e,https://doi.org/10.1039/c6cp03534e,Biradical character in the ground state of [Mn@Si <sub>12</sub> ] <sup>+</sup> : a DFT and CASPT2 study,2016,pubs.rsc.org,https://pubs.rsc.org/en/content/articlepdf/2016/cp/c6cp03534e,"HTML landing page, not a PDF",W2511608858,ValueError: response is not a PDF (probably an HTML landing page)
10.1039/c6cp05395e,https://doi.org/10.1039/c6cp05395e,Reactions in silicon–nitrogen plasma,2016,pubs.rsc.org,https://pubs.rsc.org/en/content/articlepdf/2017/cp/c6cp05395e,"HTML landing page, not a PDF",W2561920960,ValueError: response is not a PDF (probably an HTML landing page)
10.1039/c7dt02719b,https://doi.org/10.1039/c7dt02719b,Spin-state-correlated optical properties of copper( <scp>ii</scp> )–nitroxide based molecular magnets,2017,pubs.rsc.org,https://pubs.rsc.org/en/content/articlepdf/2017/dt/c7dt02719b,"HTML landing page, not a PDF",W2753438742,ValueError: response is not a PDF (probably an HTML landing page)
10.1039/c8cp07248e,https://doi.org/10.1039/c8cp07248e,Field modified spin–orbit potential curves of IBr. Preliminary dynamical results,2019,pubs.rsc.org,https://pubs.rsc.org/en/content/articlepdf/2019/cp/c8cp07248e,"HTML landing page, not a PDF",W2922505363,ValueError: response is not a PDF (probably an HTML landing page)
10.1039/c8cp07766e,https://doi.org/10.1039/c8cp07766e,"The 3s Rydberg state as a doorway state in the ultrafast dynamics of 1,1-difluoroethylene",2019,pubs.rsc.org,https://pubs.rsc.org/en/content/articlepdf/2019/cp/c8cp07766e,"HTML landing page, not a PDF",W2912443650,ValueError: response is not a PDF (probably an HTML landing page)
10.1039/d0cp06011a,https://doi.org/10.1039/d0cp06011a,Intersystem crossing processes in the 2CzPN emitter: a DFT/MRCI study including vibrational spin–orbit interactions,2021,pubs.rsc.org,https://pubs.rsc.org/en/content/articlepdf/2021/cp/d0cp06011a,"HTML landing page, not a PDF",W3119753623,ValueError: response is not a PDF (probably an HTML landing page)
10.1039/d0dt00993h,https://doi.org/10.1039/d0dt00993h,Accurate computed spin-state energetics for Co( <scp>iii</scp> ) complexes: implications for modelling homogeneous catalysis,2020,pubs.rsc.org,https://pubs.rsc.org/en/content/articlepdf/2020/dt/d0dt00993h,"HTML landing page, not a PDF",W3019850451,ValueError: response is not a PDF (probably an HTML landing page)
10.1039/d1cp00041a,https://doi.org/10.1039/d1cp00041a,On the population of triplet states of 2-seleno-thymine,2021,pubs.rsc.org,https://pubs.rsc.org/en/content/articlepdf/2021/cp/d1cp00041a,"HTML landing page, not a PDF",W3130195273,ValueError: response is not a PDF (probably an HTML landing page)
10.1039/d1cp00771h,https://doi.org/10.1039/d1cp00771h,Trajectory surface-hopping photoinduced dynamics from Rydberg states of trimethylamine,2021,pubs.rsc.org,https://pubs.rsc.org/en/content/articlepdf/2021/cp/d1cp00771h,"HTML landing page, not a PDF",W3156548942,ValueError: response is not a PDF (probably an HTML landing page)
10.1039/d2cp03291k,https://doi.org/10.1039/d2cp03291k,Accurate computed singlet–triplet energy differences for cobalt systems: implication for two-state reactivity,2022,pubs.rsc.org,https://pubs.rsc.org/en/content/articlepdf/2022/cp/d2cp03291k,"HTML landing page, not a PDF",W4294142756,ValueError: response is not a PDF (probably an HTML landing page)
10.1039/d3cp03606e,https://doi.org/10.1039/d3cp03606e,Unraveling actinide–actinide bonding in fullerene cages: a DFT <i>versus ab initio</i> methodological study,2023,pubs.rsc.org,https://pubs.rsc.org/en/content/articlepdf/2023/cp/d3cp03606e,"HTML landing page, not a PDF",W4387960822,ValueError: response is not a PDF (probably an HTML landing page)
10.1039/d3cp06256b,https://doi.org/10.1039/d3cp06256b,New insights into the photocyclization reaction of a popular diarylethene switch: a nonadiabatic molecular dynamics study,2024,pubs.rsc.org,https://pubs.rsc.org/en/content/articlepdf/2024/cp/d3cp06256b,"HTML landing page, not a PDF",W4394595809,ValueError: response is not a PDF (probably an HTML landing page)
10.1039/d3dd00051f,https://doi.org/10.1039/d3dd00051f,Neural network potentials for reactive chemistry: CASPT2 quality potential energy surfaces for bond breaking,2023,pubs.rsc.org,https://pubs.rsc.org/en/content/articlepdf/2023/dd/d3dd00051f,"HTML landing page, not a PDF",W4381799222,ValueError: response is not a PDF (probably an HTML landing page)
10.1039/d4cp00037d,https://doi.org/10.1039/d4cp00037d,Advanced theoretical design of light-driven molecular rotary motors: enhancing thermal helix inversion and visible-light activation,2024,pubs.rsc.org,https://pubs.rsc.org/en/content/articlepdf/2024/cp/d4cp00037d,"HTML landing page, not a PDF",W4396889815,ValueError: response is not a PDF (probably an HTML landing page)
10.1039/d4cp01796j,https://doi.org/10.1039/d4cp01796j,The electronic structure of diatomic nickel oxide,2024,pubs.rsc.org,https://pubs.rsc.org/en/content/articlepdf/2024/cp/d4cp01796j,"HTML landing page, not a PDF",W4399731679,ValueError: response is not a PDF (probably an HTML landing page)
10.1039/d4cp01900h,https://doi.org/10.1039/d4cp01900h,The trials and triumphs of modelling X-ray absorption spectra of transition metal phthalocyanines,2024,pubs.rsc.org,https://pubs.rsc.org/en/content/articlepdf/2024/cp/d4cp01900h,"HTML landing page, not a PDF",W4400509934,ValueError: response is not a PDF (probably an HTML landing page)
10.1039/d4cp03132f,https://doi.org/10.1039/d4cp03132f,On the ground and excited electronic states of LaCO and AcCO,2024,pubs.rsc.org,https://pubs.rsc.org/en/content/articlepdf/2024/cp/d4cp03132f,"HTML landing page, not a PDF",W4403762941,ValueError: response is not a PDF (probably an HTML landing page)
10.1039/d4cp03296a,https://doi.org/10.1039/d4cp03296a,<i>Ab initio</i> electronic structures and total internal partition sums of FeH <sup>+/2+</sup>,2024,pubs.rsc.org,https://pubs.rsc.org/en/content/articlepdf/2025/cp/d4cp03296a,"HTML landing page, not a PDF",W4404996262,ValueError: response is not a PDF (probably an HTML landing page)
10.1039/d4cp03862b,https://doi.org/10.1039/d4cp03862b,Dynamics of hydrogen shift reactions between peroxy radicals,2024,pubs.rsc.org,https://pubs.rsc.org/en/content/articlepdf/2025/cp/d4cp03862b,"HTML landing page, not a PDF",W4405912231,ValueError: response is not a PDF (probably an HTML landing page)
10.1039/d5cp00603a,https://doi.org/10.1039/d5cp00603a,Origins of crystallisation-induced dual emission of terephthalic and isophthalic acid crystals,2025,pubs.rsc.org,https://pubs.rsc.org/en/content/articlepdf/2025/cp/d5cp00603a,"HTML landing page, not a PDF",W4411385665,ValueError: response is not a PDF (probably an HTML landing page)
10.1039/d5cp01869b,https://doi.org/10.1039/d5cp01869b,On the performance of DFT/MRCI for singlet–triplet gaps and emission energies of thermally activated delayed fluorescence molecules,2025,pubs.rsc.org,https://pubs.rsc.org/en/content/articlepdf/2025/cp/d5cp01869b,"HTML landing page, not a PDF",W4413906376,ValueError: response is not a PDF (probably an HTML landing page)
10.1039/d5cp02832a,https://doi.org/10.1039/d5cp02832a,The simulation of X-ray absorption spectra including vibronic coupling: application of the QD-DFT/MRCI(2) method,2025,pubs.rsc.org,https://pubs.rsc.org/en/content/articlepdf/2025/cp/d5cp02832a,"HTML landing page, not a PDF",W4415225576,ValueError: response is not a PDF (probably an HTML landing page)
10.1039/d5cp04004c,https://doi.org/10.1039/d5cp04004c,Direct wavepacket dynamics with spin–orbit coupling: simulation of thioformaldehyde,2026,pubs.rsc.org,https://pubs.rsc.org/en/content/articlepdf/2026/cp/d5cp04004c,"HTML landing page, not a PDF",W7129015637,ValueError: response is not a PDF (probably an HTML landing page)
10.1039/d6cp00605a,https://doi.org/10.1039/d6cp00605a,Intersystem crossing in 5-azacytosine: time-resolved photoelectron and quantum-chemical insights into the effect of aza substitution on cytosine,2026,pubs.rsc.org,https://pubs.rsc.org/en/content/articlepdf/2026/cp/d6cp00605a,"HTML landing page, not a PDF",W7163587189,ValueError: response is not a PDF (probably an HTML landing page)
10.1007/s11096-025-02001-2,https://doi.org/10.1007/s11096-025-02001-2,Optimising end-of-life geriatric pharmacotherapy: a hospital-based retrospective cohort study of deprescribing early in the care trajectory before hospice transition,2025,pure.qub.ac.uk,https://pure.qub.ac.uk/en/publications/a10254db-03f1-4a61-bb2c-18a7e979e008,"HTML landing page, not a PDF",W4414160450,ValueError: response is not a PDF (probably an HTML landing page)
10.48550/arxiv.1904.07831,https://doi.org/10.48550/arxiv.1904.07831,Dicarbon formation in collisions of two carbon atoms,2019,pure.qub.ac.uk,https://pure.qub.ac.uk/en/publications/bec231ed-9c07-4659-9611-206f361a7bac,"HTML landing page, not a PDF",W3182077475,ValueError: response is not a PDF (probably an HTML landing page)
10.1021/jacs.8b10792,https://doi.org/10.1021/jacs.8b10792,Switching the Spin State of Pentafluorophenylnitrene: Isolation of a Singlet Arylnitrene Complex,2018,qmro.qmul.ac.uk,https://qmro.qmul.ac.uk/xmlui/bitstream/123456789/52683/1/Crespo%20Switching%20the%20Spin%202018%20Accepted.pdf,"HTML landing page, not a PDF",W2900583170,ValueError: response is not a PDF (probably an HTML landing page)
10.17169/refubium-12912,https://doi.org/10.17169/refubium-12912,Modellierung der dualen Fluoreszenz von 1-Phenylpyrrol infolge von Torsion und Elektronentransfer in polarer Lösung,2001,refubium.fu-berlin.de,https://refubium.fu-berlin.de/handle/fub188/8713,no fetchable PDF and no Europe PMC full text,W1924134069,0 PDF location(s) + Europe PMC tried; no Europe PMC OA full text
10.17169/refubium-17371,https://doi.org/10.17169/refubium-17371,Ultrafast Photodissociation dynamics of Η5-CpMn(CO)3 (Cymantrene),2002,refubium.fu-berlin.de,https://refubium.fu-berlin.de/handle/fub188/13173,no fetchable PDF and no Europe PMC full text,W1531521093,0 PDF location(s) + Europe PMC tried; no Europe PMC OA full text
10.17169/refubium-25453,https://doi.org/10.17169/refubium-25453,"Low-Lying Electronic States of the Molecules AB_n (A = Sc-Ni, B = Cu/Ag/Au, n = 1, 2)",2019,refubium.fu-berlin.de,https://refubium.fu-berlin.de/handle/fub188/25689,"HTML landing page, not a PDF",W2979290094,1 PDF location(s) + Europe PMC tried; ValueError: not a PDF (probably an HTML landing page) | no Europe PMC OA full text
10.17169/refubium-50569,https://doi.org/10.17169/refubium-50569,New chlorophylls designed by theoretical spectroscopy and machine learning,2025,refubium.fu-berlin.de,https://refubium.fu-berlin.de/bitstream/fub188/50842/1/11120_2025_Article_1183.pdf,connection refused / DNS failure,W7115587122,"ConnectionError: HTTPSConnectionPool(host='refubium.fu-berlin.de', port=443): Max retries exceeded with url: /bitstream/fub188/50842/1/11120_2025_Article_1183.pdf (Caused by NewConnectionError(""HTTPSConnection(host='refubium.fu-berlin.de', port=443): Failed to establish a new connection: [Errno 113]"
10.17169/refubium-8,https://doi.org/10.17169/refubium-8,Combination of advanced X-ray spectroscopy and quantum chemistry to determine electronic structures of metal-organic cofactors in proteins,2018,refubium.fu-berlin.de,https://refubium.fu-berlin.de/handle/fub188/22169,no fetchable PDF and no Europe PMC full text,W2885555416,0 PDF location(s) + Europe PMC tried; no Europe PMC OA full text
10.1016/j.cplett.2020.137288,https://doi.org/10.1016/j.cplett.2020.137288,Ab initio MRCI study on potential energy curves for a single Cl loss from the palladium tetrachloride anion PdCl42−,2020,repo.qst.go.jp,https://repo.qst.go.jp/records/79463,"HTML landing page, not a PDF",W3006979264,ValueError: response is not a PDF (probably an HTML landing page)
10.1016/j.cplett.2020.138247,https://doi.org/10.1016/j.cplett.2020.138247,Ab initio MRCI study on potential energy surfaces for double Cl loss from the palladium tetrachloride anion PdCl42−,2020,repo.qst.go.jp,https://repo.qst.go.jp/records/81803,"HTML landing page, not a PDF",W4253456203,ValueError: response is not a PDF (probably an HTML landing page)
10.34019/ufjf/te/2022/00024,https://doi.org/10.34019/ufjf/te/2022/00024,Superfície de energia potencial global e dinâmica molecular para o estado eletrônico fundamental do SiSH,2022,repositorio.ufjf.br,https://repositorio.ufjf.br/jspui/bitstream/ufjf/14224/1/delvanydecastrogomes.pdf,TLS/SSL failure,W4309399050,"SSLError: HTTPSConnectionPool(host='repositorio.ufjf.br', port=443): Max retries exceeded with url: /jspui/bitstream/ufjf/14224/1/delvanydecastrogomes.pdf (Caused by SSLError(SSLCertVerificationError(1, '[SSL: CERTIFICATE_VERIFY_FAILED] certificate verify failed: unable to get local issuer certifica"
10.1039/c5cp01350j,https://doi.org/10.1039/c5cp01350j,"CASPT2 study of inverse sandwich-type dinuclear 3d transition metal complexes of ethylene and dinitrogen molecules: similarities and differences in geometry, electronic structure, and spin multiplicity",2015,repository.kulib.kyoto-u.ac.jp,https://repository.kulib.kyoto-u.ac.jp/dspace/bitstream/2433/201561/1/c5cp01350j.pdf,"HTML landing page, not a PDF",W1761748060,ValueError: response is not a PDF (probably an HTML landing page)
10.1063/1.1480869,https://doi.org/10.1063/1.1480869,High-spin electronic interaction of small lithium and sodium cluster formation in the excited states,2002,repository.kulib.kyoto-u.ac.jp,https://repository.kulib.kyoto-u.ac.jp/dspace/bitstream/2433/39739/1/JChemPhys_117_142.pdf,"HTML landing page, not a PDF",W1996047192,ValueError: response is not a PDF (probably an HTML landing page)
10.1039/c7fd00188f,https://doi.org/10.1039/c7fd00188f,Mechanistic insights into photoinduced damage of DNA and RNA nucleobases in the gas phase and in bulk solution,2017,research-information.bris.ac.uk,https://research-information.bris.ac.uk/en/publications/43ab90f6-6419-47f9-84f4-eeba3d5f2c7d,"HTML landing page, not a PDF",W2754570213,ValueError: response is not a PDF (probably an HTML landing page)
10.5523/bris.qwlb0o0e9tbd1bqojd8gxrnjj,https://doi.org/10.5523/bris.qwlb0o0e9tbd1bqojd8gxrnjj,Z:\Imaging (pdissn)\2-iodothiophene and 2-bromothiophene,2015,research-information.bris.ac.uk,https://research-information.bris.ac.uk/en/datasets/9d26df7e-ceea-4956-80e7-d0bf646e47f1,"HTML landing page, not a PDF",W2743908584,ValueError: response is not a PDF (probably an HTML landing page)
10.1021/acs.organomet.6b00121,https://doi.org/10.1021/acs.organomet.6b00121,Three-Coordinate Iron(II) Expanded Ring N-Heterocyclic Carbene Complexes,2016,research.manchester.ac.uk,https://research.manchester.ac.uk/en/publications/175b00ca-fb14-4fb3-9a74-2a7f7d0ef9da,HTTP 403 (publisher blocks scripted clients),W2337409908,1 PDF location(s) + Europe PMC tried; HTTPError: 403 Client Error: Forbidden for url: https://hull-repository.worktribe.com/output/435559 | no Europe PMC OA full text
10.1007/s10008-011-1532-3,https://doi.org/10.1007/s10008-011-1532-3,π-dimerization of pleiadiene radical cations at low temperatures revealed by UV–vis spectroelectrochemistry and quantum theory,2011,research.rug.nl,https://research.rug.nl/en/publications/7d993939-b65f-4b53-871a-53db076dc645,"HTML landing page, not a PDF",W2095856071,ValueError: response is not a PDF (probably an HTML landing page)
10.1021/acs.jctc.5b00650,https://doi.org/10.1021/acs.jctc.5b00650,Chromophore–Protein Coupling beyond Nonpolarizable Models: Understanding Absorption in Green Fluorescent Protein,2015,research.utwente.nl,https://research.utwente.nl/files/6930447/ct5b00650_si_001.pdf0.pdf,HTTP 403 (publisher blocks scripted clients),W2289606747,HTTPError: 403 Client Error: Forbidden for url: https://research.utwente.nl/files/6930447/ct5b00650_si_001.pdf0.pdf
10.1021/ct400876y,https://doi.org/10.1021/ct400876y,Ground- and Excited-State Geometry Optimization of Small Organic Molecules with Quantum Monte Carlo,2013,research.utwente.nl,https://research.utwente.nl/files/6890186/ground.pdf,HTTP 403 (publisher blocks scripted clients),W1997799307,HTTPError: 403 Client Error: Forbidden for url: https://research.utwente.nl/files/6890186/ground.pdf
10.1021/ct500723s,https://doi.org/10.1021/ct500723s,Solvent Effects on Excited-State Structures: A Quantum Monte Carlo and Density Functional Study,2014,research.utwente.nl,https://research.utwente.nl/en/publications/24814c1f-dd50-4655-bc9d-b6214f8065eb,"HTML landing page, not a PDF",W2065076851,ValueError: response is not a PDF (probably an HTML landing page)
10.1021/jp9820673,https://doi.org/10.1021/jp9820673,Electronic Spectra of Phenylcyclopropane and Cumene Cation Radicals:  Interplay of Experiment and Theory,1998,research.wur.nl,https://research.wur.nl/en/publications/electronic-spectra-of-phenylcyclopropane-and-cumene-cation-radica,"HTML landing page, not a PDF",W2067981590,ValueError: response is not a PDF (probably an HTML landing page)
10.17918/etd-3361,https://doi.org/10.17918/etd-3361,Juveniles’ Miranda comprehension: Comparing different versions of the warning,2009,researchdiscovery.drexel.edu,https://researchdiscovery.drexel.edu/esploro/outputs/graduate/Juveniles-Miranda-comprehension/991014632172204721,"HTML landing page, not a PDF",W3200184300,ValueError: response is not a PDF (probably an HTML landing page)
10.17918/etd-6033,https://doi.org/10.17918/etd-6033,Addressing Relative Criteria for Miranda Waivers: A Comparison of Juvenile Justice Youths' and Adult Offenders' Understanding and Appreciation of the Rights to Silence and Legal Counsel during Police Interrogations,2014,researchdiscovery.drexel.edu,https://researchdiscovery.drexel.edu/esploro/outputs/doctoral/Addressing-relative-criteria-for-Miranda-waivers/991014632078604721,"HTML landing page, not a PDF",W2523464776,ValueError: response is not a PDF (probably an HTML landing page)
10.1021/acs.inorgchem.4c00332,https://doi.org/10.1021/acs.inorgchem.4c00332,"Hourglass-Shaped Homo- and Heteronuclear Nonanuclear Lanthanide Clusters: Structures, Magnetism, Photoluminescence, and Theoretical Analysis",2024,resolver.sub.uni-goettingen.de,https://resolver.sub.uni-goettingen.de/purl?gro-2/144132,no fetchable PDF and no Europe PMC full text,W4399624602,0 PDF location(s) + Europe PMC tried; no Europe PMC OA full text
10.1021/acs.inorgchem.5c01531,https://doi.org/10.1021/acs.inorgchem.5c01531,"1,4-Phosphagermines: An Anionic 6π-heteroaromatic Biradicaloid and a Persistent π-Delocalized Radical",2025,resolver.sub.uni-goettingen.de,https://resolver.sub.uni-goettingen.de/purl?gro-2/150058,no fetchable PDF and no Europe PMC full text,W4411405542,0 PDF location(s) + Europe PMC tried; no Europe PMC OA full text
10.14278/rodare.4733,https://doi.org/10.14278/rodare.4733,SOC parentage python script and database,2026,rodare.hzdr.de,https://rodare.hzdr.de/record/4733,"HTML landing page, not a PDF",W7165738852,ValueError: response is not a PDF (probably an HTML landing page)
10.1002/qua.20941,https://doi.org/10.1002/qua.20941,"Absorption, resonance, and near‐resonance Raman studies of the tetracyanoquinodimethane neutral and its monoanion in terms of density functional theory and complete active space self‐consistent field methods",2006,ruj.uj.edu.pl,https://ruj.uj.edu.pl/xmlui/handle/item/85679,no fetchable PDF and no Europe PMC full text,W2034507933,0 PDF location(s) + Europe PMC tried; no Europe PMC OA full text
10.1016/j.comptc.2018.07.020,https://doi.org/10.1016/j.comptc.2018.07.020,Thermal decomposition of oxetan-2-one molecule in the light of DFT and CASPT2 modelling,2018,ruj.uj.edu.pl,https://ruj.uj.edu.pl/xmlui/handle/item/66603,connection refused / DNS failure,W2886237532,"ConnectionError: HTTPSConnectionPool(host='ruj.uj.edu.pl', port=443): Max retries exceeded with url: /xmlui/handle/item/66603 (Caused by NewConnectionError(""HTTPSConnection(host='ruj.uj.edu.pl', port=443): Failed to establish a new connection: [Errno 111] Connection refused""))"
10.1016/j.comptc.2020.112793,https://doi.org/10.1016/j.comptc.2020.112793,Oxetan-3-one pyrolysis from the perspective of multireference approaches,2020,ruj.uj.edu.pl,https://ruj.uj.edu.pl/xmlui/handle/item/266597,connection refused / DNS failure,W3012326342,"ConnectionError: HTTPSConnectionPool(host='ruj.uj.edu.pl', port=443): Max retries exceeded with url: /xmlui/handle/item/266597 (Caused by NewConnectionError(""HTTPSConnection(host='ruj.uj.edu.pl', port=443): Failed to establish a new connection: [Errno 111] Connection refused""))"
10.1016/j.cplett.2007.09.062,https://doi.org/10.1016/j.cplett.2007.09.062,"The vibronic effects in the 11B2 and 21A1 states of 1,3-dicyanomethylene croconate dianion: The resonance Raman study in terms of CASSCF and DFT methods",2007,ruj.uj.edu.pl,https://ruj.uj.edu.pl/xmlui/handle/item/81061,no fetchable PDF and no Europe PMC full text,W2027903372,0 PDF location(s) + Europe PMC tried; no Europe PMC OA full text
10.1016/j.cplett.2009.03.001,https://doi.org/10.1016/j.cplett.2009.03.001,"The vibronic structures of absorption and magnetic circular dichroism (MCD) in the low energy 11B2u and 11B3u states of 1,4,5,8-naphthalenetetracarboxy dianhydride. The analysis in terms of DFT and CASSCF methods",2009,ruj.uj.edu.pl,https://ruj.uj.edu.pl/xmlui/handle/item/76155,no fetchable PDF and no Europe PMC full text,W2012803259,0 PDF location(s) + Europe PMC tried; no Europe PMC OA full text
10.1016/j.jcat.2020.07.018,https://doi.org/10.1016/j.jcat.2020.07.018,Structure and mechanistic relevance of Ni2+–NO adduct in model HC SCR reaction over NiZSM-5 catalyst – Insights from standard and correlation EPR and IR spectroscopic studies corroborated by molecular modeling,2020,ruj.uj.edu.pl,https://ruj.uj.edu.pl/xmlui/handle/item/267258,no fetchable PDF and no Europe PMC full text,W3046264324,0 PDF location(s) + Europe PMC tried; no Europe PMC OA full text
10.1016/j.poly.2025.117714,https://doi.org/10.1016/j.poly.2025.117714,"Structure, XAS and magnetism of copper(II) and nickel(II) heterometallic complexes based on the [Cr(NCS)6]3− and [Cr(NCS)4(NH3)2]− units",2025,ruj.uj.edu.pl,https://ruj.uj.edu.pl/handle/item/561871,no fetchable PDF and no Europe PMC full text,W4412989431,0 PDF location(s) + Europe PMC tried; no Europe PMC OA full text
10.1016/s0009-2614(03)01039-x,https://doi.org/10.1016/s0009-2614(03)01039-x,"The electronic and vibrational structures of the vis–UV transitions in the 1,3-dicyanomethylene croconate anion in terms of CASSCF and DFT theory. The Franck–Condon analysis of 1→1 and 1→2 transitions",2003,ruj.uj.edu.pl,https://ruj.uj.edu.pl/xmlui/handle/item/261160,no fetchable PDF and no Europe PMC full text,W2089393938,0 PDF location(s) + Europe PMC tried; no Europe PMC OA full text
10.1016/s0301-0104(03)00229-5,https://doi.org/10.1016/s0301-0104(03)00229-5,"The circular dichroism (CD) and absorption studies of 1,4,5,8-naphthalene tetracarboxydiimide dimer in terms of vibronic coupling theory",2003,ruj.uj.edu.pl,https://ruj.uj.edu.pl/xmlui/handle/item/261159,no fetchable PDF and no Europe PMC full text,W2032407513,0 PDF location(s) + Europe PMC tried; no Europe PMC OA full text
10.1021/acs.inorgchem.9b03357,https://doi.org/10.1021/acs.inorgchem.9b03357,Variation of the Chain Geometry in Isomeric 1D Co(NCS)<sub>2</sub> Coordination Polymers and Their Influence on the Magnetic Properties,2020,ruj.uj.edu.pl,https://ruj.uj.edu.pl/xmlui/handle/item/156592,no fetchable PDF and no Europe PMC full text,W3008371344,0 PDF location(s) + Europe PMC tried; no Europe PMC OA full text
10.1021/acs.jctc.5b01234,https://doi.org/10.1021/acs.jctc.5b01234,Spin-State Energetics of Fe(III) and Ru(III) Aqua Complexes: Accurate ab Initio Calculations and Evidence for Huge Solvation Effects,2016,ruj.uj.edu.pl,http://ruj.uj.edu.pl/xmlui/handle/item/28978,connection refused / DNS failure,W2300776013,"ConnectionError: HTTPConnectionPool(host='ruj.uj.edu.pl', port=80): Max retries exceeded with url: /xmlui/handle/item/28978 (Caused by NewConnectionError(""HTTPConnection(host='ruj.uj.edu.pl', port=80): Failed to establish a new connection: [Errno 111] Connection refused""))"
10.1021/acs.jctc.8b00200,https://doi.org/10.1021/acs.jctc.8b00200,Spin States and Other Ligand–Field States of Aqua Complexes Revisited with Multireference ab Initio Calculations Including Solvation Effects,2018,ruj.uj.edu.pl,https://ruj.uj.edu.pl/xmlui/handle/item/65825,"HTML landing page, not a PDF",W2810856499,ValueError: response is not a PDF (probably an HTML landing page)
10.1021/ct1006168,https://doi.org/10.1021/ct1006168,DFT and Ab Initio Study of Iron-Oxo Porphyrins: May They Have a Low-Lying Iron(V)-Oxo Electromer?,2011,ruj.uj.edu.pl,https://ruj.uj.edu.pl/xmlui/handle/item/63528,connection refused / DNS failure,W2326628386,"ConnectionError: HTTPSConnectionPool(host='ruj.uj.edu.pl', port=443): Max retries exceeded with url: /xmlui/handle/item/63528 (Caused by NewConnectionError(""HTTPSConnection(host='ruj.uj.edu.pl', port=443): Failed to establish a new connection: [Errno 111] Connection refused""))"
10.1021/ct600363a,https://doi.org/10.1021/ct600363a,Peculiarities of the Electronic Structure of Cytochrome P450 Compound I:  CASPT2 and DFT Modeling,2007,ruj.uj.edu.pl,https://ruj.uj.edu.pl/xmlui/handle/item/81077,no fetchable PDF and no Europe PMC full text,W2029528070,0 PDF location(s) + Europe PMC tried; no Europe PMC OA full text
10.1021/ct800571y,https://doi.org/10.1021/ct800571y,Conformational Stability and Spin States of Cobalt(II) Acetylacetonate: CASPT2 and DFT Study,2009,ruj.uj.edu.pl,https://ruj.uj.edu.pl/xmlui/handle/item/76118,no fetchable PDF and no Europe PMC full text,W2049313169,0 PDF location(s) + Europe PMC tried; no Europe PMC OA full text
10.1021/ja101877a,https://doi.org/10.1021/ja101877a,Mechanism of Selective Halogenation by SyrB2: A Computational Study,2010,ruj.uj.edu.pl,https://ruj.uj.edu.pl/xmlui/handle/item/71867,connection refused / DNS failure,W1975347365,"ConnectionError: HTTPSConnectionPool(host='ruj.uj.edu.pl', port=443): Max retries exceeded with url: /xmlui/handle/item/71867 (Caused by NewConnectionError(""HTTPSConnection(host='ruj.uj.edu.pl', port=443): Failed to establish a new connection: [Errno 111] Connection refused""))"
10.1021/jp051514t,https://doi.org/10.1021/jp051514t,"Electronic Absorption Spectra of C<sub>3</sub>Cl, C<sub>4</sub>Cl, and Their Ions in Neon Matrices",2005,ruj.uj.edu.pl,https://ruj.uj.edu.pl/xmlui/handle/item/129107,no fetchable PDF and no Europe PMC full text,W2108447252,0 PDF location(s) + Europe PMC tried; no Europe PMC OA full text
10.1021/jp204394v,https://doi.org/10.1021/jp204394v,Mono- and Dinitrosyls on Copper(I) Site in a Zeolite Model: Effects of Static Correlation,2011,ruj.uj.edu.pl,https://ruj.uj.edu.pl/xmlui/handle/item/63529,connection refused / DNS failure,W2327128148,"ConnectionError: HTTPSConnectionPool(host='ruj.uj.edu.pl', port=443): Max retries exceeded with url: /xmlui/handle/item/63529 (Caused by NewConnectionError(""HTTPSConnection(host='ruj.uj.edu.pl', port=443): Failed to establish a new connection: [Errno 111] Connection refused""))"
10.1039/b500052a,https://doi.org/10.1039/b500052a,Electronic absorption spectrum of a nonlinear carbon chain: trans-C6H4+,2005,ruj.uj.edu.pl,https://ruj.uj.edu.pl/xmlui/handle/item/129089,no fetchable PDF and no Europe PMC full text,W2010236013,0 PDF location(s) + Europe PMC tried; no Europe PMC OA full text
10.1039/c2ce26387d,https://doi.org/10.1039/c2ce26387d,Magnetic anisotropy of Co <sup>II</sup> –W <sup>V</sup> ferromagnet: single crystal and ab initio study,2012,ruj.uj.edu.pl,http://ruj.uj.edu.pl/xmlui/handle/item/6845,no fetchable PDF and no Europe PMC full text,W1997801485,0 PDF location(s) + Europe PMC tried; no Europe PMC OA full text
10.1039/c4cp04863f,https://doi.org/10.1039/c4cp04863f,"How can [Mo <sup>IV</sup> (CN) <sub>6</sub> ] <sup>2−</sup> , an apparently octahedral (d) <sup>2</sup> complex, be diamagnetic? Insights from quantum chemical calculations and magnetic susceptibility measurements",2015,ruj.uj.edu.pl,http://ruj.uj.edu.pl/xmlui/handle/item/18718,connection refused / DNS failure,W1971796029,"ConnectionError: HTTPConnectionPool(host='ruj.uj.edu.pl', port=80): Max retries exceeded with url: /xmlui/handle/item/18718 (Caused by NewConnectionError(""HTTPConnection(host='ruj.uj.edu.pl', port=80): Failed to establish a new connection: [Errno 111] Connection refused""))"
10.1039/d0cp04727a,https://doi.org/10.1039/d0cp04727a,Spin-state energetics of metallocenes: How do best wave function and density functional theory results compare with the experimental data?,2020,ruj.uj.edu.pl,https://ruj.uj.edu.pl/xmlui/handle/item/261885,"HTML landing page, not a PDF",W3112286406,ValueError: response is not a PDF (probably an HTML landing page)
10.1039/d1dt00479d,https://doi.org/10.1039/d1dt00479d,Hepta-coordinated Ni( <scp>ii</scp> ) assemblies – structure and magnetic studies,2021,ruj.uj.edu.pl,https://ruj.uj.edu.pl/xmlui/handle/item/278122,no fetchable PDF and no Europe PMC full text,W3136631667,0 PDF location(s) + Europe PMC tried; no Europe PMC OA full text
10.1063/1.1626544,https://doi.org/10.1063/1.1626544,"Absorption, resonance, the preresonance Raman study of the 1,3-dicyanomethylene croconate dianion using complete active space self-consistent field and density functional theory methods",2003,ruj.uj.edu.pl,https://ruj.uj.edu.pl/xmlui/handle/item/261261,no fetchable PDF and no Europe PMC full text,W2044536872,0 PDF location(s) + Europe PMC tried; no Europe PMC OA full text
10.1063/1.4792718,https://doi.org/10.1063/1.4792718,"High-level <i>ab initio</i> predictions for the ionization energy, bond dissociation energies, and heats of formation of cobalt carbide (CoC) and its cation (CoC+)",2013,scholars.cityu.edu.hk,https://scholars.cityu.edu.hk/en/publications/high-level-iab-initioi-predictions-for-the-ionization-energy-bond-2,"HTML landing page, not a PDF",W2024302499,ValueError: response is not a PDF (probably an HTML landing page)
10.3390/ecsoc-18-a025,https://doi.org/10.3390/ecsoc-18-a025,The Mechanism of the Photochemical Oxidation of Substrates of Different Nature by Nitro Compounds,2014,sciforum.net,https://sciforum.net/paper/download/2539/manuscript,no fetchable PDF and no Europe PMC full text,W2322803144,0 PDF location(s) + Europe PMC tried; no Europe PMC OA full text
10.3390/ecsoc-20-e003,https://doi.org/10.3390/ecsoc-20-e003,Teoretical study of photooxidation of ammonia by nitromethane,2016,sciforum.net,https://sciforum.net/paper/download/3543/manuscript,HTTP 403 (publisher blocks scripted clients),W2546738996,1 PDF location(s) + Europe PMC tried; HTTPError: 403 Client Error: Forbidden for url: https://sciforum.net/paper/download/3543/manuscript | no Europe PMC OA full text
10.3390/ecsoc-24-08339,https://doi.org/10.3390/ecsoc-24-08339,"One-step mechanism of hydrogen transfer in ""amine – triplet nitro compound"" system",2020,sciforum.net,https://sciforum.net/paper/download/8339/manuscript,HTTP 403 (publisher blocks scripted clients),W3126807236,1 PDF location(s) + Europe PMC tried; HTTPError: 403 Client Error: Forbidden for url: https://sciforum.net/paper/download/8339/manuscript | no Europe PMC OA full text
10.5012/bkcs.2003.24.6.812,https://doi.org/10.5012/bkcs.2003.24.6.812,Recent Advances in Multireference-Based Perturbation Theory,2003,society.kisti.re.kr,http://society.kisti.re.kr/sv/SV_svpsbs03V.do?method=download&cn1=JAKO200302727110316,connection refused / DNS failure,W45570121,"1 PDF location(s) + Europe PMC tried; ConnectionError: HTTPConnectionPool(host='society.kisti.re.kr', port=80): Max retries exceeded with url: /sv/SV_svpsbs03V.do?method=download&cn1=JAKO200302727110316 (Caused by NameResolutionError(""HTTPConnection(host='society.kisti.re.kr', port=80): Failed to re"
10.5012/bkcs.2013.34.1.179,https://doi.org/10.5012/bkcs.2013.34.1.179,KPACK: Relativistic Two-component Ab Initio Electronic Structure Program Package,2013,society.kisti.re.kr,http://society.kisti.re.kr/sv/SV_svpsbs03V.do?method=download&cn1=JAKO201305740752971,connection refused / DNS failure,W2139032229,"1 PDF location(s) + Europe PMC tried; ConnectionError: HTTPConnectionPool(host='society.kisti.re.kr', port=80): Max retries exceeded with url: /sv/SV_svpsbs03V.do?method=download&cn1=JAKO201305740752971 (Caused by NameResolutionError(""HTTPConnection(host='society.kisti.re.kr', port=80): Failed to re"
10.5012/bkcs.2014.35.5.1422,https://doi.org/10.5012/bkcs.2014.35.5.1422,Study of the Valence and Rydberg States of a Lithium Dimer by the Multi-reference Configuration-interaction Method,2014,society.kisti.re.kr,http://society.kisti.re.kr/sv/SV_svpsbs03V.do?method=download&cn1=JAKO201416760764784,connection refused / DNS failure,W2021819604,"ConnectionError: HTTPConnectionPool(host='society.kisti.re.kr', port=80): Max retries exceeded with url: /sv/SV_svpsbs03V.do?method=download&cn1=JAKO201416760764784 (Caused by NameResolutionError(""HTTPConnection(host='society.kisti.re.kr', port=80): Failed to resolve 'society.kisti.re.kr' ([Errno -2"
10.1021/ct100754m,https://doi.org/10.1021/ct100754m,Mechanism of Nitric Oxide Oxidation Reaction (2NO + O<sub>2</sub> → 2NO<sub>2</sub>) Revisited,2011,stars.library.ucf.edu,https://stars.library.ucf.edu/facultybib2010/1306,"HTML landing page, not a PDF",W2315629856,ValueError: response is not a PDF (probably an HTML landing page)
10.1021/jp307738p,https://doi.org/10.1021/jp307738p,Quantum Chemical Study of the Initial Step of Ozone Addition to the Double Bond of Ethylene,2012,stars.library.ucf.edu,https://stars.library.ucf.edu/facultybib2010/2648,"HTML landing page, not a PDF",W2071504828,ValueError: response is not a PDF (probably an HTML landing page)
10.70675/0349db8ez0ec7z4899z8880z37cceb4f46a2,https://doi.org/10.70675/0349db8ez0ec7z4899z8880z37cceb4f46a2,Quantum mechanical investigations of the dynamical and spectroscopic properties of compounds containing heavy elements : the CuNO case study,2012,tel.archives-ouvertes.fr,https://tel.archives-ouvertes.fr/tel-00954768,"HTML landing page, not a PDF",W602920912,ValueError: response is not a PDF (probably an HTML landing page)
10.7907/2set-6e48,https://doi.org/10.7907/2set-6e48,Quantum-mechanical studies of vanadium oxides,2011,thesis.library.caltech.edu,https://thesis.library.caltech.edu/6702/1/Rico_rj_1992.pdf,no fetchable PDF and no Europe PMC full text,W1766687597,0 PDF location(s) + Europe PMC tried; no Europe PMC OA full text
10.1016/j.jms.2013.07.004,https://doi.org/10.1016/j.jms.2013.07.004,An improved third order dipole moment surface for methane,2013,univ-cotedazur.hal.science,https://univ-cotedazur.hal.science/hal-00825084,"HTML landing page, not a PDF",W1976334952,ValueError: response is not a PDF (probably an HTML landing page)
10.1039/c8cp06751a,https://doi.org/10.1039/c8cp06751a,Photoionization and dissociative photoionization of propynal in the gas phase: theory and experiment,2018,univ-rennes.hal.science,https://univ-rennes.hal.science/hal-02095692,"HTML landing page, not a PDF",W2905914046,ValueError: response is not a PDF (probably an HTML landing page)
10.1002/chem.201805918,https://doi.org/10.1002/chem.201805918,Molecular Basis of the Chemiluminescence Mechanism of Luminol,2019,urn.kb.se,http://urn.kb.se/resolve?urn=urn:nbn:se:uu:diva-387214,"HTML landing page, not a PDF",W2914571655,ValueError: response is not a PDF (probably an HTML landing page)
10.1016/j.chemphys.2013.07.018,https://doi.org/10.1016/j.chemphys.2013.07.018,Red-light absorption and fluorescence of phytochrome chromophores: A comparative theoretical study,2013,urn.kb.se,http://urn.kb.se/resolve?urn=urn:nbn:se:liu:diva-96694,"HTML landing page, not a PDF",W2162059837,ValueError: response is not a PDF (probably an HTML landing page)
10.1558/ijsll.39163,https://doi.org/10.1558/ijsll.39163,An illusion of understanding,2019,urn.nb.no,http://urn.nb.no/URN:NBN:no-79280,HTTP 403 (publisher blocks scripted clients),W2995772473,HTTPError: 403 Client Error: Forbidden for url: https://www.duo.uio.no/handle/10852/76178
10.1063/1.1484387,https://doi.org/10.1063/1.1484387,A computational study of photoisomerization in Al3O3− clusters,2002,usir.salford.ac.uk,http://usir.salford.ac.uk/id/eprint/322/1/Morrison_1.pdf,HTTP 403 (publisher blocks scripted clients),W1506345196,1 PDF location(s) + Europe PMC tried; HTTPError: 403 Client Error: Forbidden for url: https://salford-repository.worktribe.com | no Europe PMC OA full text
10.5962/bhl.title.94239,https://doi.org/10.5962/bhl.title.94239,Mills' garden annual /,1896,www.biodiversitylibrary.org,https://www.biodiversitylibrary.org/itempdf/171881,HTTP 403 (publisher blocks scripted clients),W2181046009,HTTPError: 403 Client Error: Forbidden for url: https://www.biodiversitylibrary.org/itempdf/171881
10.1529/biophysj.106.087122,https://doi.org/10.1529/biophysj.106.087122,Ground and Excited States of Retinal Schiff Base Chromophores by Multiconfigurational Perturbation Theory,2006,www.cell.com,http://www.cell.com/article/S0006349506717027/pdf,HTTP 403 (publisher blocks scripted clients),W1998390403,HTTPError: 403 Client Error: Forbidden for url: https://www.cell.com/article/S0006349506717027/pdf
10.1016/j.clinthera.2013.02.019,https://doi.org/10.1016/j.clinthera.2013.02.019,Patient-Level Medication Regimen Complexity Across Populations With Chronic Disease,2013,www.clinicaltherapeutics.com,http://www.clinicaltherapeutics.com/article/S0149291813000751/pdf,HTTP 403 (publisher blocks scripted clients),W2028629918,HTTPError: 403 Client Error: Forbidden for url: https://www.clinicaltherapeutics.com/article/S0149291813000751/pdf
10.22032/dbt.40439,https://doi.org/10.22032/dbt.40439,Evaluation des MR-kompatiblen Inkubators und Korrelation der postnatalen cMRT-Befunde mit der körperlichen und neurologischen Entwicklung von Säuglingen,2019,www.db-thueringen.de,https://www.db-thueringen.de/receive/dbt_mods_00040439,"HTML landing page, not a PDF",W3114606745,ValueError: response is not a PDF (probably an HTML landing page)
10.1515/iupac.71.0257,https://doi.org/10.1515/iupac.71.0257,Complete Active Space Self-Consistent Field Second-Order Perturbation Theory (CASPT2),2016,www.degruyter.com,https://www.degruyter.com/printpdf/view/IUPAC/iupac.71.0257,HTTP 404 (OA link dead),W4237766856,HTTPError: 404 Client Error: Not Found for url: https://www.degruyterbrill.com:443/printpdf/view/IUPAC/iupac.71.0257
10.1515/iupac.79.0117,https://doi.org/10.1515/iupac.79.0117,Complete Active Space Self-Consistent Field (CASSCF),2016,www.degruyter.com,https://www.degruyter.com/printpdf/view/IUPAC/iupac.79.0117,HTTP 404 (OA link dead),W4254184131,1 PDF location(s) + Europe PMC tried; HTTPError: 404 Client Error: Not Found for url: https://www.degruyterbrill.com:443/printpdf/view/IUPAC/iupac.79.0117 | no Europe PMC OA full text
10.1515/zpch-2014-0640,https://doi.org/10.1515/zpch-2014-0640,Ab initio Variational Transition State Theory and Master Equation Study of the Reaction (OH)<sub>3</sub>SiOCH<sub>2</sub> + CH<sub>3</sub> ⇌ (OH)<sub>3</sub>SiOC<sub>2</sub>H<sub>5</sub>,2015,www.degruyter.com,https://www.degruyter.com/document/doi/10.1515/zpch-2014-0640/pdf,"HTML landing page, not a PDF",W2055421785,ValueError: response is not a PDF (probably an HTML landing page)
10.12681/eadd/29230,https://doi.org/10.12681/eadd/29230,Ab initio διερεύνησις της ηλεκτρονιακής δομής των διατομικών μέταλλο-οξειδίων FeO και CoO και των αντιστοίχων ιόντων FeO+- και CoO+-,2012,www.didaktorika.gr,https://www.didaktorika.gr/eadd/bitstream/10442/29230/1/29230.pdf,"HTML landing page, not a PDF",W378430352,ValueError: response is not a PDF (probably an HTML landing page)
10.2298/jsc130412044x,https://doi.org/10.2298/jsc130412044x,Theoretical prediction on the structures of the HMgN- and HNMg- anions using multiconfigurational methods,2014,www.doiserbia.nb.rs,http://www.doiserbia.nb.rs/ft.aspx?id=0352-51391300044X,TLS/SSL failure,W2130192561,"1 PDF location(s) + Europe PMC tried; SSLError: HTTPSConnectionPool(host='www.doiserbia.nb.rs', port=443): Max retries exceeded with url: /ft.aspx?id=0352-51391300044X (Caused by SSLError(SSLCertVerificationError(1, ""[SSL: CERTIFICATE_VERIFY_FAILED] certificate verify failed: Hostname mismatch, cert"
10.1021/acs.jpca.8b12244,https://doi.org/10.1021/acs.jpca.8b12244,Pentadiynylidene and Its Methyl-Substituted Derivates: Threshold Photoelectron Spectroscopy of R<sub>1</sub>-C<sub>5</sub>-R<sub>2</sub> Triplet Carbon Chains,2019,www.dora.lib4ri.ch,https://www.dora.lib4ri.ch/psi/islandora/object/psi%3A24255,"HTML landing page, not a PDF",W2917640538,ValueError: response is not a PDF (probably an HTML landing page)
10.1111/hdi.12739,https://doi.org/10.1111/hdi.12739,Medication regimen complexity and medication adherence in elderly patients with chronic kidney disease,2019,www.duo.uio.no,https://www.duo.uio.no/bitstream/10852/73950/1/Parker_et_al-2019-Hemodialysis_International.pdf,HTTP 403 (publisher blocks scripted clients),W2915447319,HTTPError: 403 Client Error: Forbidden for url: https://www.duo.uio.no/bitstream/10852/73950/1/Parker_et_al-2019-Hemodialysis_International.pdf
10.22032/dbt.39518,https://doi.org/10.22032/dbt.39518,3d transition metal and lanthanide containing molecular magnets: a theoretical approach,2019,www.helmholtz-berlin.de,https://www.helmholtz-berlin.de/pubbin/oai_publication?VT=1&ID=106602,no fetchable PDF and no Europe PMC full text,W2981095492,0 PDF location(s) + Europe PMC tried; no Europe PMC OA full text
10.1016/j.jms.2016.09.001,https://doi.org/10.1016/j.jms.2016.09.001,Dispersed-fluorescence spectroscopy of jet-cooled calcium ethoxide radical (CaOC2H5),2016,www.ideals.illinois.edu,https://www.ideals.illinois.edu/items/97997/bitstreams/314133/data.pdf,HTTP 403 (publisher blocks scripted clients),W2519793357,1 PDF location(s) + Europe PMC tried; HTTPError: 403 Client Error: Forbidden for url: https://www.ideals.illinois.edu/items/97997/bitstreams/314133/data.pdf | no Europe PMC OA full text
10.15278/isms.2015.ti08,https://doi.org/10.15278/isms.2015.ti08,TOWARD THE ACCURATE SIMULATION OF TWO-DIMENSIONAL ELECTRONIC SPECTRA,2015,www.ideals.illinois.edu,https://www.ideals.illinois.edu/items/90734/bitstreams/233400/data.pdf,HTTP 403 (publisher blocks scripted clients),W2319068655,HTTPError: 403 Client Error: Forbidden for url: https://www.ideals.illinois.edu/items/90734/bitstreams/233400/data.pdf
10.15278/isms.2016.te07,https://doi.org/10.15278/isms.2016.te07,CO-ASSIGNMENT OF THE MOLECULAR VIBRATIONAL FREQUENCIES IN DIFFERENT ELECTRONIC STATES,2016,www.ideals.illinois.edu,https://www.ideals.illinois.edu/items/97950/bitstreams/313983/data.pdf,HTTP 403 (publisher blocks scripted clients),W2518086509,HTTPError: 403 Client Error: Forbidden for url: https://www.ideals.illinois.edu/items/97950/bitstreams/313983/data.pdf
10.15278/isms.2017.mg03,https://doi.org/10.15278/isms.2017.mg03,DVR3DUV: A SUITE FOR HIGH ACCURACY CALCULATIONS OF RO-VIBRONIC SPECTRA OF TRIATOMIC MOLECUlES,2017,www.ideals.illinois.edu,https://www.ideals.illinois.edu/items/104770/bitstreams/331908/data.pdf,HTTP 403 (publisher blocks scripted clients),W2741802373,HTTPError: 403 Client Error: Forbidden for url: https://www.ideals.illinois.edu/items/104770/bitstreams/331908/data.pdf
10.15278/isms.2017.tj06,https://doi.org/10.15278/isms.2017.tj06,"HIGH ACCURACY POTENTIAL ENERGY SURFACE, DIPOLE MOMENT SURFACE, ROVIBRATIONAL ENERGIES AND LINE LIST CALCULATIONS FOR 14NH3",2017,www.ideals.illinois.edu,https://www.ideals.illinois.edu/items/104724/bitstreams/331767/data.pdf,HTTP 403 (publisher blocks scripted clients),W2741696837,HTTPError: 403 Client Error: Forbidden for url: https://www.ideals.illinois.edu/items/104724/bitstreams/331767/data.pdf
10.15278/isms.2018.ta06,https://doi.org/10.15278/isms.2018.ta06,DUAL-COMB SPECTROSCOPY USING A DUAL-COMB FIBER LASER BASED ON HYBRID PULSE FORMATION MECHANISMS,2018,www.ideals.illinois.edu,https://www.ideals.illinois.edu/items/109167/bitstreams/357085/data.pdf,HTTP 403 (publisher blocks scripted clients),W2901492982,HTTPError: 403 Client Error: Forbidden for url: https://www.ideals.illinois.edu/items/109167/bitstreams/357085/data.pdf
10.15278/isms.2018.th06,https://doi.org/10.15278/isms.2018.th06,FROM LINES TO STATES WITHOUT A MODEL,2018,www.ideals.illinois.edu,https://www.ideals.illinois.edu/bitstream/2142/100642/4/1190181.pdf,no fetchable PDF and no Europe PMC full text,W2901331326,0 PDF location(s) + Europe PMC tried; no Europe PMC OA full text
10.15278/isms.2018.wc05,https://doi.org/10.15278/isms.2018.wc05,ON THE IMPORTANCE OF FAR-INFRARED SPECTROSCOPY FOR NON-POLAR SPHERICAL-TOP MOLECULES,2018,www.ideals.illinois.edu,https://www.ideals.illinois.edu/items/109023/bitstreams/356506/data.pdf,HTTP 403 (publisher blocks scripted clients),W2901846411,1 PDF location(s) + Europe PMC tried; HTTPError: 403 Client Error: Forbidden for url: https://www.ideals.illinois.edu/items/109023/bitstreams/356506/data.pdf | no Europe PMC OA full text
10.15278/isms.2018.wk02,https://doi.org/10.15278/isms.2018.wk02,STRUCTURAL CHARACTERIZATION OF PHENOXY RADICAL USING A MASS-CORRELATED BROADBAND MICROWAVE SPECTROMETER,2018,www.ideals.illinois.edu,https://www.ideals.illinois.edu/items/108842/bitstreams/355763/data.pdf,no fetchable PDF and no Europe PMC full text,W2901789799,0 PDF location(s) + Europe PMC tried; no Europe PMC OA full text
10.15278/isms.2020.mk05,https://doi.org/10.15278/isms.2020.mk05,CHEAP AND RELIABLE OPTIMIZATION OF EXCITED STATE ORBITALS WITH THE SQUARE GRADIENT MINIMIZATION (SGM) APPROACH.,2020,www.ideals.illinois.edu,https://www.ideals.illinois.edu/bitstream/2142/107362/1/4430.pdf,no fetchable PDF and no Europe PMC full text,W3048908689,0 PDF location(s) + Europe PMC tried; no Europe PMC OA full text
10.15278/isms.2021.fl12,https://doi.org/10.15278/isms.2021.fl12,"IR, VISIBLE, AND UV LINE LIST OF SILICON MONOXIDE (SiO) - A HACKATHON PROJECT",2021,www.ideals.illinois.edu,https://www.ideals.illinois.edu/bitstream/2142/111235/4/FL12_5424.pdf,HTTP 403 (publisher blocks scripted clients),W3204160446,HTTPError: 403 Client Error: Forbidden for url: https://www.ideals.illinois.edu/bitstream/2142/111235/4/FL12_5424.pdf
10.15278/isms.2023.6854,https://doi.org/10.15278/isms.2023.6854,A NEW LINE LIST FOR THE O2 SCHUMANN-RUNGE SYSTEM,2023,www.ideals.illinois.edu,https://www.ideals.illinois.edu/items/129510/bitstreams/431858/data.pdf,HTTP 403 (publisher blocks scripted clients),W4396690824,HTTPError: 403 Client Error: Forbidden for url: https://www.ideals.illinois.edu/items/129510/bitstreams/431858/data.pdf
10.15278/isms.2023.7038,https://doi.org/10.15278/isms.2023.7038,AN AB INITIO STUDY AND INITIAL REFINEMENT OF THE ROVIBRONIC SPECTRUM OF SULFUR MONOXIDE (32S16O): DIABATIC VS. ADIABATIC REPRESENTATION AND THEIR EQUIVALENCE IN NUCLEAR MOTION CALCULATIONS,2023,www.ideals.illinois.edu,https://www.ideals.illinois.edu/items/129743/bitstreams/432826/data.pdf,HTTP 403 (publisher blocks scripted clients),W4396690255,HTTPError: 403 Client Error: Forbidden for url: https://www.ideals.illinois.edu/items/129743/bitstreams/432826/data.pdf
10.5334/ijic.2624,https://doi.org/10.5334/ijic.2624,A person centred approach for reducing drug burden in complex patients with multimorbidity,2016,www.ijic.org,http://www.ijic.org/articles/10.5334/ijic.2624/galley/3446/download/,"HTML landing page, not a PDF",W2578994313,ValueError: response is not a PDF (probably an HTML landing page)
10.1039/d0cp06321e,https://doi.org/10.1039/d0cp06321e,The effect of spin polarization on the electron transport of molecular wires with diradical character,2021,www.investigo.biblioteca.uvigo.es,https://www.investigo.biblioteca.uvigo.es/xmlui/bitstream/11093/5960/4/2021_ramos_spin_polarization.pdf,TLS/SSL failure,W3126938191,"1 PDF location(s) + Europe PMC tried; SSLError: HTTPSConnectionPool(host='www.investigo.biblioteca.uvigo.es', port=443): Max retries exceeded with url: /xmlui/bitstream/11093/5960/4/2021_ramos_spin_polarization.pdf (Caused by SSLError(SSLCertVerificationError(1, '[SSL: CERTIFICATE_VERIFY_FAILED] cer"
10.1063/5.0159509,https://doi.org/10.1063/5.0159509,The 2-pyridone/2-hydroxypyridine tautomerism in gas phase: An excited state roaming reaction,2023,www.investigo.biblioteca.uvigo.es,https://www.investigo.biblioteca.uvigo.es/xmlui/bitstream/11093/10415/4/2023_Queizan_JCP_2_pyridone_2_hydroxypyridine.pdf,no fetchable PDF and no Europe PMC full text,W4386116182,0 PDF location(s) + Europe PMC tried; no Europe PMC OA full text
10.1016/j.healun.2014.01.845,https://doi.org/10.1016/j.healun.2014.01.845,Assessment of Medication Regimen Complexity Over Time Following Heart Transplantation,2014,www.jhltonline.org,http://www.jhltonline.org/article/S1053249814008596/pdf,HTTP 403 (publisher blocks scripted clients),W2120536974,HTTPError: 403 Client Error: Forbidden for url: https://www.jhltonline.org/article/S1053249814008596/pdf
10.1246/bcsj.20140180,https://doi.org/10.1246/bcsj.20140180,Theoretical Study of the π → π* Excited States of Oligoacenes: A Full π-Valence DMRG-CASPT2 Study,2014,www.journal.csj.jp,http://www.journal.csj.jp/doi/pdf/10.1246/bcsj.20140180,"HTML landing page, not a PDF",W2518781058,ValueError: response is not a PDF (probably an HTML landing page)
10.3390/atmos12081053,https://doi.org/10.3390/atmos12081053,Kinetics of the Reactions of Ozone with Halogen Atoms in the Stratosphere,2021,www.mdpi.com,https://www.mdpi.com/2073-4433/12/8/1053/pdf?version=1629357156,HTTP 403 (publisher blocks scripted clients),W3194097817,HTTPError: 403 Client Error: Forbidden for url: https://www.mdpi.com/2073-4433/12/8/1053/pdf?version=1629357156
10.3390/atoms10020048,https://doi.org/10.3390/atoms10020048,Electronic Structure of Lr+ (Z = 103) from Ab Initio Calculations,2022,www.mdpi.com,https://www.mdpi.com/2218-2004/10/2/48/pdf?version=1652085207,HTTP 403 (publisher blocks scripted clients),W4229454780,HTTPError: 403 Client Error: Forbidden for url: https://www.mdpi.com/2218-2004/10/2/48/pdf?version=1652085207
10.3390/i3050522,https://doi.org/10.3390/i3050522,Alternative Multi–reference State–specific Coupled Cluster Wave Functions,2002,www.mdpi.com,https://www.mdpi.com/1422-0067/3/5/522/pdf?version=1403128968,HTTP 403 (publisher blocks scripted clients),W2119405742,1 PDF location(s) + Europe PMC tried; HTTPError: 403 Client Error: Forbidden for url: https://www.mdpi.com/1422-0067/3/5/522/pdf?version=1403128968 | no Europe PMC OA full text
10.3390/magnetochemistry11050043,https://doi.org/10.3390/magnetochemistry11050043,ESR and Mössbauer Spectroscopy of Iron(III) Spin Crossover Complexes Based on Pentadentate Schiff Base Ligands with Pseudohalide Coligands,2025,www.mdpi.com,https://www.mdpi.com/2312-7481/11/5/43/pdf?version=1747045211,HTTP 403 (publisher blocks scripted clients),W4410302228,1 PDF location(s) + Europe PMC tried; HTTPError: 403 Client Error: Forbidden for url: https://www.mdpi.com/2312-7481/11/5/43/pdf?version=1747045211 | no Europe PMC OA full text
10.3390/magnetochemistry7080107,https://doi.org/10.3390/magnetochemistry7080107,Methods and Models of Theoretical Calculation for Single-Molecule Magnets,2021,www.mdpi.com,https://www.mdpi.com/2312-7481/7/8/107/pdf?version=1627523283,HTTP 403 (publisher blocks scripted clients),W3186397763,1 PDF location(s) + Europe PMC tried; HTTPError: 403 Client Error: Forbidden for url: https://www.mdpi.com/2312-7481/7/8/107/pdf?version=1627523283 | no Europe PMC OA full text
10.3390/magnetochemistry9060154,https://doi.org/10.3390/magnetochemistry9060154,Magneto-Structural Analysis of Hydroxido-Bridged CuII2 Complexes: Density Functional Theory and Other Treatments,2023,www.mdpi.com,https://www.mdpi.com/2312-7481/9/6/154/pdf?version=1686821636,HTTP 403 (publisher blocks scripted clients),W4380367893,1 PDF location(s) + Europe PMC tried; HTTPError: 403 Client Error: Forbidden for url: https://www.mdpi.com/2312-7481/9/6/154/pdf?version=1686821636 | no Europe PMC OA full text
10.3390/rs14163946,https://doi.org/10.3390/rs14163946,Increasing Atmospheric Aridity Moderates the Accelerated Rate of Vegetation Green-Up Induced by Rising CO2 and Warming,2022,www.mdpi.com,https://www.mdpi.com/2072-4292/14/16/3946/pdf?version=1660627883,HTTP 403 (publisher blocks scripted clients),W4292182844,HTTPError: 403 Client Error: Forbidden for url: https://www.mdpi.com/2072-4292/14/16/3946/pdf?version=1660627883
10.3390/rs16193726,https://doi.org/10.3390/rs16193726,Analysis of the Grid Quantization for the Microwave Radar Coincidence Imaging Based on Basic Correlation Algorithm,2024,www.mdpi.com,https://www.mdpi.com/2072-4292/16/19/3726/pdf?version=1728296013,HTTP 403 (publisher blocks scripted clients),W4403191560,HTTPError: 403 Client Error: Forbidden for url: https://www.mdpi.com/2072-4292/16/19/3726/pdf?version=1728296013
10.3390/su141811685,https://doi.org/10.3390/su141811685,Conceptualizing and Measuring Megacity Resilience with an Integrated Approach: The Case of China,2022,www.mdpi.com,https://www.mdpi.com/2071-1050/14/18/11685/pdf?version=1663746819,HTTP 403 (publisher blocks scripted clients),W4296746323,HTTPError: 403 Client Error: Forbidden for url: https://www.mdpi.com/2071-1050/14/18/11685/pdf?version=1663746819
10.1016/j.cplett.2016.11.003,https://doi.org/10.1016/j.cplett.2016.11.003,The low-lying electronic states of MgO,2016,www.ncbi.nlm.nih.gov,https://www.ncbi.nlm.nih.gov/pmc/articles/7370976,"HTML landing page, not a PDF",W2557094561,ValueError: response is not a PDF (probably an HTML landing page)
10.1016/j.expneurol.2013.11.005,https://doi.org/10.1016/j.expneurol.2013.11.005,Targeting deficiencies in mitochondrial respiratory complex I and functional uncoupling exerts anti-seizure effects in a genetic model of temporal lobe epilepsy and in a model of acute temporal lobe seizures,2013,www.ncbi.nlm.nih.gov,https://www.ncbi.nlm.nih.gov/pmc/articles/3990438,"HTML landing page, not a PDF",W2050422609,ValueError: response is not a PDF (probably an HTML landing page)
10.1016/j.japh.2022.04.005,https://doi.org/10.1016/j.japh.2022.04.005,Identifying opportunities for pediatric medication therapy management in children with medical complexity,2022,www.ncbi.nlm.nih.gov,https://www.ncbi.nlm.nih.gov/pmc/articles/9464681,"HTML landing page, not a PDF",W4223535504,ValueError: response is not a PDF (probably an HTML landing page)
10.1021/acs.jctc.0c01015,https://doi.org/10.1021/acs.jctc.0c01015,Block-Localized Excitation for Excimer Complex and Diabatic Coupling,2020,www.ncbi.nlm.nih.gov,https://www.ncbi.nlm.nih.gov/pmc/articles/8214332,"HTML landing page, not a PDF",W3115045706,ValueError: response is not a PDF (probably an HTML landing page)
10.1021/acs.jctc.0c01078,https://doi.org/10.1021/acs.jctc.0c01078,QM/MM Investigation of the Spectroscopic Properties of the Fluorophore of Bacterial Luciferase,2021,www.ncbi.nlm.nih.gov,https://www.ncbi.nlm.nih.gov/pmc/articles/9220819,"HTML landing page, not a PDF",W3121374908,ValueError: response is not a PDF (probably an HTML landing page)
10.1021/acscatal.1c02899,https://doi.org/10.1021/acscatal.1c02899,"Computational Study for CO<sub>2</sub>-to-CO Conversion over Proton Reduction Using [Re[bpyMe(Im-R)](CO)<sub>3</sub>Cl]<sup>+</sup> (R = Me, Me<sub>2</sub>, and Me<sub>4</sub>) Electrocatalysts and Comparison with Manganese Analogues",2021,www.ncbi.nlm.nih.gov,https://www.ncbi.nlm.nih.gov/pmc/articles/9973667,"HTML landing page, not a PDF",W3206105746,ValueError: response is not a PDF (probably an HTML landing page)
10.1073/pnas.242490299,https://doi.org/10.1073/pnas.242490299,Are helionitronium trications stable?,2002,www.ncbi.nlm.nih.gov,https://www.ncbi.nlm.nih.gov/pmc/articles/137711,"HTML landing page, not a PDF",W2103624659,ValueError: response is not a PDF (probably an HTML landing page)
10.1111/1475-6773.13456,https://doi.org/10.1111/1475-6773.13456,Construction and Validation of Claims‐Based Medication Regimen Complexity Index,2020,www.ncbi.nlm.nih.gov,https://www.ncbi.nlm.nih.gov/pmc/articles/7440530,"HTML landing page, not a PDF",W3091220454,ValueError: response is not a PDF (probably an HTML landing page)
10.1136/ejhpharm-2017-001478,https://doi.org/10.1136/ejhpharm-2017-001478,Medication regimen complexity on hospital admission in patients with advanced chronic conditions in need of palliative care,2018,www.ncbi.nlm.nih.gov,https://www.ncbi.nlm.nih.gov/pmc/articles/6788279,"HTML landing page, not a PDF",W2802154371,ValueError: response is not a PDF (probably an HTML landing page)
10.1136/ejhpharm-2018-eahpconf.536,https://doi.org/10.1136/ejhpharm-2018-eahpconf.536,INT-011 Prevalence and pharmacotherapeutic complexity of polypharmacy in hiv+ patients in spain: point study,2018,www.ncbi.nlm.nih.gov,https://www.ncbi.nlm.nih.gov/pmc/articles/7535411,"HTML landing page, not a PDF",W2803411094,ValueError: response is not a PDF (probably an HTML landing page)
10.5863/1551-6776-26.3.248,https://doi.org/10.5863/1551-6776-26.3.248,Association of Medication Regimen Complexity With Clinical Endpoints in Pediatric Patients With Cystic Fibrosis,2021,www.ncbi.nlm.nih.gov,https://www.ncbi.nlm.nih.gov/pmc/articles/8021245,"HTML landing page, not a PDF",W3142914830,ValueError: response is not a PDF (probably an HTML landing page)
10.1007/s00214-016-1867-z,https://doi.org/10.1007/s00214-016-1867-z,Spectroscopic fingerprints of DNA/RNA pyrimidine nucleobases in third-order nonlinear electronic spectra,2016,www.openaccessrepository.it,https://www.openaccessrepository.it/record/23829,no fetchable PDF and no Europe PMC full text,W2340936029,0 PDF location(s) + Europe PMC tried; no Europe PMC OA full text
10.1111/php.12770,https://doi.org/10.1111/php.12770,On the Simulation of Two‐dimensional Electronic Spectroscopy of Indole‐containing Peptides,2017,www.openaccessrepository.it,https://www.openaccessrepository.it/record/104721,no fetchable PDF and no Europe PMC full text,W2605019432,0 PDF location(s) + Europe PMC tried; no Europe PMC OA full text
10.1016/j.proci.2014.05.097,https://doi.org/10.1016/j.proci.2014.05.097,Pressure-dependent branching in the reaction of 1 CH 2 with C 2 H 4 and other reactions on the C 3 H 6 potential energy surface,2014,www.osti.gov,https://www.osti.gov/biblio/1251902,"HTML landing page, not a PDF",W2092280721,ValueError: response is not a PDF (probably an HTML landing page)
10.1016/j.proci.2016.05.031,https://doi.org/10.1016/j.proci.2016.05.031,Predictive kinetics on the formation and decomposition of ethylbenzene,2016,www.osti.gov,https://www.osti.gov/biblio/1780090,"HTML landing page, not a PDF",W2423339577,ValueError: response is not a PDF (probably an HTML landing page)
10.1021/acs.inorgchem.1c01606,https://doi.org/10.1021/acs.inorgchem.1c01606,Influence of Outer-Sphere Anions on the Photoluminescence from Samarium(II) Crown Complexes,2021,www.osti.gov,https://www.osti.gov/biblio/1859315,no fetchable PDF and no Europe PMC full text,W3204013324,0 PDF location(s) + Europe PMC tried; no Europe PMC OA full text
10.1021/acs.inorgchem.1c01766,https://doi.org/10.1021/acs.inorgchem.1c01766,Using Redox-Active Ligands to Generate Actinide Ligand Radical Species,2021,www.osti.gov,https://www.osti.gov/biblio/1858051,no fetchable PDF and no Europe PMC full text,W3201935727,0 PDF location(s) + Europe PMC tried; no Europe PMC OA full text
10.1021/acs.inorgchem.6b01052,https://doi.org/10.1021/acs.inorgchem.6b01052,Molecular and Electronic Structure of Re<sub>2</sub>Br<sub>4</sub>(PMe<sub>3</sub>)<sub>4</sub>,2016,www.osti.gov,https://www.osti.gov/biblio/1339564,no fetchable PDF and no Europe PMC full text,W2465936990,0 PDF location(s) + Europe PMC tried; no Europe PMC OA full text
10.1021/acs.jctc.0c00518,https://doi.org/10.1021/acs.jctc.0c00518,"Spin Splitting Energy of Transition Metals: A New, More Affordable Wave Function Benchmark Method and Its Use to Test Density Functional Theory",2020,www.osti.gov,https://www.osti.gov/servlets/purl/1712732,"HTML landing page, not a PDF",W3034431156,1 PDF location(s) + Europe PMC tried; ValueError: not a PDF (probably an HTML landing page) | no Europe PMC OA full text
10.1021/acs.jctc.1c00034,https://doi.org/10.1021/acs.jctc.1c00034,Improved Spin-State Energy Differences of Fe(II) Molecular and Crystalline Complexes <i>via</i> the Hubbard <i>U</i>-Corrected Density,2021,www.osti.gov,https://www.osti.gov/biblio/1857245,HTTP 404 (OA link dead),W3140478948,HTTPError: 404 Client Error:  for url: https://www.osti.gov/biblio/1857245
10.1021/acs.jctc.1c00485,https://doi.org/10.1021/acs.jctc.1c00485,"Quantitative Account of the Bonding Properties of a Rubredoxin Model Complex [Fe(SCH<sub>3</sub>)<sub>4</sub>]<sup><i>q</i></sup>, <i>q</i> = −2, −1, +2, +3",2021,www.osti.gov,https://www.osti.gov/biblio/1857085,no fetchable PDF and no Europe PMC full text,W3201008725,0 PDF location(s) + Europe PMC tried; no Europe PMC OA full text
10.1021/acs.jctc.4c00781,https://doi.org/10.1021/acs.jctc.4c00781,"Importance of Electron Correlation on the Geometry and Electronic Structure of [2Fe–2S] Systems: A Benchmark Study of the [Fe<sub>2</sub>S<sub>2</sub>(SCH<sub>3</sub>)<sub>4</sub>]<sup>2–,3–,4–</sup>, [Fe<sub>2</sub>S<sub>2</sub>(SCys)<sub>4</sub>]<sup>2–</sup>, [Fe<sub>2</sub>S<sub>2</sub>(S-<i>p</i>-tol)<sub>4</sub>]<sup>2–</sup>, and [Fe<sub>2</sub>S<sub>2</sub>(S-<i>o</i>-xyl)<sub>4</sub>]<sup>2–</sup> Complexes",2024,www.osti.gov,https://www.osti.gov/biblio/2549389,no fetchable PDF and no Europe PMC full text,W4404518519,0 PDF location(s) + Europe PMC tried; no Europe PMC OA full text
10.1021/acs.jctc.5b00609,https://doi.org/10.1021/acs.jctc.5b00609,Multiconfiguration Pair-Density Functional Theory: A Fully Translated Gradient Approximation and Its Performance for Transition Metal Dimers and the Spectroscopy of Re<sub>2</sub>Cl<sub>8</sub><sup>2–</sup>,2015,www.osti.gov,https://www.osti.gov/biblio/1370937,"HTML landing page, not a PDF",W2233554590,ValueError: response is not a PDF (probably an HTML landing page)
10.1021/acs.jctc.7b00699,https://doi.org/10.1021/acs.jctc.7b00699,Development of a TDDFT-Based Protocol with Local Hybrid Functionals for the Screening of Potential Singlet Fission Chromophores,2017,www.osti.gov,https://www.osti.gov/biblio/1688388,"HTML landing page, not a PDF",W2752399017,ValueError: response is not a PDF (probably an HTML landing page)
10.1021/acs.jctc.8b00136,https://doi.org/10.1021/acs.jctc.8b00136,An MS-CASPT2 Calculation of the Excited Electronic States of an Axial Difluoroborondipyrromethene (BODIPY) Dimer,2018,www.osti.gov,https://www.osti.gov/biblio/1688392,"HTML landing page, not a PDF",W2807599621,ValueError: response is not a PDF (probably an HTML landing page)
10.1021/acs.jctc.9b00966,https://doi.org/10.1021/acs.jctc.9b00966,Reaction Profiles and Kinetics for Radical–Radical Hydrogen Abstraction via Multireference Coupled Cluster Theory,2020,www.osti.gov,https://www.osti.gov/biblio/1632850,"HTML landing page, not a PDF",W3009005799,ValueError: response is not a PDF (probably an HTML landing page)
10.1021/acs.jpca.1c02628,https://doi.org/10.1021/acs.jpca.1c02628,Metal-to-Ligand Charge-Transfer Spectrum of a Ru-Bipyridine-Sensitized TiO<sub>2</sub> Cluster from Embedded Multiconfigurational Excited-State Theory,2021,www.osti.gov,https://www.osti.gov/biblio/1807972,"HTML landing page, not a PDF",W3165850044,ValueError: response is not a PDF (probably an HTML landing page)
10.1021/acs.jpca.1c03482,https://doi.org/10.1021/acs.jpca.1c03482,"The Low-Lying Electronic States of NO<sub>2</sub>: Potential Energy and Dipole Surfaces, Bound States, and Electronic Absorption Spectrum",2021,www.osti.gov,https://www.osti.gov/biblio/1859475,HTTP 404 (OA link dead),W3171456869,HTTPError: 404 Client Error:  for url: https://www.osti.gov/biblio/1859475
10.1021/acs.jpca.2c06012,https://doi.org/10.1021/acs.jpca.2c06012,Electronic Properties of UN and UN<sup>–</sup> from Photoelectron Spectroscopy and Correlated Molecular Orbital Theory,2022,www.osti.gov,https://www.osti.gov/biblio/1909832,"HTML landing page, not a PDF",W4307035906,ValueError: response is not a PDF (probably an HTML landing page)
10.1021/acs.jpca.3c05803,https://doi.org/10.1021/acs.jpca.3c05803,Multiconfiguration Pair-Density Functional Theory for Vertical Excitation Energies in Actinide Molecules,2023,www.osti.gov,https://www.osti.gov/biblio/2566401,"HTML landing page, not a PDF",W4387964926,ValueError: response is not a PDF (probably an HTML landing page)
10.1021/acs.jpcb.0c03344,https://doi.org/10.1021/acs.jpcb.0c03344,Nonadiabatic Dynamics of Photoexcited <i>cis</i>-Stilbene Using Ab Initio Multiple Spawning,2020,www.osti.gov,https://www.osti.gov/biblio/1646879,no fetchable PDF and no Europe PMC full text,W3026749568,0 PDF location(s) + Europe PMC tried; no Europe PMC OA full text
10.1021/acs.jpcb.5b09838,https://doi.org/10.1021/acs.jpcb.5b09838,Dynamical Correlation Effects on Photoisomerization: Ab Initio Multiple Spawning Dynamics with MS-CASPT2 for a Model <i>trans</i>-Protonated Schiff Base,2015,www.osti.gov,https://www.osti.gov/biblio/1257516,no fetchable PDF and no Europe PMC full text,W2239528024,0 PDF location(s) + Europe PMC tried; no Europe PMC OA full text
10.1021/acs.jpcc.9b08955,https://doi.org/10.1021/acs.jpcc.9b08955,"Electronic States of 2,3-Diamino-1,4-naphthoquinone and Its N-Alkylated Derivatives",2019,www.osti.gov,https://www.osti.gov/biblio/1595567,"HTML landing page, not a PDF",W2987520320,ValueError: response is not a PDF (probably an HTML landing page)
10.1021/acs.jpclett.1c00926,https://doi.org/10.1021/acs.jpclett.1c00926,Time Resolved Photoelectron Spectroscopy as a Test of Electronic Structure and Nonadiabatic Dynamics,2021,www.osti.gov,https://www.osti.gov/biblio/1857449,no fetchable PDF and no Europe PMC full text,W3165842364,0 PDF location(s) + Europe PMC tried; no Europe PMC OA full text
10.1021/acs.jpclett.1c02042,https://doi.org/10.1021/acs.jpclett.1c02042,Machine-Learned Energy Functionals for Multiconfigurational Wave Functions,2021,www.osti.gov,https://www.osti.gov/biblio/1858863,no fetchable PDF and no Europe PMC full text,W3190439657,0 PDF location(s) + Europe PMC tried; no Europe PMC OA full text
10.1021/acs.jpclett.3c01308,https://doi.org/10.1021/acs.jpclett.3c01308,Exploring Ligand-to-Metal Charge-Transfer States in the Photo-Ferrioxalate System Using Excited-State Specific Optimization,2023,www.osti.gov,https://www.osti.gov/biblio/2522071,no fetchable PDF and no Europe PMC full text,W4385800761,0 PDF location(s) + Europe PMC tried; no Europe PMC OA full text
10.1021/jacs.1c07854,https://doi.org/10.1021/jacs.1c07854,A Uranium(II) Arene Complex That Acts as a Uranium(I) Synthon,2021,www.osti.gov,https://www.osti.gov/biblio/1857874,no fetchable PDF and no Europe PMC full text,W3211495661,0 PDF location(s) + Europe PMC tried; no Europe PMC OA full text
10.1021/jacs.2c12382,https://doi.org/10.1021/jacs.2c12382,Mechanism of Nitrogen-Carbon Bond Formation from Iron(IV) Disilylhydrazido Intermediates during N <sub>2</sub> Reduction,2023,www.osti.gov,https://www.osti.gov/biblio/1991803,no fetchable PDF and no Europe PMC full text,W4321004456,0 PDF location(s) + Europe PMC tried; no Europe PMC OA full text
10.1021/jacs.4c00458,https://doi.org/10.1021/jacs.4c00458,Conical Intersection Accessibility Dictates Brightness in Red Fluorescent Proteins,2024,www.osti.gov,https://www.osti.gov/biblio/2406285,no fetchable PDF and no Europe PMC full text,W4399722678,0 PDF location(s) + Europe PMC tried; no Europe PMC OA full text
10.1021/jp709940s,https://doi.org/10.1021/jp709940s,Isomer Energy Differences for the C<sub>4</sub>H<sub>3</sub>and C<sub>4</sub>H<sub>5</sub>Isomers Using Diffusion Monte Carlo,2008,www.osti.gov,https://www.osti.gov/biblio/929059,"HTML landing page, not a PDF",W66361549,ValueError: response is not a PDF (probably an HTML landing page)
10.1039/b703261g,https://doi.org/10.1039/b703261g,"Association rate constants for reactions between resonance-stabilized radicals: C3H3 + C3H3, C3H3 + C3H5, and C3H5 + C3H5",2007,www.osti.gov,https://www.osti.gov/biblio/1426969,"HTML landing page, not a PDF",W1975310240,ValueError: response is not a PDF (probably an HTML landing page)
10.1039/c9cp00635d,https://doi.org/10.1039/c9cp00635d,Excited states and excitonic interactions in prototypic polycyclic aromatic hydrocarbon dimers as models for graphitic interactions in carbon dots,2019,www.osti.gov,https://www.osti.gov/biblio/1499828,"HTML landing page, not a PDF",W2919376314,ValueError: response is not a PDF (probably an HTML landing page)
10.1039/d4cp02505a,https://doi.org/10.1039/d4cp02505a,Excited state electronic structure of dimethyl disulfide involved in photodissociation at ∼200 nm,2024,www.osti.gov,https://www.osti.gov/biblio/2440078,"HTML landing page, not a PDF",W4402049631,ValueError: response is not a PDF (probably an HTML landing page)
10.1063/1.4901718,https://doi.org/10.1063/1.4901718,"Controversial electronic structures and energies of Fe2, ${\rm Fe}_2^ +$ Fe 2+, and ${\rm Fe}_2^ -$ Fe 2− resolved by RASPT2 calculations",2014,www.osti.gov,https://www.osti.gov/biblio/1224322,"HTML landing page, not a PDF",W1686989691,ValueError: response is not a PDF (probably an HTML landing page)
10.1063/1.4954374,https://doi.org/10.1063/1.4954374,A new set of potential energy surfaces for HCO: Influence of Renner-Teller coupling on the bound and resonance vibrational states,2016,www.osti.gov,https://www.osti.gov/biblio/1259194,"HTML landing page, not a PDF",W2468624990,ValueError: response is not a PDF (probably an HTML landing page)
10.1063/1.4990673,https://doi.org/10.1063/1.4990673,Investigation of the ozone formation reaction pathway: Comparisons of full configuration interaction quantum Monte Carlo and fixed-node diffusion Monte Carlo with contracted and uncontracted MRCI,2017,www.osti.gov,https://www.osti.gov/biblio/1378819,"HTML landing page, not a PDF",W2751016850,ValueError: response is not a PDF (probably an HTML landing page)
10.1063/1.4993624,https://doi.org/10.1063/1.4993624,Potential energy surfaces of quintet and singlet O<sub>4</sub>,2017,www.osti.gov,https://www.osti.gov/biblio/1371795,"HTML landing page, not a PDF",W2737985594,ValueError: response is not a PDF (probably an HTML landing page)
10.1063/1.5037283,https://doi.org/10.1063/1.5037283,Reduced scaling CASPT2 using supporting subspaces and tensor hyper-contraction,2018,www.osti.gov,https://www.osti.gov/biblio/1468951,"HTML landing page, not a PDF",W2883748393,ValueError: response is not a PDF (probably an HTML landing page)
10.1063/1.5116699,https://doi.org/10.1063/1.5116699,X-ray linear and non-linear spectroscopy of the ESCA molecule,2019,www.osti.gov,https://www.osti.gov/biblio/1613248,"HTML landing page, not a PDF",W2974118289,ValueError: response is not a PDF (probably an HTML landing page)
10.1063/1.5145011,https://doi.org/10.1063/1.5145011,Three-dimensional potential energy surfaces of ArNO (X 2Π),2020,www.osti.gov,https://www.osti.gov/biblio/1605611,"HTML landing page, not a PDF",W3012231849,ValueError: response is not a PDF (probably an HTML landing page)
10.1063/5.0007417,https://doi.org/10.1063/5.0007417,Reduced scaling extended multi-state CASPT2 (XMS-CASPT2) using supporting subspaces and tensor hyper-contraction,2020,www.osti.gov,https://www.osti.gov/biblio/1647294,"HTML landing page, not a PDF",W3036375971,ValueError: response is not a PDF (probably an HTML landing page)
10.1063/5.0041389,https://doi.org/10.1063/5.0041389,Analytical derivatives of the individual state energies in ensemble density functional theory. II. Implementation on graphical processing units (GPUs),2021,www.osti.gov,https://www.osti.gov/biblio/1776568,"HTML landing page, not a PDF",W3133816824,ValueError: response is not a PDF (probably an HTML landing page)
10.2172/10180548,https://doi.org/10.2172/10180548,Quantum Monte Carlo methods and lithium cluster properties,1990,www.osti.gov,https://www.osti.gov/biblio/10180548,no fetchable PDF and no Europe PMC full text,W1489197653,0 PDF location(s) + Europe PMC tried; no Europe PMC OA full text
10.2172/1870412,https://doi.org/10.2172/1870412,Rules and Tools Crosswalk: A Compendium of Computational Tools to Support Geologic Carbon Storage Environmentally Protective UIC Class VI Permitting,2022,www.osti.gov,https://www.osti.gov/biblio/1870412,"HTML landing page, not a PDF",W4281636618,ValueError: response is not a PDF (probably an HTML landing page)
10.2172/7305434,https://doi.org/10.2172/7305434,(Electronic structure and reactivities of transition metal clusters),1992,www.osti.gov,https://www.osti.gov/biblio/7305434,no fetchable PDF and no Europe PMC full text,W4235299709,0 PDF location(s) + Europe PMC tried; no Europe PMC OA full text
10.2172/806585,https://doi.org/10.2172/806585,Scalable Computational Chemistry: New Developments and Applications,2002,www.osti.gov,https://www.osti.gov/biblio/806585,no fetchable PDF and no Europe PMC full text,W4235258545,0 PDF location(s) + Europe PMC tried; no Europe PMC OA full text
10.2172/959347,https://doi.org/10.2172/959347,"Electronic Structure of Transition Metal Clusters, Actinide Complexes and Their Reactivities",2009,www.osti.gov,https://www.osti.gov/biblio/959347,no fetchable PDF and no Europe PMC full text,W2021609111,0 PDF location(s) + Europe PMC tried; no Europe PMC OA full text
10.20944/preprints201608.0238.v1,https://doi.org/10.20944/preprints201608.0238.v1,The Role of Anisotropic Exchange in Single Molecule&amp;nbsp;Magnets: A CASSCF/NEVPT2 Study of the Fe&lt;sub&gt;4&amp;nbsp;&lt;/sub&gt;SMM Building Block [Fe&lt;sub&gt;2&lt;/sub&gt;(OCH&lt;sub&gt;3&lt;/sub&gt;)&lt;sub&gt;2&lt;/sub&gt;(dbm)&lt;sub&gt;4&lt;/sub&gt;] Dimer,2016,www.preprints.org,https://www.preprints.org/manuscript/201608.0238/v1/download,HTTP 403 (publisher blocks scripted clients),W2515781089,HTTPError: 403 Client Error: Forbidden for url: https://www.preprints.org/manuscript/201608.0238/v1/download
10.20944/preprints202408.0382.v1,https://doi.org/10.20944/preprints202408.0382.v1,Assessment of the Impact of Medication Regimen Complexity on Medication Adherence and Glycemic Control in Management of Type-2 Diabetes,2024,www.preprints.org,https://www.preprints.org/frontend/manuscript/575f282bfda5471b289bab4dc978146c/download_pub,HTTP 403 (publisher blocks scripted clients),W4401590200,HTTPError: 403 Client Error: Forbidden for url: https://www.preprints.org/frontend/manuscript/575f282bfda5471b289bab4dc978146c/download_pub
10.1063/1.5031787,https://doi.org/10.1063/1.5031787,"Ultrafast photodissociation dynamics of 1,4-diiodobenzene",2018,www.research.ed.ac.uk,https://www.research.ed.ac.uk/en/publications/d3eb3e43-572f-412d-b6e1-8d0ed4c6f821,"HTML landing page, not a PDF",W2803934679,ValueError: response is not a PDF (probably an HTML landing page)
10.28954/2020.csq.10.001,https://doi.org/10.28954/2020.csq.10.001,Cis and trans linkage of spin frustrated copper triangles creating Cu6 clusters,2020,www.sci2.org,https://www.sci2.org/app/download/17460746/Chem2_2020_4_4.pdf,HTTP 404 (OA link dead),W3096632642,1 PDF location(s) + Europe PMC tried; HTTPError: 404 Client Error: Not Found for url: https://sci2.org/app/download/17460746/Chem2_2020_4_4.pdf | no Europe PMC OA full text
10.1016/j.bbabio.2015.07.011,https://doi.org/10.1016/j.bbabio.2015.07.011,Vibrational relaxation as the driving force for wavelength conversion in the peridinin–chlorophyll a-protein,2015,www.sciencedirect.com,https://www.sciencedirect.com/science/article/pii/S0005272815001541/pdf,HTTP 403 (publisher blocks scripted clients),W949909991,HTTPError: 403 Client Error: Forbidden for url: https://www.sciencedirect.com/science/article/pii/S0005272815001541/pdf
10.1016/j.ccr.2010.12.027,https://doi.org/10.1016/j.ccr.2010.12.027,Relativistic effects in spectroscopy and photophysics of heavy-metal complexes illustrated by spin–orbit calculations of [Re(imidazole)(CO)3(phen)]+,2011,www.sciencedirect.com,https://www.sciencedirect.com/science/article/pii/S0010854511000129,HTTP 403 (publisher blocks scripted clients),W2158015647,HTTPError: 403 Client Error: Forbidden for url: https://www.sciencedirect.com/science/article/pii/S0010854511000129
10.1016/j.chemphys.2014.11.011,https://doi.org/10.1016/j.chemphys.2014.11.011,Excited electronic states of MnO4−: Challenges for wavefunction and density functional response theories,2014,www.sciencedirect.com,https://www.sciencedirect.com/science/article/pii/S0301010414003115/pdf,HTTP 403 (publisher blocks scripted clients),W2016041227,HTTPError: 403 Client Error: Forbidden for url: https://www.sciencedirect.com/science/article/pii/S0301010414003115/pdf
10.1016/j.chemphys.2018.07.025,https://doi.org/10.1016/j.chemphys.2018.07.025,Linear absorption spectra of solvated thiouracils resolved at the hybrid RASPT2/MM level,2018,www.sciencedirect.com,https://www.sciencedirect.com/science/article/pii/S0301010418303331,HTTP 403 (publisher blocks scripted clients),W2884417501,HTTPError: 403 Client Error: Forbidden for url: https://www.sciencedirect.com/science/article/pii/S0301010418303331
10.1016/j.cplett.2010.03.022,https://doi.org/10.1016/j.cplett.2010.03.022,Electronic structure and chemical bonding in W2 molecule,2010,www.sciencedirect.com,https://www.sciencedirect.com/science/article/pii/S0009261410004008/pdf,HTTP 403 (publisher blocks scripted clients),W2114024732,HTTPError: 403 Client Error: Forbidden for url: https://www.sciencedirect.com/science/article/pii/S0009261410004008/pdf
10.1016/j.cplett.2010.04.048,https://doi.org/10.1016/j.cplett.2010.04.048,Photophysics and photostability of adenine in aqueous solution: A theoretical study,2010,www.sciencedirect.com,https://www.sciencedirect.com/science/article/pii/S0009261410005865/pdf,HTTP 403 (publisher blocks scripted clients),W2009686959,HTTPError: 403 Client Error: Forbidden for url: https://www.sciencedirect.com/science/article/pii/S0009261410005865/pdf
10.1016/j.cplett.2011.02.047,https://doi.org/10.1016/j.cplett.2011.02.047,"Double ionization energies of HCl, HBr, Cl2 and Br2 molecules: An MRCI study",2011,www.sciencedirect.com,https://www.sciencedirect.com/science/article/pii/S0009261411002223/pdf,HTTP 403 (publisher blocks scripted clients),W2011386028,HTTPError: 403 Client Error: Forbidden for url: https://www.sciencedirect.com/science/article/pii/S0009261411002223/pdf
10.1016/j.cplett.2016.05.040,https://doi.org/10.1016/j.cplett.2016.05.040,A CASPT2 study of the spectral shift of the resonance emission lines of Rb and Cs embedded in liquid He,2016,www.sciencedirect.com,http://www.sciencedirect.com/science/article/pii/S0009261416303505,HTTP 403 (publisher blocks scripted clients),W2406716770,HTTPError: 403 Client Error: Forbidden for url: https://www.sciencedirect.com/science/article/pii/S0009261416303505
10.1016/j.jbi.2014.04.004,https://doi.org/10.1016/j.jbi.2014.04.004,Automation of a high risk medication regime algorithm in a home health care population,2014,www.sciencedirect.com,https://www.sciencedirect.com/science/article/pii/S1532046414000896/pdf,HTTP 403 (publisher blocks scripted clients),W2139561816,HTTPError: 403 Client Error: Forbidden for url: https://www.sciencedirect.com/science/article/pii/S1532046414000896/pdf
10.1016/j.jms.2020.111326,https://doi.org/10.1016/j.jms.2020.111326,"The ion-pair character of the B <mml:math xmlns:mml=""http://www.w3.org/1998/Math/MathML"" altimg=""si38.svg""> <mml:mrow> <mml:msup> <mml:mrow> <mml:mn>0</mml:mn> </mml:mrow> <mml:mrow> <mml:mo>+</mml:mo> </mml:mrow> </mml:msup> </mml:mrow> </mml:math> state of CuAg",2020,www.sciencedirect.com,https://www.sciencedirect.com/science/article/pii/S0022285220300941/pdf,HTTP 403 (publisher blocks scripted clients),W3038590773,HTTPError: 403 Client Error: Forbidden for url: https://www.sciencedirect.com/science/article/pii/S0022285220300941/pdf
10.1016/j.jphotochem.2022.114513,https://doi.org/10.1016/j.jphotochem.2022.114513,Nonadiabatic molecular dynamics study of a complete photoswitching cycle for a full-size diarylethene system,2022,www.sciencedirect.com,https://www.sciencedirect.com/science/article/pii/S1010603022007365/pdf,HTTP 403 (publisher blocks scripted clients),W4312203870,HTTPError: 403 Client Error: Forbidden for url: https://www.sciencedirect.com/science/article/pii/S1010603022007365/pdf
10.1016/j.jqsrt.2020.107069,https://doi.org/10.1016/j.jqsrt.2020.107069,Ab-initio study of the ground and low-lying excited states including the spin-orbit effect of RbBa molecule and laser cooling feasibility,2020,www.sciencedirect.com,https://www.sciencedirect.com/science/article/am/pii/S0022407320301916?via%3Dihub,HTTP 403 (publisher blocks scripted clients),W3027163839,HTTPError: 403 Client Error: Forbidden for url: https://www.sciencedirect.com/science/article/am/pii/S0022407320301916?via%3Dihub
10.1016/j.proci.2018.06.137,https://doi.org/10.1016/j.proci.2018.06.137,Analysis of acetic acid gas phase reactivity: Rate constant estimation and kinetic simulations,2018,www.sciencedirect.com,https://www.sciencedirect.com/science/article/pii/S1540748918303201/pdf,HTTP 403 (publisher blocks scripted clients),W2864476353,HTTPError: 403 Client Error: Forbidden for url: https://www.sciencedirect.com/science/article/pii/S1540748918303201/pdf
10.1016/j.proci.2022.06.003,https://doi.org/10.1016/j.proci.2022.06.003,An experimental and theoretical kinetic study of t-butyl radical reaction with molecular oxygen,2022,www.sciencedirect.com,https://www.sciencedirect.com/science/article/pii/S1540748922000037/pdf,HTTP 403 (publisher blocks scripted clients),W4286677340,HTTPError: 403 Client Error: Forbidden for url: https://www.sciencedirect.com/science/article/pii/S1540748922000037/pdf
10.1016/j.proci.2022.08.024,https://doi.org/10.1016/j.proci.2022.08.024,"H-abstractions by O2, NO2, NH2, and HO2 from H2NO: Theoretical study and implications for ammonia low-temperature kinetics",2022,www.sciencedirect.com,https://www.sciencedirect.com/science/article/pii/S1540748922003078/pdf,HTTP 403 (publisher blocks scripted clients),W4306318672,HTTPError: 403 Client Error: Forbidden for url: https://www.sciencedirect.com/science/article/pii/S1540748922003078/pdf
10.1016/s0009-2614(00)00281-5,https://doi.org/10.1016/s0009-2614(00)00281-5,On the dissociation of N6 into 3 N2 molecules,2000,www.sciencedirect.com,https://www.sciencedirect.com/science/article/pii/S0009261400002815,HTTP 403 (publisher blocks scripted clients),W1758752691,1 PDF location(s) + Europe PMC tried; HTTPError: 403 Client Error: Forbidden for url: https://www.sciencedirect.com/science/article/pii/S0009261400002815 | no Europe PMC OA full text
10.1016/s0009-2614(01)00633-9,https://doi.org/10.1016/s0009-2614(01)00633-9,A theoretical study of the electronic spectroscopy of the SiF3 radical,2001,www.sciencedirect.com,https://www.sciencedirect.com/science/article/pii/S0009261401006339,HTTP 403 (publisher blocks scripted clients),W2129637977,1 PDF location(s) + Europe PMC tried; HTTPError: 403 Client Error: Forbidden for url: https://www.sciencedirect.com/science/article/pii/S0009261401006339 | no Europe PMC OA full text
10.1016/s0020-1693(96)05244-9,https://doi.org/10.1016/s0020-1693(96)05244-9,Exchange interactions in Ti2Cl93−: a critical analysis,1996,www.sciencedirect.com,https://www.sciencedirect.com/science/article/pii/S0020169396052449,HTTP 403 (publisher blocks scripted clients),W2076969403,1 PDF location(s) + Europe PMC tried; HTTPError: 403 Client Error: Forbidden for url: https://www.sciencedirect.com/science/article/pii/S0020169396052449 | no Europe PMC OA full text
10.1360/tb-2024-0194,https://doi.org/10.1360/tb-2024-0194,强关联分子体系电子结构方法研究进展,2024,www.sciengine.com,https://www.sciengine.com/doi/pdf/75A8458E9C6247ECA142DF5A08D7601E,connection refused / DNS failure,W4398186591,"ConnectionError: HTTPSConnectionPool(host='www.sciengine.com', port=443): Max retries exceeded with url: /doi/pdf/75A8458E9C6247ECA142DF5A08D7601E (Caused by NewConnectionError(""HTTPSConnection(host='www.sciengine.com', port=443): Failed to establish a new connection: [Errno 111] Connection refused"""
10.1360/tb-2024-1133,https://doi.org/10.1360/tb-2024-1133,Block effective Hamiltonian theory and its application to atomic and molecular systems,2025,www.sciengine.com,https://www.sciengine.com/doi/pdf/7533707B6CAA480A9266A8D22F77F545,connection refused / DNS failure,W4408586526,"ConnectionError: HTTPSConnectionPool(host='www.sciengine.com', port=443): Max retries exceeded with url: /doi/pdf/7533707B6CAA480A9266A8D22F77F545 (Caused by NewConnectionError(""HTTPSConnection(host='www.sciengine.com', port=443): Failed to establish a new connection: [Errno 111] Connection refused"""
10.1360/zb2000-30-5-473,https://doi.org/10.1360/zb2000-30-5-473,ClH&amp;#60;SUB&amp;#62;2&amp;#60;/SUB&amp;#62;反应体系的一个完全从头算的势能面&amp;#60;SUP&amp;#62;*&amp;#60;/SUP&amp;#62;,2000,www.sciengine.com,https://www.sciengine.com/doi/pdf/aafffc569d2e4b928e2f79211577a8e7,connection refused / DNS failure,W4244820517,"ConnectionError: HTTPSConnectionPool(host='www.sciengine.com', port=443): Max retries exceeded with url: /doi/pdf/aafffc569d2e4b928e2f79211577a8e7 (Caused by NewConnectionError(""HTTPSConnection(host='www.sciengine.com', port=443): Failed to establish a new connection: [Errno 111] Connection refused"""
10.1360/zb2004-34-2-148,https://doi.org/10.1360/zb2004-34-2-148,双收缩CI方法及其应用,2004,www.sciengine.com,https://www.sciengine.com/doi/pdf/2a4b6535540548c693c56ef21e58e9d4,connection refused / DNS failure,W4255390721,"ConnectionError: HTTPSConnectionPool(host='www.sciengine.com', port=443): Max retries exceeded with url: /doi/pdf/2a4b6535540548c693c56ef21e58e9d4 (Caused by NewConnectionError(""HTTPSConnection(host='www.sciengine.com', port=443): Failed to establish a new connection: [Errno 111] Connection refused"""
10.1360/zb2009-39-7-646,https://doi.org/10.1360/zb2009-39-7-646,"激发态1,2-二硫环丁烯去活性和异构化机理的理论研究",2009,www.sciengine.com,https://www.sciengine.com/doi/pdf/21fb143968044bf8ac06e51f498cabab,no fetchable PDF and no Europe PMC full text,W2160990552,0 PDF location(s) + Europe PMC tried; no Europe PMC OA full text
10.3724/2096-7004.di.2025.0092,https://doi.org/10.3724/2096-7004.di.2025.0092,A Legal Judgment Prediction Method Based on Knowledge-integrated Event Evolutionary Graphs and Causal Inference,2025,www.sciengine.com,https://www.sciengine.com/doi/pdf/8336C3A993F94A2496E0732833327A17,connection refused / DNS failure,W4414619590,"ConnectionError: HTTPSConnectionPool(host='www.sciengine.com', port=443): Max retries exceeded with url: /doi/pdf/8336C3A993F94A2496E0732833327A17 (Caused by NewConnectionError(""HTTPSConnection(host='www.sciengine.com', port=443): Failed to establish a new connection: [Errno 111] Connection refused"""
10.1080/00268976.2015.1048320,https://doi.org/10.1080/00268976.2015.1048320,Performance of SOPPA-based methods in the calculation of vertical excitation energies and oscillator strengths,2015,www.tandfonline.com,https://www.tandfonline.com/doi/pdf/10.1080/00268976.2015.1048320?needAccess=true,HTTP 403 (publisher blocks scripted clients),W1925792019,HTTPError: 403 Client Error: Forbidden for url: https://www.tandfonline.com/doi/pdf/10.1080/00268976.2015.1048320?needAccess=true
10.1080/00268976.2016.1271152,https://doi.org/10.1080/00268976.2016.1271152,Influence of the choice of projection manifolds in the CASPT2 implementation,2016,www.tandfonline.com,https://www.tandfonline.com/doi/pdf/10.1080/00268976.2016.1271152?needAccess=true,HTTP 403 (publisher blocks scripted clients),W2563398939,HTTPError: 403 Client Error: Forbidden for url: https://www.tandfonline.com/doi/pdf/10.1080/00268976.2016.1271152?needAccess=true
10.1080/00268976.2019.1567848,https://doi.org/10.1080/00268976.2019.1567848,The characterization of electronic defect states of single and double carbon vacancies in graphene sheets using molecular density functional theory,2019,www.tandfonline.com,https://www.tandfonline.com/doi/pdf/10.1080/00268976.2019.1567848?needAccess=true,HTTP 403 (publisher blocks scripted clients),W2999351398,HTTPError: 403 Client Error: Forbidden for url: https://www.tandfonline.com/doi/pdf/10.1080/00268976.2019.1567848?needAccess=true
10.1080/00268976.2021.1939185,https://doi.org/10.1080/00268976.2021.1939185,A perturbative approach to multireference equation-of-motion coupled cluster,2021,www.tandfonline.com,https://www.tandfonline.com/doi/pdf/10.1080/00268976.2021.1939185?needAccess=true,HTTP 403 (publisher blocks scripted clients),W3166061854,HTTPError: 403 Client Error: Forbidden for url: https://www.tandfonline.com/doi/pdf/10.1080/00268976.2021.1939185?needAccess=true
10.1080/2994399x.2025.2560306,https://doi.org/10.1080/2994399x.2025.2560306,"Factors influencing drug regimen complexity, its impact on geriatric patients’ attitude toward deprescribing, and opportunities for simplification",2025,www.tandfonline.com,https://www.tandfonline.com/doi/pdf/10.1080/2994399X.2025.2560306?needAccess=true,HTTP 403 (publisher blocks scripted clients),W4415786029,HTTPError: 403 Client Error: Forbidden for url: https://www.tandfonline.com/doi/pdf/10.1080/2994399X.2025.2560306?needAccess=true
10.11606/t.46.2009.tde-05102009-105840,https://doi.org/10.11606/t.46.2009.tde-05102009-105840,Estudo teórico de diatômicas homo e heteronucleares de metais de transição,2009,www.teses.usp.br,http://www.teses.usp.br/teses/disponiveis/46/46132/tde-05102009-105840/publico/TeseJoaoPauloGobbo.pdf,connection refused / DNS failure,W1541424306,"1 PDF location(s) + Europe PMC tried; ConnectionError: ('Connection aborted.', ConnectionResetError(104, 'Connection reset by peer')) | no Europe PMC OA full text"
10.11606/t.46.2014.tde-25032015-101002,https://doi.org/10.11606/t.46.2014.tde-25032015-101002,Investigação de sistemas moleculares contendo berílio: caracterização espectroscópica e termoquímica,2014,www.teses.usp.br,http://www.teses.usp.br/teses/disponiveis/46/46136/tde-25032015-101002/publico/TeseCorrigidaJoseCarlosBarreto.pdf,connection refused / DNS failure,W2664026683,"ConnectionError: ('Connection aborted.', ConnectionResetError(104, 'Connection reset by peer'))"
10.11606/t.46.2022.tde-15022023-181219,https://doi.org/10.11606/t.46.2022.tde-15022023-181219,"Processos fotoinduzidos em nucleobases modificadas e pares de bases modificados: uma perspectiva estática, estrutural e espectroscópica",2022,www.teses.usp.br,http://www.teses.usp.br/teses/disponiveis/46/46136/tde-15022023-181219/publico/Gustavo_Juliani_Costa_Tese_Corrigida.pdf,connection refused / DNS failure,W4327913208,"ConnectionError: ('Connection aborted.', ConnectionResetError(104, 'Connection reset by peer'))"
10.70675/efacdfb9zcb92z4540z98b2zd8c85da63113,https://doi.org/10.70675/efacdfb9zcb92z4540z98b2zd8c85da63113,"Contribution à l'étude quantique du carbure de tungstène neutre (WC) et ionisé (WCq+, q=1, 2)",2015,www.theses.fr,http://www.theses.fr/2015PESC1066/document,no fetchable PDF and no Europe PMC full text,W1949283506,0 PDF location(s) + Europe PMC tried; no Europe PMC OA full text
10.1016/j.jval.2016.08.318,https://doi.org/10.1016/j.jval.2016.08.318,Patterns of Medication Regimen Complexity Over One-Year Follow Up in Chronic Obstructive Pulmonary Disease Patients,2016,www.valueinhealthjournal.com,http://www.valueinhealthjournal.com/article/S1098301516308981/pdf,HTTP 403 (publisher blocks scripted clients),W2543410191,HTTPError: 403 Client Error: Forbidden for url: https://www.valueinhealthjournal.com/article/S1098301516308981/pdf
10.1016/j.jval.2022.04.152,https://doi.org/10.1016/j.jval.2022.04.152,"CO54 Medication Regimen Complexity in the Critical Care Unit: Association with Length of Stay, Need for Invasive Mechanical Ventilation, and ICU Mortality",2022,www.valueinhealthjournal.com,http://www.valueinhealthjournal.com/article/S1098301522003539/pdf,HTTP 403 (publisher blocks scripted clients),W4283518494,HTTPError: 403 Client Error: Forbidden for url: https://www.valueinhealthjournal.com/article/S1098301522003539/pdf
10.1016/j.jval.2023.03.2141,https://doi.org/10.1016/j.jval.2023.03.2141,RWD112 The Medication Regimen Complexity Index Score As an Indicator of Racial Health Disparities in Clinical Outcomes,2023,www.valueinhealthjournal.com,http://www.valueinhealthjournal.com/article/S1098301523022416/pdf,HTTP 403 (publisher blocks scripted clients),W4380149817,HTTPError: 403 Client Error: Forbidden for url: https://www.valueinhealthjournal.com/article/S1098301523022416/pdf
10.3866/pku.whxb20040819,https://doi.org/10.3866/pku.whxb20040819,Quantum Chemical Calculation of the Excited State Potential Energy Surface of H&lt;sub&gt;2&lt;/sub&gt;O&lt;sup&gt;＋&lt;/sup&gt; Using the CASSCF Method,2004,www.whxb.pku.edu.cn,http://www.whxb.pku.edu.cn/CN/article/downloadArticleFile.do?attachType=PDF&id=25435,HTTP 412,W2592248114,1 PDF location(s) + Europe PMC tried; HTTPError: 412 Client Error: Precondition Failed for url: https://www.whxb.pku.edu.cn/CN/article/downloadArticleFile.do?attachType=PDF&id=25435 | no Europe PMC OA full text
10.1021/acs.jctc.3c01008,https://doi.org/10.1021/acs.jctc.3c01008,A Local Diabatisation Method for Two-State Adiabatic Conical Intersections,2024,www.zora.uzh.ch,https://www.zora.uzh.ch/271364,no fetchable PDF and no Europe PMC full text,W4390580753,0 PDF location(s) + Europe PMC tried; no Europe PMC OA full text
10.1007/s00214-018-2225-0,https://doi.org/10.1007/s00214-018-2225-0,The highly excited-state manifold of guanine: calibration for nonlinear electronic spectroscopy simulations,2018,zenodo.org,https://zenodo.org/record/23831,"HTML landing page, not a PDF",W2791660025,1 PDF location(s) + Europe PMC tried; ValueError: not a PDF (probably an HTML landing page) | no Europe PMC OA full text
10.1021/acs.jpca.7b10033,https://doi.org/10.1021/acs.jpca.7b10033,Using Density Based Indexes and Wave Function Methods for the Description of Excited States: Excited State Proton Transfer Reactions as a Test Case,2017,zenodo.org,https://zenodo.org/record/3453569,no fetchable PDF and no Europe PMC full text,W2773046163,0 PDF location(s) + Europe PMC tried; no Europe PMC OA full text
10.1021/acs.jpclett.7b00570,https://doi.org/10.1021/acs.jpclett.7b00570,Multiconfiguration Pair-Density Functional Theory Predicts Spin-State Ordering in Iron Complexes with the Same Accuracy as Complete Active Space Second-Order Perturbation Theory at a Significantly Reduced Computational Cost,2017,zenodo.org,https://zenodo.org/record/3450923,HTTP 410 (withdrawn),W2604655259,HTTPError: 410 Client Error: GONE for url: https://zenodo.org/records/3450923
10.1021/jp1103643,https://doi.org/10.1021/jp1103643,"Structural, Electronic, and Theoretical Description of a Series of Cobalt Clathrochelate Complexes in the Co(III), Co(II) and Co(I) Oxidation States",2011,zenodo.org,https://zenodo.org/record/3424731,no fetchable PDF and no Europe PMC full text,W2319827840,0 PDF location(s) + Europe PMC tried; no Europe PMC OA full text
10.1021/jp201028a,https://doi.org/10.1021/jp201028a,Local Excitation of the 5-Bromouracil Chromophore in DNA. Computational and UV Spectroscopic Studies,2011,zenodo.org,https://zenodo.org/record/3424763,HTTP 410 (withdrawn),W2320956428,HTTPError: 410 Client Error: GONE for url: https://zenodo.org/records/3424763
10.1021/jp203961k,https://doi.org/10.1021/jp203961k,"On the Stability, Electronic Structure, and Nonlinear Optical Properties of HXeOXeF and FXeOXeF",2011,zenodo.org,https://zenodo.org/record/3424789,HTTP 410 (withdrawn),W2318393209,HTTPError: 410 Client Error: GONE for url: https://zenodo.org/records/3424789
10.1037/h0069783,https://doi.org/10.1037/h0069783,The effect of practice upon visual apprehension in school children. Part II.,1914,zenodo.org,https://zenodo.org/record/1687333,"HTML landing page, not a PDF",W4213133638,ValueError: response is not a PDF (probably an HTML landing page)
10.1063/1.4978065,https://doi.org/10.1063/1.4978065,Caesium hydride: MS-CASPT2 potential energy curves and A1Σ+→X1Σ+ absorption/emission spectroscopy,2017,zenodo.org,https://zenodo.org/record/3455428,HTTP 410 (withdrawn),W2595730654,HTTPError: 410 Client Error: GONE for url: https://zenodo.org/records/3455428
10.1111/php.12765,https://doi.org/10.1111/php.12765,Excitation Energies of Canonical Nucleobases Computed by Multiconfigurational Perturbation Theories,2017,zenodo.org,https://zenodo.org/record/2604570,"HTML landing page, not a PDF",W2612707717,ValueError: response is not a PDF (probably an HTML landing page)
10.5281/zenodo.11209,https://doi.org/10.5281/zenodo.11209,High-Accuracy Co And Co₂ Line Intensities From Ab Initio Calculations And Measurements,2014,zenodo.org,https://zenodo.org/record/11209,"HTML landing page, not a PDF",W2212131721,ValueError: response is not a PDF (probably an HTML landing page)
10.5281/zenodo.1255999,https://doi.org/10.5281/zenodo.1255999,Substituent Position Effects On Sunscreen Photodynamics: A Closer Look At Methyl Anthranilate,2018,zenodo.org,https://zenodo.org/record/1255999,no fetchable PDF and no Europe PMC full text,W4393546192,0 PDF location(s) + Europe PMC tried; no Europe PMC OA full text
10.5281/zenodo.3445381,https://doi.org/10.5281/zenodo.3445381,A series of field-induced single-ion magnets based on the seven-coordinate Co(II) complexes with the pentadentate (N3O2) H2dapsc ligand,2019,zenodo.org,https://zenodo.org/record/3445381,no fetchable PDF and no Europe PMC full text,W4288104466,0 PDF location(s) + Europe PMC tried; no Europe PMC OA full text
10.5281/zenodo.3451885,https://doi.org/10.5281/zenodo.3451885,"The C( 3 P) + NO(X 2 Π) → O( 3 P) + CN(X 2 Σ + ), N( 2 D)/N( 4 S) + CO(X 1 Σ + ) Reaction: Rates, Branching Ratios and Final States from 15 K to 20000 K",2018,zenodo.org,https://zenodo.org/record/3451885,"HTML landing page, not a PDF",W4294856268,ValueError: response is not a PDF (probably an HTML landing page)
10.5281/zenodo.3475419,https://doi.org/10.5281/zenodo.3475419,A series of field-induced single-ion magnets based on the seven-coordinate Co(II) complexes with the pentadentate (N3O2) H2dapsc ligand,2019,zenodo.org,https://zenodo.org/record/3475419,no fetchable PDF and no Europe PMC full text,W4288104465,0 PDF location(s) + Europe PMC tried; no Europe PMC OA full text
10.5281/zenodo.3701278,https://doi.org/10.5281/zenodo.3701278,"The N(4S) + O2(X3Σ −g) ↔ O(3P) + NO(X2Π) reaction: thermal and vibrational relaxation rates for the 2A′, 4A′ and 2A′′ states",2020,zenodo.org,https://zenodo.org/record/3701278,no fetchable PDF and no Europe PMC full text,W4287902768,0 PDF location(s) + Europe PMC tried; no Europe PMC OA full text
10.5281/zenodo.5710891,https://doi.org/10.5281/zenodo.5710891,"Source data for the publication ""Tracking excited state decay mechanisms of pyrimidine nucleosides in real time"", Nature Communications, 2021",2021,zenodo.org,https://zenodo.org/record/5710891,no fetchable PDF and no Europe PMC full text,W4393449888,0 PDF location(s) + Europe PMC tried; no Europe PMC OA full text
10.5281/zenodo.6091617,https://doi.org/10.5281/zenodo.6091617,"Raw output data for ""Covalency in actinide(IV) hexachlorides in relation to the chlorine K-edge X-ray absorption structure"", DOI: 10.1039/D1SC06454A",2022,zenodo.org,https://zenodo.org/record/6091617,"HTML landing page, not a PDF",W4393627449,ValueError: response is not a PDF (probably an HTML landing page)
10.5281/zenodo.6576314,https://doi.org/10.5281/zenodo.6576314,Thermal fluctuations facilitate energy transfer in photosystem I: Insights from MD/QM/MM calculations,2022,zenodo.org,https://zenodo.org/record/6576314,"HTML landing page, not a PDF",W4393848011,ValueError: response is not a PDF (probably an HTML landing page)
10.5281/zenodo.7777198,https://doi.org/10.5281/zenodo.7777198,"How methylation affects S2(ππ∗) internal conversion in the simplest linear α,β-unsaturated carbonyl: a non-adiabatic dynamics perspective",2023,zenodo.org,https://zenodo.org/record/7777198,"HTML landing page, not a PDF",W4393722019,ValueError: response is not a PDF (probably an HTML landing page)
10.5281/zenodo.7780176,https://doi.org/10.5281/zenodo.7780176,"Deciphering methylation effects on S2(ππ∗) internal conversion in the simplest linear α,β-unsaturated carbonyl",2023,zenodo.org,https://zenodo.org/record/7780176,"HTML landing page, not a PDF",W4393541582,ValueError: response is not a PDF (probably an HTML landing page)
10.5281/zenodo.7983019,https://doi.org/10.5281/zenodo.7983019,Alkane dataset for reactive chemistry neural network potentials at DFT and CASPT2 level,2023,zenodo.org,https://zenodo.org/record/7983019,"HTML landing page, not a PDF",W4393449139,ValueError: response is not a PDF (probably an HTML landing page)
10.5281/zenodo.8169552,https://doi.org/10.5281/zenodo.8169552,Chemical Control of Excited-State Reactivity of the Anionic GFP Chromophore,2023,zenodo.org,https://zenodo.org/record/8169552,no fetchable PDF and no Europe PMC full text,W4393891101,0 PDF location(s) + Europe PMC tried; no Europe PMC OA full text
