domain,block_type,doi,title,attempted_url
academicjournals.org,html_landing_page,10.5897/ijps.9000589,Theoretical investigations for electronic structures and photodissociation of bromine molecule,https://academicjournals.org/journal/IJPS/article-abstract/279438A28097
aip.scitation.org,html_landing_page,10.1063/1.1398101,<i>Ab initio</i> A′1 ground potential energy surface and transition state theory kinetics study of t,https://aip.scitation.org/doi/pdf/10.1063/1.1398101
aip.scitation.org,html_landing_page,10.1063/1.1398103,Simulation of Ã 1B1→X 1A1 CF2 single vibronic level emissions: Including anharmonic and Duschinsky e,https://aip.scitation.org/doi/pdf/10.1063/1.1398103
aip.scitation.org,html_landing_page,10.1063/1.1408298,<i>Ab initio</i> CASPT2//CASSCF study of the O(1D)+H2O(X 1A1) reaction,https://aip.scitation.org/doi/pdf/10.1063/1.1408298
aip.scitation.org,html_landing_page,10.1063/1.1408301,"<i>Ab initio</i>, VTST, and QCT study of the 1 2A″ potential energy surface of the N(2D)+O2(X 3Σg−)→",https://aip.scitation.org/doi/pdf/10.1063/1.1408301
aip.scitation.org,html_landing_page,10.1063/1.1427714,Photodissociation of O2 in the Herzberg continuum. I. <i>Ab initio</i> calculation of potential ener,https://aip.scitation.org/doi/pdf/10.1063/1.1427714
aip.scitation.org,html_landing_page,10.1063/1.1554271,"Potential energy functions of the X 2B1, Ã 2B2, B 2A1, and C 2A2 states of Cl2O+ and the X 1A1 state",https://aip.scitation.org/doi/pdf/10.1063/1.1554271
aip.scitation.org,html_landing_page,10.1063/1.2128335,Theoretical Investigation of HS2 Radical and Its Positive Ion,https://aip.scitation.org/doi/pdf/10.1063/1.2128335
aip.scitation.org,html_landing_page,10.1063/1.2128372,Accurate ab Initio Study of the C3S Molecule,https://aip.scitation.org/doi/pdf/10.1063/1.2128372
aip.scitation.org,html_landing_page,10.1063/1.2187974,The electronic structure of oxo-Mn(salen): Single-reference and multireference approaches,https://aip.scitation.org/doi/pdf/10.1063/1.2187974
aip.scitation.org,html_landing_page,10.1063/1.2196410,Canonical transformation theory for multireference problems,https://aip.scitation.org/doi/pdf/10.1063/1.2196410
aip.scitation.org,html_landing_page,10.1063/1.2646522,Photodissociation of vibrationally excited SH and SD radicals at 288 and 291nm: The S(D21) channel,https://aip.scitation.org/doi/pdf/10.1063/1.2646522
aip.scitation.org,html_landing_page,10.1063/1.2710268,"Cluster-enhanced X–O2 photochemistry (X=CH3I, C3H6, C6H12, and Xe)",https://aip.scitation.org/doi/pdf/10.1063/1.2710268
aip.scitation.org,html_landing_page,10.1063/1.2790892,<i>Ab initio</i> calculations on the XA′1 and AA″1 states of HPO and Franck-Condon simulation of the,https://aip.scitation.org/doi/pdf/10.1063/1.2790892
aip.scitation.org,html_landing_page,10.1063/1.2800023,Linear and nonlinear optical properties of some organoxenon derivatives,https://aip.scitation.org/doi/pdf/10.1063/1.2800023
aip.scitation.org,html_landing_page,10.1063/1.3122542,"Excited states of Nb3N2 and Nb3C2: Density functional theory, CASSCF, and MRCI studies",https://aip.scitation.org/doi/pdf/10.1063/1.3122542
aip.scitation.org,html_landing_page,10.1063/1.3491264,Theoretical characterization of the SiC3H− anion,https://aip.scitation.org/doi/pdf/10.1063/1.3491264
aip.scitation.org,html_landing_page,10.1063/1.470619,<i>Ab</i> <i>initio</i> model potential study of the optical absorption spectrum of Mn2+-doped CaF2,https://aip.scitation.org/doi/pdf/10.1063/1.470619
aip.scitation.org,html_landing_page,10.1063/1.480854,A theoretical study of the 1B2u and 1B1u vibronic bands in benzene,https://aip.scitation.org/doi/pdf/10.1063/1.480854
aip.scitation.org,html_landing_page,10.1063/1.4810748,Communication: Extension of a universal explicit electron correlation correction to general complete,https://aip.scitation.org/doi/pdf/10.1063/1.4810748
aip.scitation.org,html_landing_page,10.1063/1.4818727,"Communication: Electronic UV-Vis transient spectra of the ·OH reaction products of uracil, thymine, ",https://aip.scitation.org/doi/pdf/10.1063/1.4818727
aip.scitation.org,html_landing_page,10.1063/1.4853655,N1s and O1s double ionization of the NO and N2O molecules,https://aip.scitation.org/doi/pdf/10.1063/1.4853655
aip.scitation.org,html_landing_page,10.1063/1.4866447,Communication: The dark singlet state as a doorway state in the ultrafast and efficient intersystem ,https://aip.scitation.org/doi/pdf/10.1063/1.4866447
aip.scitation.org,html_landing_page,10.1063/1.4875695,Computational approach to the study of thermal spin crossover phenomena,https://aip.scitation.org/doi/pdf/10.1063/1.4875695
aip.scitation.org,html_landing_page,10.1063/1.4901328,Communication: Smoothing out excited-state dynamics: Analytical gradients for dynamically weighted c,https://aip.scitation.org/doi/pdf/10.1063/1.4901328
aip.scitation.org,html_landing_page,10.1063/1.4914922,Polarizable embedding with a multiconfiguration short-range density functional theory linear respons,https://aip.scitation.org/doi/pdf/10.1063/1.4914922
aip.scitation.org,html_landing_page,10.1063/1.4941608,Photoionization of furan from the ground and excited electronic states,https://aip.scitation.org/doi/pdf/10.1063/1.4941608
aip.scitation.org,html_landing_page,10.1063/1.4971856,<i>Ab initio</i> quantum–chemical computations of the electronic states in HgBr2 and IBr: Molecules ,https://aip.scitation.org/doi/pdf/10.1063/1.4971856
aip.scitation.org,html_landing_page,10.1063/1.4990661,"Potential energy and dipole moment surfaces of the triplet states of the O2(X3Σg−) − O2(X3Σg−,a1Δg,b",https://aip.scitation.org/doi/pdf/10.1063/1.4990661
aip.scitation.org,html_landing_page,10.1063/1.4998150,The ionic states of difluoromethane: A reappraisal of the low energy photoelectron spectrum includin,https://aip.scitation.org/doi/pdf/10.1063/1.4998150
aip.scitation.org,html_landing_page,10.1063/1.5092613,CASSCF linear response calculations for large open-shell molecules,https://aip.scitation.org/doi/pdf/10.1063/1.5092613
aip.scitation.org,html_landing_page,10.1063/5.0004835,Modern quantum chemistry with [Open]Molcas,https://aip.scitation.org/doi/pdf/10.1063/5.0004835
aip.scitation.org,html_landing_page,10.1063/5.0042147,CAS without SCF—Why to use CASCI and where to get the orbitals,https://aip.scitation.org/doi/pdf/10.1063/5.0042147
aip.scitation.org,html_landing_page,10.1063/5.0048146,Model protein excited states: MRCI calculations with large active spaces vs CC2 method,https://aip.scitation.org/doi/pdf/10.1063/5.0048146
aip.scitation.org,html_landing_page,10.1063/5.0055522,Software for the frontiers of quantum chemistry: An overview of developments in the Q-Chem 5 package,https://aip.scitation.org/doi/pdf/10.1063/5.0055522
aip.scitation.org,html_landing_page,10.1063/5.0112556,Multistate electronic quenching: Nonadiabatic pathways in NO A 2Σ+ + O2X 3Σg− scattering,https://aip.scitation.org/doi/pdf/10.1063/5.0112556
amu.hal.science,html_landing_page,10.1021/acs.jctc.5b00945,Probing the Photodynamics of Rhodopsins with Reduced Retinal Chromophores,https://amu.hal.science/hal-01409056
amu.hal.science,html_landing_page,10.1039/c8cp00657a,Ultrafast photochemistry of free-base porphyrin: a theoretical investigation of B → Q internal conve,https://amu.hal.science/hal-02079633
archive-ouverte.unige.ch,html_landing_page,10.1016/s0301-0104(96)00216-9,"Interstellar silicon-nitrogen chemistry. I. The microwave and the infrared signatures of the HSiN, H",https://archive-ouverte.unige.ch/unige:2814
archive-ouverte.unige.ch,html_landing_page,10.1021/acs.jpca.4c04148,Improving the Accuracy in the Prediction of Transition-Metal Spin-State Energetics Using a Robust Va,https://archive-ouverte.unige.ch/unige:184257
archive-ouverte.unige.ch,html_landing_page,10.1021/ic001355m,A Theoretical Study of the Structure of Tricarbonatodioxouranate,https://archive-ouverte.unige.ch/unige:3526
archive-ouverte.unige.ch,html_landing_page,10.1021/ic011076e,Coordination of the Neptunyl Ion with Carbonate Ions and Water:  A Theoretical Study,https://archive-ouverte.unige.ch/unige:3728
archive-ouverte.unige.ch,html_landing_page,10.1021/ja066615z,"Exploring the Actinide−Actinide Bond:  Theoretical Studies of the Chemical Bond in Ac<sub>2</sub>, T",https://archive-ouverte.unige.ch/unige:3636
archive-ouverte.unige.ch,html_landing_page,10.1021/jp012888z,On the Electronic Structure of the UO<sub>2</sub>Molecule,https://archive-ouverte.unige.ch/unige:3729
archive-ouverte.unige.ch,html_landing_page,10.1063/1.1710046,Comparison of density functionals for energy and structural differences between the high- [5T2g: (t2,https://archive-ouverte.unige.ch/unige:3615
archive-ouverte.unige.ch,html_landing_page,10.1063/1.470953,Interstellar silicon–nitrogen chemistry. III. The spectral signatures of the H2SiN+ molecular ion,https://archive-ouverte.unige.ch/unige:2968
archive-ouverte.unige.ch,html_landing_page,10.13097/archive-ouverte/unige:104838,"Computational chemistry studies of carbohydrates, fullerenes and other systems: molecular mechanics ",https://archive-ouverte.unige.ch/unige:104838
ars.els-cdn.com,html_landing_page,10.1016/j.comptc.2016.04.029,Ab initio multi-reference perturbation theory calculations of the ground and low-lying electronic st,https://ars.els-cdn.com/content/image/1-s2.0-S2210271X16301645-fx1_lrg.jpg
ars.els-cdn.com,html_landing_page,10.1016/j.comptc.2017.01.008,Ab initio multi-reference perturbation theory calculations of the ground and some excited electronic,https://ars.els-cdn.com/content/image/1-s2.0-S2210271X17300154-fx1_lrg.jpg
ars.els-cdn.com,html_landing_page,10.1016/j.comptc.2017.03.046,Multi-reference perturbation theory study on the CsYb molecule including the spin-orbit coupling,https://ars.els-cdn.com/content/image/1-s2.0-S2210271X17301822-fx1_lrg.jpg
ars.els-cdn.com,html_landing_page,10.1016/j.comptc.2019.01.014,Insight into the optical properties of meso-pentafluorophenyl(PFP)-BODIPY: An attractive platform fo,https://ars.els-cdn.com/content/image/1-s2.0-S2210271X19300167-ga1_lrg.jpg
ars.els-cdn.com,html_landing_page,10.1016/j.cplett.2011.09.041,Many-body study of the photoisomerization of the minimal model of the retinal protonated Schiff base,https://ars.els-cdn.com/content/image/1-s2.0-S0009261411011687-fx1_lrg.jpg
ars.els-cdn.com,html_landing_page,10.1016/j.cplett.2017.03.007,Comparison of ultrafast electron and X-ray diffraction – A computational study,https://ars.els-cdn.com/content/image/1-s2.0-S0009261417302191-fx1_lrg.jpg
article.sciencepg.com,html_landing_page,10.11648/j.ijctc.20231101.13,Molecule-Adapted Gaussian Basis Sets Generated in Multi-Parallel Hartree-Fock Scheme,https://article.sciencepg.com/pdf/10.11648.j.ijctc.20231101.13
authorea.com,403_forbidden,10.22541/au.160331958.81029418/v1,"Backstory of  ""Molcas 8: New capabilities for multiconfigurational quantum chemical calculations acr",https://www.authorea.com/doi/pdf/10.22541/au.160331958.81029418
authorea.com,403_forbidden,10.22541/au.162028527.72939370/v1,New Implementation of Spin-orbit Coupling Calculation on Multi-configuration Electron Correlation Th,https://www.authorea.com/doi/pdf/10.22541/au.162028527.72939370/v1
authorea.com,403_forbidden,10.22541/au.163487764.48232499/v1,Theoretical Study of 8-hydroxyquinoline Derivatives as Potential Antennas in Lanthanide complexes: P,https://www.authorea.com/doi/pdf/10.22541/au.163487764.48232499
authorea.com,403_forbidden,10.22541/au.164964963.37769514/v1,Aufbau Principle and Singlet-Triplet Gap in Spherical Hooke Atoms,https://www.authorea.com/doi/pdf/10.22541/au.164964963.37769514
authorea.com,403_forbidden,10.22541/au.165293470.03279945/v1,"On the three lowest spin states of Na 13 + . Hybrid DFT and Benchmark CASSCF(12,12)+CASPT2 studies",https://www.authorea.com/doi/pdf/10.22541/au.165293470.03279945
authorea.com,403_forbidden,10.22541/au.172474666.62099599/v1,"Computational study of the structural, energetic, and spectroscopy properties of Enterobactin",https://www.authorea.com/doi/pdf/10.22541/au.172474666.62099599/v1
cdnsciencepub.com,403_forbidden,10.1139/v94-046,On the structure of S<sub>4</sub><sup>2+</sup> and its formation from 2S<sub>2</sub><sup>+</sup><sub,https://cdnsciencepub.com/doi/pdf/10.1139/v94-046
cell.com,403_forbidden,10.1016/j.chempr.2021.06.015,Uncovering pseudo-doublet ground states innate to U(IV) complexes through magnetism,http://www.cell.com/article/S2451929421003193/pdf
cell.com,403_forbidden,10.1016/j.heliyon.2025.e43697,Restriction of photoisomerization from the perspective of deviation from head-on conical deactivatio,https://www.cell.com/heliyon/pdf/S2405-8440(25)02083-3.pdf
cell.com,403_forbidden,10.1016/j.matt.2024.01.002,Rational design of organic molecules with inverted gaps between the first excited singlet and triple,http://www.cell.com/article/S259023852400002X/pdf
chemrxiv.org,403_forbidden,10.26434/chemrxiv-2021-pjvv1,Machine-Learned Functionals for Strongly Correlated Systems,https://chemrxiv.org/engage/api-gateway/chemrxiv/assets/orp/resource/item/60ce2e1bfca49046bfc811a8/original/machine-learned-functionals-for-strongly-correlated-systems.pdf
chemrxiv.org,403_forbidden,10.26434/chemrxiv-2021-pjvv1-v2,Machine-Learned Energy Functionals for Strongly Correlated Systems,https://chemrxiv.org/engage/api-gateway/chemrxiv/assets/orp/resource/item/60d5fb88926ad07c08031fc4/original/machine-learned-energy-functionals-for-strongly-correlated-systems.pdf
chemrxiv.org,403_forbidden,10.26434/chemrxiv-2021-xtlzj,"Hydration dynamics gives the distinctive brown color in the ""brown ring"" nitrate test",https://chemrxiv.org/engage/api-gateway/chemrxiv/assets/orp/resource/item/6156f61caef99c9201089eeb/original/hydration-dynamics-gives-the-distinctive-brown-color-in-the-brown-ring-nitrate-test.pdf
chemrxiv.org,403_forbidden,10.26434/chemrxiv-2022-2sqgf,Identical Spin Multi-State Reactivity Towards C-H Bond Activation in High-valent Fe/Mn-Oxo/Hydroxo S,https://chemrxiv.org/engage/api-gateway/chemrxiv/assets/orp/resource/item/624171c3202c065d31e45660/original/identical-spin-multi-state-reactivity-towards-c-h-bond-activation-in-high-valent-fe-mn-oxo-hydroxo-species.pdf
chemrxiv.org,403_forbidden,10.26434/chemrxiv-2022-59f1v,Multireference Study of Optically Addressable Vanadium-based Molecular Qubit Candidates,https://chemrxiv.org/engage/api-gateway/chemrxiv/assets/orp/resource/item/627ecc7ea42e9c06ec3ff7f4/original/multireference-study-of-optically-addressable-vanadium-based-molecular-qubit-candidates.pdf
chemrxiv.org,403_forbidden,10.26434/chemrxiv-2022-8mc2h,A multiconfigurational approach to the electronic structure of electro-generated species of the Re2(,https://chemrxiv.org/engage/api-gateway/chemrxiv/assets/orp/resource/item/63274c9cea6a22436cf4d5d9/original/a-multiconfigurational-approach-to-the-electronic-structure-of-electro-generated-species-of-the-re2-ph2pch2p-ph2-s2cn-et2-4-complex.pdf
chemrxiv.org,403_forbidden,10.26434/chemrxiv-2022-8mc2h-v2,A multiconfigurational approach to the electronic structure of electro-generated species of the Re2(,https://chemrxiv.org/engage/api-gateway/chemrxiv/assets/orp/resource/item/63317c0efee74e6c544af272/original/a-multiconfigurational-approach-to-the-electronic-structure-of-electro-generated-species-of-the-re2-ph2pch2p-ph2-s2cn-et2-4-complex.pdf
chemrxiv.org,403_forbidden,10.26434/chemrxiv-2022-8r90r,Boronated Cyanometallates,https://chemrxiv.org/engage/api-gateway/chemrxiv/assets/orp/resource/item/62c61961cd7a997651bb8fd3/original/boronated-cyanometallates.pdf
chemrxiv.org,403_forbidden,10.26434/chemrxiv-2022-8r90r-v2,Boronated Cyanometallates,https://chemrxiv.org/engage/api-gateway/chemrxiv/assets/orp/resource/item/62f30bca69f3a508d0b1f498/original/boronated-cyanometallates.pdf
chemrxiv.org,403_forbidden,10.26434/chemrxiv-2022-8r90r-v3,Boronated Cyanometallates,https://chemrxiv.org/engage/api-gateway/chemrxiv/assets/orp/resource/item/630d11a5521cb784ceab1436/original/boronated-cyanometallates.pdf
chemrxiv.org,403_forbidden,10.26434/chemrxiv-2022-9g7fd,Large-Scale Benchmarking of Multireference Vertical-Excitation Calculations via Automated Active-Spa,https://chemrxiv.org/engage/api-gateway/chemrxiv/assets/orp/resource/item/62a95c0604a3a9132b476088/original/large-scale-benchmarking-of-multireference-vertical-excitation-calculations-via-automated-active-space-selection.pdf
chemrxiv.org,403_forbidden,10.26434/chemrxiv-2022-c6tz8,Impact of Spin-Phonon Coupling on MagneticRelaxation of a Co(II) Single-Molecule Magnet,https://chemrxiv.org/engage/api-gateway/chemrxiv/assets/orp/resource/item/63181c790429d64d3e95708a/original/impact-of-spin-phonon-coupling-on-magnetic-relaxation-of-a-co-ii-single-molecule-magnet.pdf
chemrxiv.org,403_forbidden,10.26434/chemrxiv-2022-c6tz8-v2,Impact of Spin-Phonon Coupling on MagneticRelaxation of a Co(II) Single-Molecule Magnet,https://chemrxiv.org/engage/api-gateway/chemrxiv/assets/orp/resource/item/6401ff6d63e8d44e594e43bf/original/impact-of-spin-phonon-coupling-on-magnetic-relaxation-of-a-co-ii-single-molecule-magnet.pdf
chemrxiv.org,403_forbidden,10.26434/chemrxiv-2022-cncp2,MoBioTools: A Toolkit to Setup QM/MMCalculations,https://chemrxiv.org/engage/api-gateway/chemrxiv/assets/orp/resource/item/627a576f7087673ae24d6f44/original/mo-bio-tools-a-toolkit-to-setup-qm-mm-calculations.pdf
chemrxiv.org,403_forbidden,10.26434/chemrxiv-2022-dnstl,Actinide Arene-Metalates: 2. A Neutral Uranium Bis(Anthracenide) Sandwich Complex and Elucidation of,https://chemrxiv.org/engage/api-gateway/chemrxiv/assets/orp/resource/item/62a176e5769c5e664049856b/original/actinide-arene-metalates-2-a-neutral-uranium-bis-anthracenide-sandwich-complex-and-elucidation-of-its-electronic-structure.pdf
chemrxiv.org,403_forbidden,10.26434/chemrxiv-2022-f7tc8,The Nature of Metal-Metal Bonding in Re- and Os-Corrole Dimer,https://chemrxiv.org/engage/api-gateway/chemrxiv/assets/orp/resource/item/62150fbfde88802811f164fd/original/the-nature-of-metal-metal-bonding-in-re-and-os-corrole-dimer.pdf
chemrxiv.org,403_forbidden,10.26434/chemrxiv-2022-kc0k3,An analytic linear vibronic coupling method for first-principles spin-dynamics calculations in singl,https://chemrxiv.org/engage/api-gateway/chemrxiv/assets/orp/resource/item/62a3ac2fb749a05eb99f26a8/original/an-analytic-linear-vibronic-coupling-method-for-first-principles-spin-dynamics-calculations-in-single-molecule-magnets.pdf
chemrxiv.org,403_forbidden,10.26434/chemrxiv-2022-mk6fs,Mechanism of Nitrogen-Carbon Bond Formation From Iron(IV) Disilylhydrazido Intermediates During N2 R,https://chemrxiv.org/engage/api-gateway/chemrxiv/assets/orp/resource/item/637c37c121b45c37f424741b/original/mechanism-of-nitrogen-carbon-bond-formation-from-iron-iv-disilylhydrazido-intermediates-during-n2-reduction.pdf
chemrxiv.org,403_forbidden,10.26434/chemrxiv-2022-n4fbb,Structure and Bonding Patterns in Heterometallic Organometallics with Short and Rare Ln-Pd Distances,https://chemrxiv.org/engage/api-gateway/chemrxiv/assets/orp/resource/item/635b86322e0c6312263fbda6/original/structure-and-bonding-patterns-in-heterometallic-organometallics-with-short-and-rare-ln-pd-distances.pdf
chemrxiv.org,403_forbidden,10.26434/chemrxiv-2022-q86dm,Fully Delocalized Mixed-Valent Cu1.5Cu1.5 Complex: Strong Cu-Cu Interaction and Fast Electron Self-E,https://chemrxiv.org/engage/api-gateway/chemrxiv/assets/orp/resource/item/635836aeaca1986e48e5031d/original/fully-delocalized-mixed-valent-cu1-5cu1-5-complex-strong-cu-cu-interaction-and-fast-electron-self-exchange-rate-despite-large-structural-changes.pdf
chemrxiv.org,403_forbidden,10.26434/chemrxiv-2022-w3x91,Multiconfigurational calculations and photodynamics describe norbornadiene photochemistry,https://chemrxiv.org/engage/api-gateway/chemrxiv/assets/orp/resource/item/637b987f08212917e1ff8a0a/original/multiconfigurational-calculations-and-photodynamics-describe-norbornadiene-photochemistry.pdf
chemrxiv.org,403_forbidden,10.26434/chemrxiv-2022-w3x91-v2,Multiconfigurational calculations and photodynamics describe norbornadiene photochemistry,https://chemrxiv.org/engage/api-gateway/chemrxiv/assets/orp/resource/item/637d274d9b5b807394d1d08f/original/multiconfigurational-calculations-and-photodynamics-describe-norbornadiene-photochemistry.pdf
chemrxiv.org,403_forbidden,10.26434/chemrxiv-2022-wgdf7,Kylin 1.0: An Ab-Initio Density Matrix Renormalization Group Quantum Chemistry Program,https://chemrxiv.org/engage/api-gateway/chemrxiv/assets/orp/resource/item/638589294b1a5f25a090e82e/original/kylin-1-0-an-ab-initio-density-matrix-renormalization-group-quantum-chemistry-program.pdf
chemrxiv.org,403_forbidden,10.26434/chemrxiv-2022-z1trp,Accurate Spin-Orbit Coupling and Intersystem Crossing by Relativistic Mixed-Reference Spin-Flip (MRS,https://chemrxiv.org/engage/api-gateway/chemrxiv/assets/orp/resource/item/6352d75daa2784f9f746e899/original/accurate-spin-orbit-coupling-and-intersystem-crossing-by-relativistic-mixed-reference-spin-flip-mrsf-tddft.pdf
chemrxiv.org,403_forbidden,10.26434/chemrxiv-2022-zm9hv,Algorithm for Analytic Nuclear Energy Gradients of State Averaged DMRG-CASSCF Theory with Newly Deri,https://chemrxiv.org/engage/api-gateway/chemrxiv/assets/orp/resource/item/63474b761f323daea157fac9/original/algorithm-for-analytic-nuclear-energy-gradients-of-state-averaged-dmrg-casscf-theory-with-newly-derived-coupled-perturbed-equations.pdf
chemrxiv.org,403_forbidden,10.26434/chemrxiv-2022-zm9hv-v2,Algorithm for Analytic Nuclear Energy Gradients of State Averaged DMRG-CASSCF Theory with Newly Deri,https://chemrxiv.org/engage/api-gateway/chemrxiv/assets/orp/resource/item/638c586c92f084781826bfa9/original/algorithm-for-analytic-nuclear-energy-gradients-of-state-averaged-dmrg-casscf-theory-with-newly-derived-coupled-perturbed-equations.pdf
chemrxiv.org,403_forbidden,10.26434/chemrxiv-2023-296cq,Phosphonium-substituted Diphosphaindenylide (PPI): Exploration of Biradical Character and Ligand Pro,https://chemrxiv.org/engage/api-gateway/chemrxiv/assets/orp/resource/item/64ff131599918fe537c23eb0/original/phosphonium-substituted-diphosphaindenylide-ppi-exploration-of-biradical-character-and-ligand-properties.pdf
chemrxiv.org,403_forbidden,10.26434/chemrxiv-2023-70tx9,Chemical bond overlap descriptors from multiconfiguration wavefunctions,https://chemrxiv.org/engage/api-gateway/chemrxiv/assets/orp/resource/item/65248ca245aaa5fdbba1cc26/original/chemical-bond-overlap-descriptors-from-multiconfiguration-wavefunctions.pdf
chemrxiv.org,403_forbidden,10.26434/chemrxiv-2023-8l8nw,Potential energy surface of Li–O2 system for cold collisions,https://chemrxiv.org/engage/api-gateway/chemrxiv/assets/orp/resource/item/64186d92dab08ad68f69feb0/original/potential-energy-surface-of-li-o2-system-for-cold-collisions.pdf
chemrxiv.org,403_forbidden,10.26434/chemrxiv-2023-9z6bg,Chelate Complexes of 3d Transition Metal Ions – A Challenge for Electronic-Structure Methods?,https://chemrxiv.org/engage/api-gateway/chemrxiv/assets/orp/resource/item/6570363729a13c4d47c44f7c/original/chelate-complexes-of-3d-transition-metal-ions-a-challenge-for-electronic-structure-methods.pdf
chemrxiv.org,403_forbidden,10.26434/chemrxiv-2023-9z6bg-v2,Chelate Complexes of 3d Transition Metal Ions – A Challenge for Electronic-Structure Methods?,https://chemrxiv.org/engage/api-gateway/chemrxiv/assets/orp/resource/item/6647a78791aefa6ce147b5e6/original/chelate-complexes-of-3d-transition-metal-ions-a-challenge-for-electronic-structure-methods.pdf
chemrxiv.org,403_forbidden,10.26434/chemrxiv-2023-clcrj,High-Spin Blatter’s Triradicals,https://chemrxiv.org/engage/api-gateway/chemrxiv/assets/orp/resource/item/644036f971383d0921f8ca9d/original/high-spin-blatter-s-triradicals.pdf
chemrxiv.org,403_forbidden,10.26434/chemrxiv-2023-f2fm3,Ab Initio Molecular Cavity Quantum Electrodynamics Simulations Using Machine Learning Models,https://chemrxiv.org/engage/api-gateway/chemrxiv/assets/orp/resource/item/63daff3ed8f55fd0aa9cd7e8/original/ab-initio-molecular-cavity-quantum-electrodynamics-simulations-using-machine-learning-models.pdf
chemrxiv.org,403_forbidden,10.26434/chemrxiv-2023-f7qnk,Local Oxidation States in {FeNO}6–8 Porphyrins: Insights from DMRG/CASSCF-CASPT2 Calculations,https://chemrxiv.org/engage/api-gateway/chemrxiv/assets/orp/resource/item/64ca1564dfabaf06ff925ee2/original/local-oxidation-states-in-fe-no-6-8-porphyrins-insights-from-dmrg-casscf-caspt2-calculations.pdf
chemrxiv.org,403_forbidden,10.26434/chemrxiv-2023-fcl8s,Predicting Magnetic Coupling and Spin-Polarization Energy in Triangulene Analogues,https://chemrxiv.org/engage/api-gateway/chemrxiv/assets/orp/resource/item/63ee6184fcfb27a31fe5dd9f/original/predicting-magnetic-coupling-and-spin-polarization-energy-in-triangulene-analogues.pdf
chemrxiv.org,403_forbidden,10.26434/chemrxiv-2023-fcl8s-v2,Predicting Magnetic Coupling and Spin-Polarization Energy in Triangulene Analogues,https://chemrxiv.org/engage/api-gateway/chemrxiv/assets/orp/resource/item/6438281108c86922ffeb681b/original/predicting-magnetic-coupling-and-spin-polarization-energy-in-triangulene-analogues.pdf
chemrxiv.org,403_forbidden,10.26434/chemrxiv-2023-fgr88,Consistent Improvement on Both Exchange and Correlation within Hybrid Multiconfiguration Pair-densit,https://chemrxiv.org/engage/api-gateway/chemrxiv/assets/orp/resource/item/63f8295432cd591f1263fd94/original/consistent-improvement-on-both-exchange-and-correlation-within-hybrid-multiconfiguration-pair-density-functional-theory-t-b4lyp.pdf
chemrxiv.org,403_forbidden,10.26434/chemrxiv-2023-h7tsp,Identification of New Inverted Singlet-Triplet Cores by High--Throughput Virtual Screening,https://chemrxiv.org/engage/api-gateway/chemrxiv/assets/orp/resource/item/646dc5e8b3dd6a6530a5c193/original/identification-of-new-inverted-singlet-triplet-cores-by-high-throughput-virtual-screening.pdf
chemrxiv.org,403_forbidden,10.26434/chemrxiv-2023-h7tsp-v2,Identification of New Inverted Singlet-Triplet Cores by High--Throughput Virtual Screening,https://chemrxiv.org/engage/api-gateway/chemrxiv/assets/orp/resource/item/646efb89be16ad5c57df9820/original/identification-of-new-inverted-singlet-triplet-cores-by-high-throughput-virtual-screening.pdf
chemrxiv.org,403_forbidden,10.26434/chemrxiv-2023-h7tsp-v3,Identification of Unknown Inverted Singlet-Triplet Cores by High--Throughput Virtual Screening,https://chemrxiv.org/engage/api-gateway/chemrxiv/assets/orp/resource/item/64b7837cb605c6803bfb0834/original/identification-of-unknown-inverted-singlet-triplet-cores-by-high-throughput-virtual-screening.pdf
chemrxiv.org,403_forbidden,10.26434/chemrxiv-2023-m5s0w,Characterising conical intersections in DNA/RNA nucleobases with multiconfigurational wave functions,https://chemrxiv.org/engage/api-gateway/chemrxiv/assets/orp/resource/item/6474b14ae64f843f41f7aebd/original/characterising-conical-intersections-in-dna-rna-nucleobases-with-multiconfigurational-wave-functions-of-varying-active-space-size.pdf
chemrxiv.org,403_forbidden,10.26434/chemrxiv-2023-m5s0w-v2,Characterising conical intersections in DNA/RNA nucleobases with multiconfigurational wave functions,https://chemrxiv.org/engage/api-gateway/chemrxiv/assets/orp/resource/item/652da604bda59ceb9ab83596/original/characterising-conical-intersections-in-dna-rna-nucleobases-with-multiconfigurational-wave-functions-of-varying-active-space-size.pdf
chemrxiv.org,403_forbidden,10.26434/chemrxiv-2023-n3lh0,A Dynamically Weighted Constrained Complete Active Space Ansatz for Constructing Multiple Potential ,https://chemrxiv.org/engage/api-gateway/chemrxiv/assets/orp/resource/item/64190d9caad2a62ca1155dd1/original/a-dynamically-weighted-constrained-complete-active-space-ansatz-for-constructing-multiple-potential-energy-surfaces-within-the-anderson-holstein-model.pdf
chemrxiv.org,403_forbidden,10.26434/chemrxiv-2023-nh571,Complete active space methods for NISQ devices: The importance of canonical orbital optimization for,https://chemrxiv.org/engage/api-gateway/chemrxiv/assets/orp/resource/item/63d7dd49ab681c2c9d20db9a/original/complete-active-space-methods-for-nisq-devices-the-importance-of-canonical-orbital-optimization-for-accuracy-and-noise-resilience.pdf
chemrxiv.org,403_forbidden,10.26434/chemrxiv-2023-nplbq,Investigating the Interplay Between Spin-Vibrational Coupling and Blocking Temperature in Designing ,https://chemrxiv.org/engage/api-gateway/chemrxiv/assets/orp/resource/item/64f83c1279853bbd78337173/original/investigating-the-interplay-between-spin-vibrational-coupling-and-blocking-temperature-in-designing-high-performance-pseudo-d5h-dy-iii-single-ion-magnets.pdf
chemrxiv.org,403_forbidden,10.26434/chemrxiv-2023-rn9bj,Electron transfer in TEMPO-based organic radical batteries governed by electronic coupling,https://chemrxiv.org/engage/api-gateway/chemrxiv/assets/orp/resource/item/6498b3a22e632767b0c5bc6a/original/electron-transfer-in-tempo-based-organic-radical-batteries-governed-by-electronic-coupling.pdf
chemrxiv.org,403_forbidden,10.26434/chemrxiv-2023-rn9bj-v2,Efficient Method for Achieving Electronic Coupling in TEMPO/TEMPO+ System,https://chemrxiv.org/engage/api-gateway/chemrxiv/assets/orp/resource/item/665e0020418a5379b001966b/original/efficient-method-for-achieving-electronic-coupling-in-tempo-tempo-system.pdf
chemrxiv.org,403_forbidden,10.26434/chemrxiv-2023-rs2xc,Zero-field splitting tensor of the triplet excited states of aromatic molecules: A valence full-π co,https://chemrxiv.org/engage/api-gateway/chemrxiv/assets/orp/resource/item/65603b945bc9fcb5c94146cb/original/zero-field-splitting-tensor-of-the-triplet-excited-states-of-aromatic-molecules-a-valence-full-complete-active-space-self-consistent-field-study.pdf
chemrxiv.org,403_forbidden,10.26434/chemrxiv-2023-rs2xc-v2,Zero-field splitting tensor of the triplet excited states of aromatic molecules: A valence full-π co,https://chemrxiv.org/engage/api-gateway/chemrxiv/assets/orp/resource/item/657031b1cf8b3c3cd7e56da0/original/zero-field-splitting-tensor-of-the-triplet-excited-states-of-aromatic-molecules-a-valence-full-complete-active-space-self-consistent-field-study.pdf
chemrxiv.org,403_forbidden,10.26434/chemrxiv-2023-s0xl4,Towards a Stochastic Complete Active Space Second Order Perturbation Theory,https://chemrxiv.org/engage/api-gateway/chemrxiv/assets/orp/resource/item/64c3a985ce23211b20b29fc6/original/towards-a-stochastic-complete-active-space-second-order-perturbation-theory.pdf
chemrxiv.org,403_forbidden,10.26434/chemrxiv-2023-sjmtl,Local Excitations of a Charged Nitrogen Vacancy in Diamond with Multireference Density Matrix Embedd,https://chemrxiv.org/engage/api-gateway/chemrxiv/assets/orp/resource/item/63fd173332cd591f12916b0a/original/local-excitations-of-a-charged-nitrogen-vacancy-in-diamond-with-multireference-density-matrix-embedding-theory.pdf
chemrxiv.org,403_forbidden,10.26434/chemrxiv-2023-snc7m,Thermally stable Terbium(II) and Dysprosium(II) Bis-Amidinate Single-Molecule Magnets,https://chemrxiv.org/engage/api-gateway/chemrxiv/assets/orp/resource/item/64b69dffb605c6803bee5c3e/original/thermally-stable-terbium-ii-and-dysprosium-ii-bis-amidinate-single-molecule-magnets.pdf
chemrxiv.org,403_forbidden,10.26434/chemrxiv-2023-wpc4r,Pushing Boundaries in Single Molecule Magnets: An Ab Initio Perspective on Harnessing Unusual Oxidat,https://chemrxiv.org/engage/api-gateway/chemrxiv/assets/orp/resource/item/651bb371006594091255f0fc/original/pushing-boundaries-in-single-molecule-magnets-an-ab-initio-perspective-on-harnessing-unusual-oxidation-states-for-unprecedented-lanthanide-smm-performance.pdf
chemrxiv.org,403_forbidden,10.26434/chemrxiv-2024-5hc8g-v2,A Hybrid Meta On-Top Functional for Multiconfiguration Pair-Density Functional Theory,https://chemrxiv.org/engage/api-gateway/chemrxiv/assets/orp/resource/item/6707f8b2cec5d6c142ca5846/original/a-hybrid-meta-on-top-functional-for-multiconfiguration-pair-density-functional-theory.pdf
chemrxiv.org,403_forbidden,10.26434/chemrxiv-2024-5m8m7,Heterometallic CuCd and Cu2Zn complexes with o-vanillin and its Schiff base derivative: slow magneti,https://chemrxiv.org/engage/api-gateway/chemrxiv/assets/orp/resource/item/675099535a82cea2fafdf033/original/heterometallic-cu-cd-and-cu2zn-complexes-with-o-vanillin-and-its-schiff-base-derivative-slow-magnetic-relaxation-and-catalytic-activity-associated-with-cu-ii-centers.pdf
chemrxiv.org,403_forbidden,10.26434/chemrxiv-2024-brh89,"A Constrained CASSCF(2,2) Approach to Study Electron Transfer between a Molecule and Metal Cluster",https://chemrxiv.org/engage/api-gateway/chemrxiv/assets/orp/resource/item/669932f4c9c6a5c07a9c4314/original/a-constrained-casscf-2-2-approach-to-study-electron-transfer-between-a-molecule-and-metal-cluster.pdf
chemrxiv.org,403_forbidden,10.26434/chemrxiv-2024-d6sj9,Photochemistry of Ni(II) tolyl chlorides supported by bidentate ligand frameworks,https://chemrxiv.org/engage/api-gateway/chemrxiv/assets/orp/resource/item/675a60db7be152b1d0b12343/original/photochemistry-of-ni-ii-tolyl-chlorides-supported-by-bidentate-ligand-frameworks.pdf
chemrxiv.org,403_forbidden,10.26434/chemrxiv-2024-dcpqv-v2,NO Oxidation States in Nonheme Iron Nitrosyls:A DMRG-CASSCF Study of {FeNO}6 –10 Complexes,https://chemrxiv.org/engage/api-gateway/chemrxiv/assets/orp/resource/item/675f32a3085116a133812367/original/no-oxidation-states-in-nonheme-iron-nitrosyls-a-dmrg-casscf-study-of-fe-no-6-10-complexes.pdf
chemrxiv.org,403_forbidden,10.26434/chemrxiv-2024-n74xl,Achieving Ambient Stability and Suppressing Spin-Phonon Coupling in Dyprosocenium SIMs via MOF Encap,https://chemrxiv.org/engage/api-gateway/chemrxiv/assets/orp/resource/item/65dc7acee9ebbb4db94a04aa/original/achieving-ambient-stability-and-suppressing-spin-phonon-coupling-in-dyprosocenium-si-ms-via-mof-encapsulation.pdf
chemrxiv.org,403_forbidden,10.26434/chemrxiv-2024-st9qn,"[ECCE]-Coordinated (E = P, As) Ruthenium Complexes in Different Oxidation States: Ru(I) (E = P), Ru(",https://chemrxiv.org/engage/api-gateway/chemrxiv/assets/orp/resource/item/66b36a3301103d79c5075f55/original/ecce-coordinated-e-p-as-ruthenium-complexes-in-different-oxidation-states-ru-i-e-p-ru-ii-e-p-as-and-ru-iii-e-as.pdf
chemrxiv.org,403_forbidden,10.26434/chemrxiv-2024-t5m4d,"Investigating the non-radiative photo-processes of unnatural DNA base: 7-(2-thienyl)-imidazo[4,5-b]p",https://chemrxiv.org/engage/api-gateway/chemrxiv/assets/orp/resource/item/666e45e75101a2ffa8aff17c/original/investigating-the-non-radiative-photo-processes-of-unnatural-dna-base-7-2-thienyl-imidazo-4-5-b-pyridine-ds-a-computational-study.pdf
chemrxiv.org,403_forbidden,10.26434/chemrxiv-2024-t9x0l,Relativistic CASPT2/RASPT2 Program along with DIRAC software,https://chemrxiv.org/engage/api-gateway/chemrxiv/assets/orp/resource/item/673fe3635a82cea2fa4ff4e9/original/relativistic-caspt2-raspt2-program-along-with-dirac-software.pdf
chemrxiv.org,403_forbidden,10.26434/chemrxiv-2024-zzjlx,Intramolecular Magnetic Exchange Interaction in Dichalcogenide Substituted Organic Diradical Dicatio,https://chemrxiv.org/engage/api-gateway/chemrxiv/assets/orp/resource/item/67226948f9980725cf9a2638/original/intramolecular-magnetic-exchange-interaction-in-dichalcogenide-substituted-organic-diradical-dications.pdf
chemrxiv.org,403_forbidden,10.26434/chemrxiv-2025-03dcw,Molecular Models of Layered Ternary Cu2MoS4 Reveal Sulfur-Based H2 Evolution Pathway,https://chemrxiv.org/engage/api-gateway/chemrxiv/assets/orp/resource/item/686205741a8f9bdab5b33df2/original/molecular-models-of-layered-ternary-cu2mo-s4-reveal-sulfur-based-h2-evolution-pathway.pdf
chemrxiv.org,403_forbidden,10.26434/chemrxiv-2025-0xsfn,Computational evidence of a bifurcation in a Cope rearrangement proximate to a forbidden electrocycl,https://chemrxiv.org/engage/api-gateway/chemrxiv/assets/orp/resource/item/6864cf8cc1cb1ecda09f9921/original/computational-evidence-of-a-bifurcation-in-a-cope-rearrangement-proximate-to-a-forbidden-electrocyclization.pdf
chemrxiv.org,403_forbidden,10.26434/chemrxiv-2025-46g93,Optically Detected Magnetic Resonance on Carbene molecular Qubits,https://chemrxiv.org/engage/api-gateway/chemrxiv/assets/orp/resource/item/680b63ae927d1c2e66b81b03/original/optically-detected-magnetic-resonance-on-carbene-molecular-qubits.pdf
chemrxiv.org,403_forbidden,10.26434/chemrxiv-2025-46g93-v2,Optically Detected Magnetic Resonance on Carbene Molecular Qubits,https://chemrxiv.org/engage/api-gateway/chemrxiv/assets/orp/resource/item/68121c6de561f77ed4793ecb/original/optically-detected-magnetic-resonance-on-carbene-molecular-qubits.pdf
chemrxiv.org,403_forbidden,10.26434/chemrxiv-2025-6m8l9,Evaluating MS-ANI vs. SS-ANI for Surface Hopping Simulations: A Cyclohexadiene Photochemical Ring-Op,https://chemrxiv.org/engage/api-gateway/chemrxiv/assets/orp/resource/item/689f5958728bf9025e9b324c/original/evaluating-ms-ani-vs-ss-ani-for-surface-hopping-simulations-a-cyclohexadiene-photochemical-ring-opening-case-study.pdf
chemrxiv.org,403_forbidden,10.26434/chemrxiv-2025-7qsq0,"Neutral and Anionic Free-base and Copper Corroles: Structural, spectroscopic and computational analy",https://chemrxiv.org/engage/api-gateway/chemrxiv/assets/orp/resource/item/683ef573c1cb1ecda0f041cc/original/neutral-and-anionic-free-base-and-copper-corroles-structural-spectroscopic-and-computational-analysis-and-hypercorrole-features.pdf
chemrxiv.org,403_forbidden,10.26434/chemrxiv-2025-cmd6s,Nonadiabatic Dynamics of the Molecular Tully Models with the Mixed-Reference Spin-Flip Time-Dependen,https://chemrxiv.org/engage/api-gateway/chemrxiv/assets/orp/resource/item/687cad54728bf9025e59fb62/original/nonadiabatic-dynamics-of-the-molecular-tully-models-with-the-mixed-reference-spin-flip-time-dependent-density-functional-theory.pdf
chemrxiv.org,403_forbidden,10.26434/chemrxiv-2025-dl4sb,Capturing Electron Correlation with Machine Learning through a Data-Driven CASPT2 Framework,https://chemrxiv.org/engage/api-gateway/chemrxiv/assets/orp/resource/item/689caa1a23be8e43d6096498/original/capturing-electron-correlation-with-machine-learning-through-a-data-driven-caspt2-framework.pdf
chemrxiv.org,403_forbidden,10.26434/chemrxiv-2025-dr4jc,Ab Initio Study of Photodissociation and Isomerization Pathways on the Singlet and Triplet Manifolds,https://chemrxiv.org/engage/api-gateway/chemrxiv/assets/orp/resource/item/687a0420728bf9025e193882/original/ab-initio-study-of-photodissociation-and-isomerization-pathways-on-the-singlet-and-triplet-manifolds-of-1-nitropropene.pdf
chemrxiv.org,403_forbidden,10.26434/chemrxiv-2025-gbcfl,Decomposition of magnetic coupling in µ-oxo-bridged metal complexes,https://chemrxiv.org/engage/api-gateway/chemrxiv/assets/orp/resource/item/67aa3f196dde43c9084e7bb9/original/decomposition-of-magnetic-coupling-in-oxo-bridged-metal-complexes.pdf
chemrxiv.org,403_forbidden,10.26434/chemrxiv-2025-lwh8m,Realizing the magneto-structural correlation of a highly anisotropic Fe(III) porphyrin complex throu,https://chemrxiv.org/engage/api-gateway/chemrxiv/assets/orp/resource/item/67bdb4ccfa469535b9dcdeed/original/realizing-the-magneto-structural-correlation-of-a-highly-anisotropic-fe-iii-porphyrin-complex-through-ab-initio-approaches.pdf
chemrxiv.org,403_forbidden,10.26434/chemrxiv-2025-q6rfm,Cavity quantum electrodynamics complete active space self consistent field theory,https://chemrxiv.org/engage/api-gateway/chemrxiv/assets/orp/resource/item/67d9cd316dde43c90851a9cf/original/cavity-quantum-electrodynamics-complete-active-space-self-consistent-field-theory.pdf
chemrxiv.org,403_forbidden,10.26434/chemrxiv-2025-tnhwp,Tuning Magnetic Anisotropy and Luminescence Thermometry in a Series of Dysprosium Complexes containi,https://chemrxiv.org/engage/api-gateway/chemrxiv/assets/orp/resource/item/67bdca3381d2151a02ff5d03/original/tuning-magnetic-anisotropy-and-luminescence-thermometry-in-a-series-of-dysprosium-complexes-containing-diimine-ligand.pdf
chemrxiv.org,403_forbidden,10.26434/chemrxiv-2025-wzkst,A Descriptor Is All You Need: Accurate Machine Learning of Nonadiabatic Coupling Vectors,https://chemrxiv.org/engage/api-gateway/chemrxiv/assets/orp/resource/item/6833d4e61a8f9bdab5e6b8b7/original/a-descriptor-is-all-you-need-accurate-machine-learning-of-nonadiabatic-coupling-vectors.pdf
chemrxiv.org,403_forbidden,10.26434/chemrxiv-2025-x6c3j,Large-Scale Modeling of Proton-Coupled Electron Transfer Based on Absolutely Localized Molecular Orb,https://chemrxiv.org/engage/api-gateway/chemrxiv/assets/orp/resource/item/6889de5f728bf9025e088725/original/large-scale-modeling-of-proton-coupled-electron-transfer-based-on-absolutely-localized-molecular-orbitals.pdf
chemrxiv.org,403_forbidden,10.26434/chemrxiv.10001752/v1,Can CASSCF model the excited states of xanthophyll lutein? A Density Matrix Renormalization Group jo,https://chemrxiv.org/doi/pdf/10.26434/chemrxiv.10001752/v1
chemrxiv.org,403_forbidden,10.26434/chemrxiv.10059809.v1,Ligand Redox Non-Innocence in [Coᴵᴵᴵ(TAML)]0/‒ Complexes Affects Nitrene Formation,https://chemrxiv.org/engage/api-gateway/chemrxiv/assets/orp/resource/item/60c7458dee301cead1c7936d/original/ligand-redox-non-innocence-in-co-taml-0-complexes-affects-nitrene-formation.pdf
chemrxiv.org,403_forbidden,10.26434/chemrxiv.11446224,Resolving the Quadruple Bonding Conundrum in C2 Using Insights Derived from Excited State Potential ,https://chemrxiv.org/engage/api-gateway/chemrxiv/assets/orp/resource/item/60c746fbbdbb89c0e4a38cca/original/resolving-the-quadruple-bonding-conundrum-in-c2-using-insights-derived-from-excited-state-potential-energy-surfaces-a-molecular-orbital-perspective.pdf
chemrxiv.org,403_forbidden,10.26434/chemrxiv.11446224.v1,Resolving the Quadruple Bonding Conundrum in C2 Using Insights Derived from Excited State Potential ,https://chemrxiv.org/ndownloader/files/20411364
chemrxiv.org,403_forbidden,10.26434/chemrxiv.11472627.v1,Electronically Asynchronous Transition States for C-N Bond Formation by Electrophilic [Coᴵᴵᴵ(TAML)]-,https://chemrxiv.org/ndownloader/files/20476293
chemrxiv.org,403_forbidden,10.26434/chemrxiv.11828256.v2,Hole-Hole Tamm-Dancoff-Approximated Density Functional Theory: A Highly Efficient Electronic Structu,https://chemrxiv.org/engage/api-gateway/chemrxiv/assets/orp/resource/item/60c74cc5bdbb896b6ba39875/original/hole-hole-tamm-dancoff-approximated-density-functional-theory-a-highly-efficient-electronic-structure-method-incorporating-dynamic-and-static-correlation.pdf
chemrxiv.org,403_forbidden,10.26434/chemrxiv.12385940.v1,"Multiconfigurational Static and Dynamic Calculations Explain Tricyclo[4,2,0,02,5]octa-3,7-diene Phot",https://chemrxiv.org/engage/api-gateway/chemrxiv/assets/orp/resource/item/60c74bddee301c24d6c79f71/original/multiconfigurational-static-and-dynamic-calculations-explain-tricyclo-4-2-0-02-5-octa-3-7-diene-photochemistry.pdf
chemrxiv.org,403_forbidden,10.26434/chemrxiv.12403124.v1,Breaching the Axial Limits in Ln(III) Single-Ion Magnets Using External Electric Field,https://chemrxiv.org/engage/api-gateway/chemrxiv/assets/orp/resource/item/60c74bf04c89197389ad3531/original/breaching-the-axial-limits-in-ln-iii-single-ion-magnets-using-external-electric-field.pdf
chemrxiv.org,403_forbidden,10.26434/chemrxiv.12411125.v1,"Chemical insights into the electronic structure of Fe(II) porphyrin using FCIQMC, DMRG, and generali",https://chemrxiv.org/ndownloader/files/22867853
chemrxiv.org,403_forbidden,10.26434/chemrxiv.12411125.v2,"Chemical insights into the electronic structure of Fe(II) porphyrin using FCIQMC, DMRG, and generali",https://chemrxiv.org/engage/api-gateway/chemrxiv/assets/orp/resource/item/60c750a3ee301c9cadc7a8d6/original/chemical-insights-into-the-electronic-structure-of-fe-ii-porphyrin-using-fciqmc-dmrg-and-generalized-active-spaces.pdf
chemrxiv.org,403_forbidden,10.26434/chemrxiv.12457709.v1,Energetic Degeneracy and Electronic Structures of Germanium Trimers Doped with Titanium,https://chemrxiv.org/engage/api-gateway/chemrxiv/assets/orp/resource/item/60c74c45567dfe0745ec50e8/original/energetic-degeneracy-and-electronic-structures-of-germanium-trimers-doped-with-titanium.pdf
chemrxiv.org,403_forbidden,10.26434/chemrxiv.12605333.v1,Ligand-Mediated Spin State Changes in a Cobalt-Dipyrrin-Bisphenol Complex,https://chemrxiv.org/engage/api-gateway/chemrxiv/assets/orp/resource/item/60c74d414c891948d5ad37a5/original/ligand-mediated-spin-state-changes-in-a-cobalt-dipyrrin-bisphenol-complex.pdf
chemrxiv.org,403_forbidden,10.26434/chemrxiv.12776222,First Principle Investigations of Long-range Magnetic Exchange Interactions via Polyacene Coupler,https://chemrxiv.org/engage/api-gateway/chemrxiv/assets/orp/resource/item/60c753d9bb8c1a695c3dc124/original/first-principle-investigations-of-long-range-magnetic-exchange-interactions-via-polyacene-coupler.pdf
chemrxiv.org,403_forbidden,10.26434/chemrxiv.12776222.v1,First Principle Investigations of Long-range Magnetic Exchange Interactions via Polyacene Coupler,https://chemrxiv.org/engage/api-gateway/chemrxiv/assets/orp/resource/item/60c75398337d6c6875e288b1/original/first-principle-investigations-of-long-range-magnetic-exchange-interactions-via-polyacene-coupler.pdf
chemrxiv.org,403_forbidden,10.26434/chemrxiv.12917930,An Algorithm to Correct for the CASSCF Active Space in Multiscale QM/MM Calculations Based on Geomet,https://chemrxiv.org/engage/api-gateway/chemrxiv/assets/orp/resource/item/60c74f85842e650257db3858/original/an-algorithm-to-correct-for-the-casscf-active-space-in-multiscale-qm-mm-calculations-based-on-geometry-ensembles.pdf
chemrxiv.org,403_forbidden,10.26434/chemrxiv.12941702.v1,Structural Causes of Singlet/triplet Preferences of Norrish Type II Reactions in Carbonyls,https://chemrxiv.org/engage/api-gateway/chemrxiv/assets/orp/resource/item/60c74fcaee301c20cec7a765/original/structural-causes-of-singlet-triplet-preferences-of-norrish-type-ii-reactions-in-carbonyls.pdf
chemrxiv.org,403_forbidden,10.26434/chemrxiv.13110212,First-Principles Investigations of Magnetic Anisotropy and Spin-Crossover Behavior of Fe(III)-TBP Co,https://chemrxiv.org/engage/api-gateway/chemrxiv/assets/orp/resource/item/60c75108337d6c7fdfe28485/original/first-principles-investigations-of-magnetic-anisotropy-and-spin-crossover-behavior-of-fe-iii-tbp-complexes.pdf
chemrxiv.org,403_forbidden,10.26434/chemrxiv.13302098.v1,Isomerization and Fragmentation Reactions on the [C2SH4] Potential Energy Surface. The Metastable Th,https://chemrxiv.org/engage/api-gateway/chemrxiv/assets/orp/resource/item/60c75281bb8c1a6f023dbeaf/original/isomerization-and-fragmentation-reactions-on-the-c2sh4-potential-energy-surface-the-metastable-thione-s-methylide-isomer.pdf
chemrxiv.org,403_forbidden,10.26434/chemrxiv.13317902.v1,A Theoretical Stereoselectivity Model of Photochemical Denitrogenations of Diazoalkanes Towards Stra,https://chemrxiv.org/engage/api-gateway/chemrxiv/assets/orp/resource/item/60c7528a702a9b240118c183/original/a-theoretical-stereoselectivity-model-of-photochemical-denitrogenations-of-diazoalkanes-towards-strained-1-3-dihalogenated-bicyclobutanes.pdf
chemrxiv.org,403_forbidden,10.26434/chemrxiv.13513881,Auxiliary Atomic Relay Center Facilitates Enhanced Magnetic Couplings in Blatter’s Radical,https://chemrxiv.org/engage/api-gateway/chemrxiv/assets/orp/resource/item/60c753900f50dbd6da397bb1/original/auxiliary-atomic-relay-center-facilitates-enhanced-magnetic-couplings-in-blatter-s-radical.pdf
chemrxiv.org,403_forbidden,10.26434/chemrxiv.14103740,Electronic Structure of Ytterbium(III) Solvates – A Combined Spectro-scopic and Theoretical Study,https://chemrxiv.org/engage/api-gateway/chemrxiv/assets/orp/resource/item/60c75647ee301c4d5dc7b31b/original/electronic-structure-of-ytterbium-iii-solvates-a-combined-spectro-scopic-and-theoretical-study.pdf
chemrxiv.org,403_forbidden,10.26434/chemrxiv.14103740.v1,Electronic Structure of Ytterbium(III) Solvates – A Combined Spectro-scopic and Theoretical Study,https://chemrxiv.org/engage/api-gateway/chemrxiv/assets/orp/resource/item/60c75606567dfea1adec63be/original/electronic-structure-of-ytterbium-iii-solvates-a-combined-spectro-scopic-and-theoretical-study.pdf
chemrxiv.org,403_forbidden,10.26434/chemrxiv.14254289,Revisiting the Electronic Structure of Cobalt-Porphyrin Nitrene and Carbene Radicals with NEVPT2-CAS,https://chemrxiv.org/engage/api-gateway/chemrxiv/assets/orp/resource/item/60c7567a702a9be92318c8fe/original/revisiting-the-electronic-structure-of-cobalt-porphyrin-nitrene-and-carbene-radicals-with-nevpt2-casscf-calculations-doublet-versus-quartet-ground-states.pdf
chemrxiv.org,403_forbidden,10.26434/chemrxiv.14420255,Tuning the Magnetic Properties of Diamagnetic Di-Blatter’s Zwitterion to Antiferro- and Ferromagneti,https://chemrxiv.org/engage/api-gateway/chemrxiv/assets/orp/resource/item/60c7578e337d6c0a29e29049/original/tuning-the-magnetic-properties-of-diamagnetic-di-blatter-s-zwitterion-to-antiferro-and-ferromagnetic-diradical.pdf
chemrxiv.org,403_forbidden,10.26434/chemrxiv.14455983.v1,Actinide Arene-Metalates: Ion Pairing Effects on the Electronic Structure of Unsupported Uranium-Are,https://chemrxiv.org/engage/api-gateway/chemrxiv/assets/orp/resource/item/60c757bdbdbb89f799a3ac6e/original/actinide-arene-metalates-ion-pairing-effects-on-the-electronic-structure-of-unsupported-uranium-arene-sandwich-complexes.pdf
chemrxiv.org,403_forbidden,10.26434/chemrxiv.14524977,A Theoretical Approach to Demystify the Role of Copper Salts and O2 in the Mechanism of C-N Bond Cle,https://chemrxiv.org/engage/api-gateway/chemrxiv/assets/orp/resource/item/60c758350f50db9aa13983ef/original/a-theoretical-approach-to-demystify-the-role-of-copper-salts-and-o2-in-the-mechanism-of-c-n-bond-cleavage-and-nitrogen-transfer.pdf
chemrxiv.org,403_forbidden,10.26434/chemrxiv.14781855.v1,[Co(TPP)]–Catalyzed Carbene Transfer from Acceptor–Acceptor Iodonium Ylides via N-enolate Carbene Ra,https://chemrxiv.org/engage/api-gateway/chemrxiv/assets/orp/resource/item/60c9e3b1c763713b6668cd9a/original/co-tpp-catalyzed-carbene-transfer-from-acceptor-acceptor-iodonium-ylides-via-n-enolate-carbene-radicals.pdf
chemrxiv.org,403_forbidden,10.26434/chemrxiv.15000689/v1,Multireference Wavefunction Methods for Accurate Adsorption Energies on Single-Atom Catalysts,https://chemrxiv.org/doi/pdf/10.26434/chemrxiv.15000689/v1
chemrxiv.org,403_forbidden,10.26434/chemrxiv.15000921/v1,Automated Active Space Selection with CASCI Dipole Moments,https://chemrxiv.org/doi/pdf/10.26434/chemrxiv.15000921/v1
chemrxiv.org,403_forbidden,10.26434/chemrxiv.15001672/v1,Rethinking Ytterbium(III)-based Single-Molecule Magnets -Why Trigonal Planar Doesn't Work!,https://chemrxiv.org/doi/pdf/10.26434/chemrxiv.15001672/v1
chemrxiv.org,403_forbidden,10.26434/chemrxiv.15002064/v1,Ligand field determines g-tensor anisotropy and biradical character of (L)RuV=O and (L)RuV=N catalyt,https://chemrxiv.org/doi/pdf/10.26434/chemrxiv.15002064/v1
chemrxiv.org,403_forbidden,10.26434/chemrxiv.7195370,On the Role of Valence and Semi-Core Electron Correlation on Spin-Gaps in Fe(II)-Porphyrins,https://chemrxiv.org/engage/api-gateway/chemrxiv/assets/orp/resource/item/60c73ef6567dfe37ffec38f0/original/on-the-role-of-valence-and-semi-core-electron-correlation-on-spin-gaps-in-fe-ii-porphyrins.pdf
chemrxiv.org,403_forbidden,10.26434/chemrxiv.8965973,Spin State Ordering in Metal-Based Compounds Using the Localized Active Space Self-Consistent Field ,https://chemrxiv.org/engage/api-gateway/chemrxiv/assets/orp/resource/item/60c7432f842e65dbd9db21eb/original/spin-state-ordering-in-metal-based-compounds-using-the-localized-active-space-self-consistent-field-method.pdf
chemrxiv.org,403_forbidden,10.26434/chemrxiv.9108527,A Heterogeneous CPU + GPU Algorithm for Variational Two-Electron Reduced-Density Matrix Driven Compl,https://chemrxiv.org/ndownloader/files/16610963
chemrxiv.org,403_forbidden,10.26434/chemrxiv.9992402.v1,Probing the Inverse Trans Influence in Americium and Lanthanide Tribromide Tris(tricyclohexylphosphi,https://chemrxiv.org/engage/api-gateway/chemrxiv/assets/orp/resource/item/60c7453d0f50dbb541396229/original/probing-the-inverse-trans-influence-in-americium-and-lanthanide-tribromide-tris-tricyclohexylphosphine-oxide.pdf
chemrxiv.org,403_forbidden,10.33774/chemrxiv-2021-3p2sx,Excited States of Crystalline Point Defects with Multireference Density Matrix Embedding Theory,https://chemrxiv.org/engage/api-gateway/chemrxiv/assets/orp/resource/item/61573330b19c7e7e0de683dd/original/excited-states-of-crystalline-point-defects-with-multireference-density-matrix-embedding-theory.pdf
chemrxiv.org,403_forbidden,10.33774/chemrxiv-2021-h3qk7,Deciphering the role of anions and secondary coordination sphere in tuning anisotropy in Dy(III) air,https://chemrxiv.org/engage/api-gateway/chemrxiv/assets/orp/resource/item/6152b5641df4a169bb7f1377/original/deciphering-the-role-of-anions-and-secondary-coordination-sphere-in-tuning-anisotropy-in-dy-iii-air-stable-d5h-si-ms.pdf
chemrxiv.org,403_forbidden,10.33774/chemrxiv-2021-pjvv1-v3,Machine-Learned Energy Functionals for Strongly Correlated Systems,https://chemrxiv.org/engage/api-gateway/chemrxiv/assets/orp/resource/item/60da8ca3b361520b12025475/original/machine-learned-energy-functionals-for-strongly-correlated-systems.pdf
chemrxiv.org,403_forbidden,10.33774/chemrxiv-2021-xr3x5,Dipole Moment Calculations Using Multiconfiguration Pair-Density Functional Theory and Hybrid Multic,https://chemrxiv.org/engage/api-gateway/chemrxiv/assets/orp/resource/item/613eda3d27d90665ef85e626/original/dipole-moment-calculations-using-multiconfiguration-pair-density-functional-theory-and-hybrid-multiconfiguration-pair-density-functional-theory.pdf
dare.uva.nl,html_landing_page,10.1021/ja00050a038,Ab initio calculations on vibronic coupling in the lower triplet states of pyrimidine,https://dare.uva.nl/personal/pure/en/publications/abinitio-calculations-on-vibronic-coupling-in-the-lower-triplet-states-of-pyrimidine(c2d812be-293e-44b5-8a4d-36fdd120e271).html
dare.uva.nl,html_landing_page,10.1021/jp960013s,"Vibrational Spectra of <i>N</i>,<i>N</i>-Dimethylaniline and Its Radical Cation. An Interpretation B",https://dare.uva.nl/personal/pure/en/publications/vibrational-spectra-of-nndimethylaniline-and-its-radical-cation-an-interpretation-based-on-quantum-chemical-calculations(93fd8648-d65a-434c-963e-b93be78babc1).html
degruyter.com,html_landing_page,10.1351/pac-con-08-08-30,DNA nucleobase properties and photoreactivity: Modeling environmental effects,https://www.degruyter.com/document/doi/10.1351/PAC-CON-08-08-30/pdf
degruyter.com,html_landing_page,10.1351/pac-con-08-08-31,The role of pyrimidine nucleobase excimers in DNA photophysics and photoreactivity,https://www.degruyter.com/document/doi/10.1351/PAC-CON-08-08-31/pdf
degruyter.com,html_landing_page,10.1351/pac-con-09-10-29,Electronic structure of higher acenes and polyacene: The perspective developed by theoretical analys,https://www.degruyter.com/document/doi/10.1351/PAC-CON-09-10-29/pdf
degruyter.com,html_landing_page,10.1351/pac-con-12-06-03,Multiscale modeling of solvation in chemical and biological nanosystems and in nanoporous materials,https://www.degruyter.com/document/doi/10.1351/PAC-CON-12-06-03/pdf
degruyter.com,html_landing_page,10.1515/ntrev-2015-0006,Theoretical study with dipole moment calculation of new electronic states of the molecule BF,http://www.degruyter.com/downloadpdf/j/ntrev.2016.5.issue-3/ntrev-2015-0006/ntrev-2015-0006.xml
degruyter.com,html_landing_page,10.2478/s11534-012-0137-5,Theoretical study of highly-excited states of KRb molecule,https://www.degruyter.com/document/doi/10.2478/s11534-012-0137-5/pdf
degruyter.com,html_landing_page,10.2478/s11534-013-0174-8,Ab initio studies of two pyrimidine derivatives as possible photo-switch systems,https://www.degruyter.com/document/doi/10.2478/s11534-013-0174-8/pdf
digital.library.unt.edu,html_landing_page,10.1021/jp111311k,Photoelectron Spectroscopic Study of the Oxyallyl Diradical,https://digital.library.unt.edu/ark:/67531/metadc71811/m2/1/high_res_d/jp111311k.pdf
digital.library.unt.edu,html_landing_page,10.12794/metadc822795,The Impact of Computational Methods on Transition Metal-containing Species,https://digital.library.unt.edu/ark:/67531/metadc822795/m2/1/high_res_d/dissertation.pdf
digitalcollection.zhaw.ch,html_landing_page,10.1002/chir.10025,Molecular chirality and the fundamental symmetries of physics: Influence of parity violation on rovi,https://digitalcollection.zhaw.ch/handle/11475/4460
doi-org.ez67.periodicos.capes.gov.br,html_landing_page,10.1002/cptc.201900072,Photophysics of Emissive <sup>tz</sup>C[Isothiazolo‐Cytidine] and <sup>tz</sup>U[Isothiazolo‐Uridine,https://doi-org.ez67.periodicos.capes.gov.br/10.1002/cptc.201900072
doi.org,403_forbidden,10.1002/advs.75759,Quantifying Magnetic Anisotropy of Ferroelectric Fe(II) Square‐Pyramidal Systems Using Torque Magnet,https://doi.org/10.1002/advs.75759
doi.org,403_forbidden,10.1002/advs.76249,Phase‐Resolved Dual Control of Phenol Photodissociation at the Air–Water Interface From Structure‐Re,https://doi.org/10.1002/advs.76249
doi.org,403_forbidden,10.1002/ange.202513772,"Bicyclo[1.1.0]tetragerman‐2,4‐diid‐Diradikaloid",https://doi.org/10.1002/ange.202513772
doi.org,403_forbidden,10.1002/ange.202517979,Absolute Configuration Determination with Electronically Enhanced Vibrational Circular Dichroism,https://doi.org/10.1002/ange.202517979
doi.org,403_forbidden,10.1002/ange.202522076,Nutzen der 3d‐4f Koordination: Molekulares Quanten‐Feder‐Magnet‐Verhalten in axialen Ni <sub>2</sub>,https://doi.org/10.1002/ange.202522076
doi.org,403_forbidden,10.1002/anie.202215840,Fully Delocalized Mixed‐Valent Cu <sup>1.5</sup> Cu <sup>1.5</sup> Complex: Strong Cu‐Cu interaction,https://doi.org/10.1002/anie.202215840
doi.org,403_forbidden,10.1002/chem.202203449,Exchange Interactions and Magnetic Properties of a Molecular Mn<sub>18</sub>‐Ring Complex,https://doi.org/10.1002/chem.202203449
doi.org,403_forbidden,10.1002/qua.22565,Electronic structure and chemical bonding in the ground and low‐lying electronic states of Ta<sub>2<,http://doi.org/10.1002/qua.22565
doi.org,403_forbidden,10.1002/qua.22622,"Solvatochromic shift of the π → π* transition in all‐trans, cis‐13, cis‐11, cis‐9, and cis‐7 retinal",http://doi.org/10.1002/qua.22622
doi.org,403_forbidden,10.1002/qua.22779,A CASSCF/MRCI study of the low‐lying electronic states of the BeS molecule,http://doi.org/10.1002/qua.22779
doi.org,403_forbidden,10.1002/qua.22963,Electronic structure of the ground and low‐lying electronic states of MoB and MoB<sup>+</sup>,http://doi.org/10.1002/qua.22963
doi.org,403_forbidden,10.1002/qua.24933,"Active space and basis set effects in <scp>CASPT</scp>2 models of the 1,3‐butadiene‐ethene cycloaddi",https://doi.org/10.1002/qua.24933
doi.org,403_forbidden,10.1002/qua.26559,Simulating X‐ray absorption spectra with complete active space self‐consistent field linear response,https://doi.org/10.1002/qua.26559
doi.org,403_forbidden,10.1002/qua.27019,Aufbau principle and <scp>singlet‐triplet</scp> gap in spherical Hooke atoms,https://doi.org/10.1002/qua.27019
doi.org,403_forbidden,10.1002/vjch.201800034,An investigation on the electronic structures of diatomic VSi<sup>0/−/+</sup> clusters by CASSCF/CAS,https://doi.org/10.1002/vjch.201800034
doi.org,403_forbidden,10.1021/acs.jctc.6b01149,Insights into the Complex Photophysics and Photochemistry of the Simplest Nitroaromatic Compound: A ,https://doi.org/10.1021/acs.jctc.6b01149
doi.org,403_forbidden,10.1021/acs.jpcc.4c06912,A Combined Experimental and Computational Study on the Broadening Mechanism of the Luminescence in N,https://doi.org/10.1021/acs.jpcc.4c06912
doi.org,403_forbidden,10.1021/acsomega.5c10105,Electronic Structure and Laser-Cooling Prospects of the AlCd Molecule: A Theoretical Study Including,https://doi.org/10.1021/acsomega.5c10105
doi.org,403_forbidden,10.1021/ct5003175,Relaxation Mechanisms of 5-Azacytosine,http://doi.org/10.1021/ct5003175
doi.org,403_forbidden,10.1021/jacs.5b05739,A Trigonal Prismatic Mononuclear Cobalt(II) Complex Showing Single-Molecule Magnet Behavior,https://doi.org/10.1021/jacs.5b05739
doi.org,403_forbidden,10.1021/jacs.6b08661,Spectroscopic and Computational Investigations of a Mononuclear Manganese(IV)-Oxo Complex Reveal Ele,https://doi.org/10.1021/jacs.6b08661
doi.org,403_forbidden,10.1021/jacs.7b10714,Measurement of Magnetic Exchange in Asymmetric Lanthanide Dimetallics: Toward a Transferable Theoret,https://doi.org/10.1021/jacs.7b10714
doi.org,403_forbidden,10.1021/jacs.7b11535,Synthesis and Electronic Structures of Heavy Lanthanide Metallocenium Cations,https://doi.org/10.1021/jacs.7b11535
doi.org,403_forbidden,10.1021/jp045614v,Singlet Excited-State Dynamics of 5-Fluorocytosine and Cytosine:  An Experimental and Computational ,http://doi.org/10.1021/jp045614v
doi.org,403_forbidden,10.1021/jp200297z,On the Relaxation Mechanisms of 6-Azauracil,http://doi.org/10.1021/jp200297z
doi.org,403_forbidden,10.1021/jp204497p,"Excited Electronic States, Transition Probabilities, and Radiative Lifetimes of CAs: A Theoretical C",http://doi.org/10.1021/jp204497p
doi.org,403_forbidden,10.1021/jp300583h,On the Deactivation Mechanisms of Adenine–Thymine Base Pair,http://doi.org/10.1021/jp300583h
doi.org,403_forbidden,10.1021/jp3091599,On the Mechanisms of Triplet Excited State Population in 8-Azaadenine,http://doi.org/10.1021/jp3091599
doi.org,403_forbidden,10.1021/jp403508v,On The Population of Triplet Excited States of 6-Aza-2-Thiothymine,http://doi.org/10.1021/jp403508v
doi.org,403_forbidden,10.13140/rg.2.2.30611.64807,Profunctor-CASSCF: A Category-Theoretic Formulation of Constrained CASSCF for Smooth Transition-Meta,https://doi.org/10.13140/rg.2.2.30611.64807
doi.org,403_forbidden,10.17632/yr9trm7ysx,"ArC+ (ionized argon carbide) potential curves, SA-CASSCF/MRACPF2a",https://doi.org/10.17632/yr9trm7ysx
doi.org,403_forbidden,10.17632/yr9trm7ysx.1,"ArC+ (ionized argon carbide) potential curves, SA-CASSCF/MRACPF2a",https://doi.org/10.17632/yr9trm7ysx.1
doi.org,403_forbidden,10.2139/ssrn.4264280,Sulfur-Containing Radical Anions Formed by Photolysis of Thiosulfate: Quantum-Chemical Analysis,https://doi.org/10.2139/ssrn.4264280
doi.org,403_forbidden,10.2139/ssrn.5245276,Unveiling the Ring-Deformation-Driven Photostability of Isolated G-C Base Pair: A Caspt2//Casscf and,https://doi.org/10.2139/ssrn.5245276
doi.org,403_forbidden,10.2139/ssrn.5360362,"Synthesis, Structure and Magnetic Properties of the Monocapped 3d-Metal(Ii) Tris-N,S-Heterocyclooxim",https://doi.org/10.2139/ssrn.5360362
doi.org,403_forbidden,10.2139/ssrn.5396713,The Synthesis and Magnetic Properties of Tetranuclear Heterometallic {Criii2dyiii2} and {Mniii2lniii,https://doi.org/10.2139/ssrn.5396713
doi.org,403_forbidden,10.2139/ssrn.5766207,Axial Dy–O–Si Bond Angle Manipulation: An Avenue for Switching Single Molecule Magnet Performance,https://doi.org/10.2139/ssrn.5766207
doi.org,403_forbidden,10.2139/ssrn.5781607,Enhancing a Dual Anion Chemosensor through Structural Modifications: Theoretical Insights to Tune th,https://doi.org/10.2139/ssrn.5781607
doi.org,403_forbidden,10.2139/ssrn.6514832,Multi-Reference State Method Calculation of Energy Levels of Diamond NV Center Clusters,https://doi.org/10.2139/ssrn.6514832
doi.org,403_forbidden,10.2139/ssrn.6712643,Spectral-Law-Constrained Exchange--Correlation fromHigher-Categorical Integrability:A Systematic Num,https://doi.org/10.2139/ssrn.6712643
doi.org,403_forbidden,10.2139/ssrn.6814820,How atoms bind together to form ground state benzene: an ab initio study,https://doi.org/10.2139/ssrn.6814820
doi.org,403_forbidden,10.2139/ssrn.6816223,Conical intersections between the two lowest shape resonances for solvated nucleobase anions,https://doi.org/10.2139/ssrn.6816223
doi.org,403_forbidden,10.2139/ssrn.7073622,"How atoms bind together to form ground state benzene:,an ab initio study",https://doi.org/10.2139/ssrn.7073622
doi.org,403_forbidden,10.26434/chemrxiv-2021-3p2sx,Excited States of Crystalline Point Defects with Multireference Density Matrix Embedding Theory,https://doi.org/10.26434/chemrxiv-2021-3p2sx
doi.org,403_forbidden,10.26434/chemrxiv-2021-h3qk7,Deciphering the role of anions and secondary coordination sphere in tuning anisotropy in Dy(III) air,https://doi.org/10.26434/chemrxiv-2021-h3qk7
doi.org,403_forbidden,10.26434/chemrxiv-2021-pjvv1-v3,Machine-Learned Energy Functionals for Strongly Correlated Systems,https://doi.org/10.26434/chemrxiv-2021-pjvv1-v3
doi.org,403_forbidden,10.26434/chemrxiv-2021-xr3x5,Dipole Moment Calculations Using Multiconfiguration Pair-Density Functional Theory and Hybrid Multic,https://doi.org/10.26434/chemrxiv-2021-xr3x5
doi.org,403_forbidden,10.26434/chemrxiv-2024-363tw,Exploring the computational aspects of propyleneoligomerization catalysis using Fe2M typetrimetallic,https://doi.org/10.26434/chemrxiv-2024-363tw
doi.org,403_forbidden,10.26434/chemrxiv-2025-gbcfl-v2,Decomposition of magnetic coupling in µ-oxo-bridged metal complexes,https://doi.org/10.26434/chemrxiv-2025-gbcfl-v2
doi.org,403_forbidden,10.26434/chemrxiv-2025-h2pbh,Mechanistic Investigations on the role of Excited state Aromaticity during Photochemical Ring Openin,https://doi.org/10.26434/chemrxiv-2025-h2pbh
doi.org,403_forbidden,10.26434/chemrxiv-2025-n2c9l,MC25: An Accurate Meta Pair-Density Functional for Multiconfiguration Pair-Density Functional Theory,https://doi.org/10.26434/chemrxiv-2025-n2c9l
doi.org,403_forbidden,10.26434/chemrxiv-2025-nd968,Complete Active Space Self-Consistent Field with GPU-Accelerated Density Fitting,https://doi.org/10.26434/chemrxiv-2025-nd968
doi.org,403_forbidden,10.26434/chemrxiv.10059809,Ligand Redox Non-Innocence in [Coᴵᴵᴵ(TAML)]0/‒ Complexes Affects Nitrene Formation,https://doi.org/10.26434/chemrxiv.10059809
doi.org,403_forbidden,10.26434/chemrxiv.11369841,Automation of Active Space Selection for Multireference Methods via Machine Learning on Chemical Bon,https://doi.org/10.26434/chemrxiv.11369841
doi.org,403_forbidden,10.26434/chemrxiv.11369841.v1,Automation of Active Space Selection for Multireference Methods via Machine Learning on Chemical Bon,https://doi.org/10.26434/chemrxiv.11369841.v1
doi.org,403_forbidden,10.26434/chemrxiv.11472627,Electronically Asynchronous Transition States for C-N Bond Formation by Electrophilic [Coᴵᴵᴵ(TAML)]-,https://doi.org/10.26434/chemrxiv.11472627
doi.org,403_forbidden,10.26434/chemrxiv.11828256,Hole-Hole Tamm-Dancoff-Approximated Density Functional Theory: A Highly Efficient Electronic Structu,https://doi.org/10.26434/chemrxiv.11828256
doi.org,403_forbidden,10.26434/chemrxiv.11828256.v1,Hole-Hole Tamm-Dancoff-Approximated Density Functional Theory: A Highly Efficient Electronic Structu,https://doi.org/10.26434/chemrxiv.11828256.v1
doi.org,403_forbidden,10.26434/chemrxiv.12385940,"Multiconfigurational Static and Dynamic Calculations Explain Tricyclo[4,2,0,02,5]octa-3,7-diene Phot",https://doi.org/10.26434/chemrxiv.12385940
doi.org,403_forbidden,10.26434/chemrxiv.12403124,Breaching the Axial Limits in Ln(III) Single-Ion Magnets Using External Electric Field,https://doi.org/10.26434/chemrxiv.12403124
doi.org,403_forbidden,10.26434/chemrxiv.12411125,"Chemical insights into the electronic structure of Fe(II) porphyrin using FCIQMC, DMRG, and generali",https://doi.org/10.26434/chemrxiv.12411125
doi.org,403_forbidden,10.26434/chemrxiv.12457709,Energetic Degeneracy and Electronic Structures of Germanium Trimers Doped with Titanium,https://doi.org/10.26434/chemrxiv.12457709
doi.org,403_forbidden,10.26434/chemrxiv.12605333,Ligand-Mediated Spin State Changes in a Cobalt-Dipyrrin-Bisphenol Complex,https://doi.org/10.26434/chemrxiv.12605333
doi.org,403_forbidden,10.26434/chemrxiv.12776222.v2,First Principle Investigations of Long-range Magnetic Exchange Interactions via Polyacene Coupler,https://doi.org/10.26434/chemrxiv.12776222.v2
doi.org,403_forbidden,10.26434/chemrxiv.12917930.v1,An Algorithm to Correct for the CASSCF Active Space in Multiscale QM/MM Calculations Based on Geomet,https://doi.org/10.26434/chemrxiv.12917930.v1
doi.org,403_forbidden,10.26434/chemrxiv.13110212.v1,First-Principles Investigations of Magnetic Anisotropy and Spin-Crossover Behavior of Fe(III)-TBP Co,https://doi.org/10.26434/chemrxiv.13110212.v1
doi.org,403_forbidden,10.26434/chemrxiv.13302098,Isomerization and Fragmentation Reactions on the [C2SH4] Potential Energy Surface. The Metastable Th,https://doi.org/10.26434/chemrxiv.13302098
doi.org,403_forbidden,10.26434/chemrxiv.13317902,A Theoretical Stereoselectivity Model of Photochemical Denitrogenations of Diazoalkanes Towards Stra,https://doi.org/10.26434/chemrxiv.13317902
doi.org,403_forbidden,10.26434/chemrxiv.13513881.v1,Auxiliary Atomic Relay Center Facilitates Enhanced Magnetic Couplings in Blatter’s Radical,https://doi.org/10.26434/chemrxiv.13513881.v1
doi.org,403_forbidden,10.26434/chemrxiv.14103740.v2,Electronic Structure of Ytterbium(III) Solvates – A Combined Spectro-scopic and Theoretical Study,https://doi.org/10.26434/chemrxiv.14103740.v2
doi.org,403_forbidden,10.26434/chemrxiv.14254289.v1,Revisiting the Electronic Structure of Cobalt-Porphyrin Nitrene and Carbene Radicals with NEVPT2-CAS,https://doi.org/10.26434/chemrxiv.14254289.v1
doi.org,403_forbidden,10.26434/chemrxiv.14420255.v1,Tuning the Magnetic Properties of Diamagnetic Di-Blatter’s Zwitterion to Antiferro- and Ferromagneti,https://doi.org/10.26434/chemrxiv.14420255.v1
doi.org,403_forbidden,10.26434/chemrxiv.14455983,Actinide Arene-Metalates: Ion Pairing Effects on the Electronic Structure of Unsupported Uranium-Are,https://doi.org/10.26434/chemrxiv.14455983
doi.org,403_forbidden,10.26434/chemrxiv.14524977.v1,A Theoretical Approach to Demystify the Role of Copper Salts and O2 in the Mechanism of C-N Bond Cle,https://doi.org/10.26434/chemrxiv.14524977.v1
doi.org,403_forbidden,10.26434/chemrxiv.14781855,[Co(TPP)]–Catalyzed Carbene Transfer from Acceptor–Acceptor Iodonium Ylides via N-enolate Carbene Ra,https://doi.org/10.26434/chemrxiv.14781855
doi.org,403_forbidden,10.26434/chemrxiv.15000425/v1,Insights into the Redox Landscape of Polyoxovanadate-Alkoxide Species,https://doi.org/10.26434/chemrxiv.15000425/v1
doi.org,403_forbidden,10.26434/chemrxiv.15000921/v2,Automated Active Space Selection with CASCI Dipole Moments,https://doi.org/10.26434/chemrxiv.15000921/v2
doi.org,403_forbidden,10.26434/chemrxiv.15001263/v2,QENEX LAB: A Self-Contained Quantum Chemistry Platform with Reproducible Self-Assessed Compliance an,https://doi.org/10.26434/chemrxiv.15001263/v2
doi.org,403_forbidden,10.26434/chemrxiv.15003702/v1,Light-Controlled Qubit Coupling in Organic Diradicals Linked by an MR-TADF Emitter,https://doi.org/10.26434/chemrxiv.15003702/v1
doi.org,403_forbidden,10.26434/chemrxiv.15004034/v1,Magnetic anisotropy of tellurium(I) and selenium(I)† in a Li3N host crystal,https://doi.org/10.26434/chemrxiv.15004034/v1
doi.org,403_forbidden,10.26434/chemrxiv.15004889/v1,Excited state QM/MM simulations of far red fluorescent proteins show diverging electronic and physic,https://doi.org/10.26434/chemrxiv.15004889/v1
doi.org,403_forbidden,10.26434/chemrxiv.7195370.v1,On the Role of Valence and Semi-Core Electron Correlation on Spin-Gaps in Fe(II)-Porphyrins,https://doi.org/10.26434/chemrxiv.7195370.v1
doi.org,403_forbidden,10.26434/chemrxiv.7665620,Theoretical Investigations of Photoionization Efficiency of Naphthalene,https://doi.org/10.26434/chemrxiv.7665620
doi.org,403_forbidden,10.26434/chemrxiv.7665620.v1,Theoretical Investigations of Photoionization Efficiency of Naphthalene,https://doi.org/10.26434/chemrxiv.7665620.v1
doi.org,403_forbidden,10.26434/chemrxiv.8965973.v1,Spin State Ordering in Metal-Based Compounds Using the Localized Active Space Self-Consistent Field ,https://doi.org/10.26434/chemrxiv.8965973.v1
doi.org,403_forbidden,10.26434/chemrxiv.9108527.v1,A Heterogeneous CPU + GPU Algorithm for Variational Two-Electron Reduced-Density Matrix Driven Compl,https://doi.org/10.26434/chemrxiv.9108527.v1
doi.org,403_forbidden,10.26434/chemrxiv.9750872,"Relaxation Dynamics of Hydrated Thymine, Thymidine, and Thymidine Monophosphate Probed by Liquid Jet",https://doi.org/10.26434/chemrxiv.9750872
doi.org,403_forbidden,10.26434/chemrxiv.9750872.v1,"Relaxation Dynamics of Hydrated Thymine, Thymidine, and Thymidine Monophosphate Probed by Liquid Jet",https://doi.org/10.26434/chemrxiv.9750872.v1
doi.org,403_forbidden,10.26434/chemrxiv.9992402,Probing the Inverse Trans Influence in Americium and Lanthanide Tribromide Tris(tricyclohexylphosphi,https://doi.org/10.26434/chemrxiv.9992402
doi.org,403_forbidden,10.31635/ccschem.020.202000271,Degradation Mechanisms in Blue Organic Light-Emitting Diodes,https://doi.org/10.31635/ccschem.020.202000271
doi.org,403_forbidden,10.31635/ccschem.020.202000384,Manipulation of Molecular Qubits by Isotope Effect on Spin Dynamics,https://doi.org/10.31635/ccschem.020.202000384
doi.org,403_forbidden,10.31635/ccschem.020.202000489,A Molecular Crystal Shows Multiple Correlated Magnetic and Ferroelectric Switchings,https://doi.org/10.31635/ccschem.020.202000489
doi.org,403_forbidden,10.33774/chemrxiv-2021-pjvv1,Machine-Learned Functionals for Strongly Correlated Systems,https://doi.org/10.33774/chemrxiv-2021-pjvv1
doi.org,403_forbidden,10.33774/chemrxiv-2021-pjvv1-v2,Machine-Learned Energy Functionals for Strongly Correlated Systems,https://doi.org/10.33774/chemrxiv-2021-pjvv1-v2
doi.org,403_forbidden,10.33774/chemrxiv-2021-xtlzj,"Hydration dynamics gives the distinctive brown color in the ""brown ring"" nitrate test",https://doi.org/10.33774/chemrxiv-2021-xtlzj
doi.org,403_forbidden,10.3390/computation14010014,Ab Initio Computational Investigations of Low-Lying Electronic States of Yttrium Lithide and Scandiu,https://doi.org/10.3390/computation14010014
doi.org,403_forbidden,10.3390/magnetochemistry7090125,Low-Coordinate Dinuclear Dysprosium(III) Single Molecule Magnets Utilizing LiCl as Bridging Moieties,https://doi.org/10.3390/magnetochemistry7090125
doi.org,403_forbidden,10.7302/7363,Computational and Theoretical Advances in Accurately Modeling Molecular Wave Functions,https://doi.org/10.7302/7363
doi.org,html_landing_page,10.1007/978-3-031-51443-2_8,"Some “Special” Topics: (8.1) Solvation, (8.2) Singlet Diradicals, and (8.3) a Note on Heavy Atoms an",https://doi.org/10.1007/978-3-031-51443-2_8
doi.org,html_landing_page,10.1007/978-3-319-30916-3_8,"Some “Special” Topics: (Section 8.1) Solvation, (Section 8.2) Singlet Diradicals, (Section 8.3) A No",https://doi.org/10.1007/978-3-319-30916-3_8
doi.org,html_landing_page,10.1016/0166-1280(94)03888-r,"Calculations of the energies, geometries and vibrational frequencies of the ground and first excited",https://doi.org/10.1016/0166-1280(94)03888-r
doi.org,html_landing_page,10.1016/j.comptc.2024.114615,p-Phenylene bridge induced dual twisting and metameric impacts on molecular structure and dipole Mom,https://doi.org/10.1016/j.comptc.2024.114615
doi.org,html_landing_page,10.1016/j.cplett.2015.01.040,The low-lying electronic states of BeI: Accounting for spin–orbit effects on the energetic profile c,http://doi.org/10.1016/j.cplett.2015.01.040
doi.org,html_landing_page,10.1016/j.cplett.2017.12.030,"Electronic structure of mixed caesium actinide oxides Cs2AnO4 (An = U, Np, Pu, Am)",https://doi.org/10.1016/j.cplett.2017.12.030
doi.org,html_landing_page,10.1016/j.cplett.2018.09.055,The thermodynamic stability of strontium monohalides dications: A theoretical exploration of the ele,http://doi.org/10.1016/j.cplett.2018.09.055
doi.org,html_landing_page,10.1016/j.cplett.2025.142281,Nitranion as intermediate in the decomposition of azides electrocatalytically synthesized. A CASSCF ,https://doi.org/10.1016/j.cplett.2025.142281
doi.org,html_landing_page,10.1016/j.ica.2025.123037,Magnetic and EPR spectroscopic studies of heterometallic rings featuring {Cr6} chains and rare-earth,https://doi.org/10.1016/j.ica.2025.123037
doi.org,html_landing_page,10.1016/j.jms.2013.10.007,A theoretical contribution to the characterization of the low-lying electronic states of BeBr includ,http://doi.org/10.1016/j.jms.2013.10.007
doi.org,html_landing_page,10.1016/j.jqsrt.2024.108924,Ab initio calculations on spectroscopic and transition properties of NaHe including spin-orbit coupl,https://doi.org/10.1016/j.jqsrt.2024.108924
doi.org,html_landing_page,10.1016/j.mtchem.2022.100794,A metal-organic framework based on Co(II) and 3-aminoisonicotinate showing specific and reversible c,https://doi.org/10.1016/j.mtchem.2022.100794
doi.org,html_landing_page,10.1016/j.omx.2022.100188,"The d-d transitions and ligand field parameters for Cr3+/Co2+ doped (Mg, Zn)Al2O4: Multi-reference A",https://doi.org/10.1016/j.omx.2022.100188
doi.org,html_landing_page,10.1016/j.procs.2014.05.125,Exploring the Conical Intersection Seam in Cytosine: A DFT and CASSCF Study,https://doi.org/10.1016/j.procs.2014.05.125
doi.org,html_landing_page,10.1016/j.tet.2025.134583,"The photochemical isomerization of 2-picoline N-oxide, 4,6-dimethylpyrimidine N-oxide and 2-methoxyp",https://doi.org/10.1016/j.tet.2025.134583
doi.org,html_landing_page,10.1021/jacs.5c11362,A Stable Radical in Cationic Dinuclear Rare-Earth Triple-Decker Complexes Featuring Switchable Magne,https://doi.org/10.5445/ir/1000187295
doi.org,html_landing_page,10.1039/d0sc04871b,Holmium( <scp>iii</scp> ) molecular nanomagnets for optical thermometry exploring the luminescence r,https://doi.org/10.1039/d0sc04871b
doi.org,html_landing_page,10.1039/d6dt00621c,"Disentangling anisotropy and exchange in Co(NCX) <sub>2</sub> (X = S, Se) chains <i>via</i> THz-EPR ",https://doi.org/10.1039/d6dt00621c
doi.org,html_landing_page,10.1063/1.4993648,"Theoretical electronic structure of the cadmium monohalide molecules CdX (X = F, Cl, Br, I)",https://doi.org/10.1063/1.4993648
doi.org,html_landing_page,10.1063/5.0076010,HAB79: A new molecular dataset for benchmarking DFT and DFTB electronic couplings against high-level,https://doi.org/10.1063/5.0076010
doi.org,html_landing_page,10.1088/1361-6455/ad9a2f,A multimass velocity-map and covariance-map imaging study of the dissociative electron ionisation dy,https://doi.org/10.1088/1361-6455/ad9a2f
doi.org,html_landing_page,10.1088/1367-2630/abd50d,Laser cooling and electronic structure studies of CaK and its ions CaK<sup>±</sup>,https://doi.org/10.1088/1367-2630/abd50d
doi.org,html_landing_page,10.1088/1402-4896/ae5035,"Accurate potential energy curves and spectroscopic properties of the X <sup>3</sup> Σ <sup>−</sup> ,",https://doi.org/10.1088/1402-4896/ae5035
doi.org,html_landing_page,10.1088/1674-1056/ac80af,Theoretical investigation on the fluorescent sensing mechanism for recognizing formaldehyde: TDDFT c,https://doi.org/10.1088/1674-1056/ac80af
doi.org,html_landing_page,10.1088/1742-6596/1258/1/012033,Theoretical electronic structure with rovibrational and dipole moment calculation of the SiS Molecul,https://doi.org/10.1088/1742-6596/1258/1/012033
doi.org,html_landing_page,10.1088/1742-6596/1258/1/012034,Theoretical electronic structure with rovibrational and dipole moment calculation of SiN Molecule,https://doi.org/10.1088/1742-6596/1258/1/012034
doi.org,html_landing_page,10.1088/1742-6596/46/1/032,Scalable correlated electronic structure theory,https://doi.org/10.1088/1742-6596/46/1/032
doi.org,html_landing_page,10.1088/1742-6596/61/1/051,Electronic structures of one-dimension carbon nano wires and rings,https://doi.org/10.1088/1742-6596/61/1/051
doi.org,html_landing_page,10.1088/1755-1315/358/3/032038,Understanding the inconsistency between mechanism and rate constants of acetylene ozonolysis,https://doi.org/10.1088/1755-1315/358/3/032038
doi.org,html_landing_page,10.1088/2399-6528/aac3f8,"Electronic structure with dipole moment calculations of the high-lying electronic states of BeH, MgH",https://doi.org/10.1088/2399-6528/aac3f8
doi.org,html_landing_page,10.1093/mnras/stag985,ExoMol line lists – LXX. The CO fourth positive band system,https://doi.org/10.1093/mnras/stag985
doi.org,html_landing_page,10.12688/openreseurope.14073.1,"Theoretical spectroscopic study of acetyl (CH3CO), vinoxy (CH2CHO), and 1-methylvinoxy (CH3COCH2) ra",https://doi.org/10.12688/openreseurope.14073.1
doi.org,html_landing_page,10.12795/11441/175832,Dataset relative to a theoretical study of the potential as molecular quantum-dot cellular automata ,https://doi.org/10.12795/11441/175832
doi.org,html_landing_page,10.1364/oe.416106,Multi-reference ab initio calculations of Hg spectral data and analysis of magic and zero-magic wave,https://doi.org/10.1364/oe.416106
doi.org,html_landing_page,10.14279/depositonce-7710,Computation of NMR shifts for paramagnetic solids,https://doi.org/10.14279/depositonce-7710
doi.org,html_landing_page,10.14469/hpc/4520,"HDA-2+4 mechanism, TS1, cis + HCl, p=NH2 CASSCF(12,12) -1318.29262",https://doi.org/10.14469/hpc/4520
doi.org,html_landing_page,10.17028/rd.lboro.30665393,Research Data for: Accurate Energies for ππ* Excited States via Exchange Scaling: the XS-CASSF metho,https://doi.org/10.17028/rd.lboro.30665393
doi.org,html_landing_page,10.17028/rd.lboro.30665393.v1,Research Data for: Accurate Energies for ππ* Excited States via Exchange Scaling: the XS-CASSF metho,https://doi.org/10.17028/rd.lboro.30665393.v1
doi.org,html_landing_page,10.17169/refubium-17167,Quantenchemische und quantendynamische Rechnungen zur Schwingungsanregung und Photodissoziation von ,https://doi.org/10.17169/refubium-17167
doi.org,html_landing_page,10.18452/37580,Ab Initio Insights into Molecular Magnetism,https://doi.org/10.18452/37580
doi.org,html_landing_page,10.21203/rs.3.rs-1879560/v1,"Theoretical investigation of the spectroscopic properties of ZnTe, ZnTe + , and ZnTe - systems",https://doi.org/10.21203/rs.3.rs-1879560/v1
doi.org,html_landing_page,10.22161/ijcmp.9.2.2,Theoretical investigation of low-lying electronic states of the Be+He molecular ion: Potential energ,https://doi.org/10.22161/ijcmp.9.2.2
doi.org,html_landing_page,10.25365/thesis.32546,Competing light induced molecular torsions,https://doi.org/10.25365/thesis.32546
doi.org,html_landing_page,10.25365/thesis.48585,"Excited state dynamics of 5,6-dihydroxyindole, a eumelanin building block in water and methanol",https://doi.org/10.25365/thesis.48585
doi.org,html_landing_page,10.25365/thesis.50999,Theoretical investigation of the photodissociation of solvated phenol,https://doi.org/10.25365/thesis.50999
doi.org,html_landing_page,10.25365/thesis.55667,Excited-state mechanisms and dynamics of the ruthenium nitrosyl complex trans-[RuCl(NO)(Py)4]2+,https://doi.org/10.25365/thesis.55667
doi.org,html_landing_page,10.25560/6945,Development of Algorithms for the Direct Multi-Configuration Self- Consistent Field (MCSCF) Method,https://doi.org/10.25560/6945
doi.org,html_landing_page,10.26268/heal.uoi.2799,Μηχανιστική μελέτη φωτοδιάσπασης και φωτομετάθεσης του αιθυλοβενζολίου με υπολογισμούς CASSCF/CASPT,https://doi.org/10.26268/heal.uoi.2799
doi.org,html_landing_page,10.26268/heal.uoi.9681,Μηχανιστική μελέτη φωτοδιάσπασης και φωτομετάθεσης του τολουολίου με υπολογισμούς CASSCF/CASPT2,https://doi.org/10.26268/heal.uoi.9681
doi.org,html_landing_page,10.26434/chemrxiv-2024-5hc8g,A Hybrid Meta On-Top Functional for Multiconfiguration Pair-Density Functional Theory,https://doi.org/10.6082/gezh8-sd850
doi.org,html_landing_page,10.4028/www.scientific.net/amr.699.107,The Study of Bond Selective Photochemistry in CH&lt;sub&gt;2&lt;/sub&gt;BrCl,https://doi.org/10.4028/www.scientific.net/amr.699.107
doi.org,html_landing_page,10.47749/t/unicamp.2025.1500860,"Estudo teórico das propriedades espectroscópicas, sob efeitos relativísticos, para os sistemas diatô",https://doi.org/10.47749/t/unicamp.2025.1500860
doi.org,html_landing_page,10.48420/30204577.v2,"Research data for: ""Electron and Nuclear Spin Dynamics of a Lanthanide Complex in Solution""",https://doi.org/10.48420/30204577.v2
doi.org,html_landing_page,10.48420/30888737,"Research data for ""Hydration States of Transplutonium Ions Alter Electronic Structure""",https://doi.org/10.48420/30888737
doi.org,html_landing_page,10.48550/arxiv.2505.20055,Triplets in the cradle: ultrafast dynamics in a cyclic disulfide,https://doi.org/10.48550/arxiv.2505.20055
doi.org,html_landing_page,10.48550/arxiv.2505.23344,A Descriptor Is All You Need: Accurate Machine Learning of Nonadiabatic Coupling Vectors,https://doi.org/10.48550/arxiv.2505.23344
doi.org,html_landing_page,10.48550/arxiv.2511.05732,Performance of Automatic Active Space Selection for Electronic Excitation Energies,https://doi.org/10.48550/arxiv.2511.05732
doi.org,html_landing_page,10.48550/arxiv.2512.07537,XMCQDPT2-Fidelity Transfer-Learning Potentials and a Wavepacket Oscillation Model with Power-Law Dec,https://doi.org/10.48550/arxiv.2512.07537
doi.org,html_landing_page,10.48550/arxiv.2512.19778,Validation of Quantum Computing for Transition Metal Oxide-based Automotive Catalysis,https://doi.org/10.48550/arxiv.2512.19778
doi.org,html_landing_page,10.48550/arxiv.2604.17925,State-Averaged Quantum Algorithms for Multiconfigurational Surface Chemistry: A Benchmark on Rh@TiO2,https://doi.org/10.48550/arxiv.2604.17925
doi.org,html_landing_page,10.48550/arxiv.2604.25603,Accelerated Surface Hopping via Scaling the Spin--Orbit Coupling: Opportunities for Machine Learning,https://doi.org/10.48550/arxiv.2604.25603
doi.org,html_landing_page,10.48550/arxiv.2604.26428,A Theoretical Investigation of the Thermal and Photochemical Mechanisms of Ethylbenzene Dehydrogenat,https://doi.org/10.48550/arxiv.2604.26428
doi.org,html_landing_page,10.48550/arxiv.2605.04283,"An extended ab initio theory of the V$_{\text{B}}^-$ center in hBN: excited states, Jahn-Teller dist",https://doi.org/10.48550/arxiv.2605.04283
doi.org,html_landing_page,10.48550/arxiv.2605.22394,Dynamic electron correlation energy for multireference wavefunction methods from one- and two-electr,https://doi.org/10.48550/arxiv.2605.22394
doi.org,html_landing_page,10.48550/arxiv.2606.02917,Vibrations Drive Ultrafast Intersystem Crossing of a Photoexcited Cr(III) Complex,https://doi.org/10.48550/arxiv.2606.02917
doi.org,html_landing_page,10.48550/arxiv.2606.17761,Constrained Optimization Algorithms for Orbital Optimization in Quantum Chemistry,https://doi.org/10.48550/arxiv.2606.17761
doi.org,html_landing_page,10.48550/arxiv.2607.05786,A Quantum-HPC Hybrid Workflow for Reaction-Center Electronic Dynamics: Application to a Cytochrome P,https://doi.org/10.48550/arxiv.2607.05786
doi.org,html_landing_page,10.48550/arxiv.2607.08178,State-Averaged Density Matrix Embedding Theory for Local Excitations,https://doi.org/10.48550/arxiv.2607.08178
doi.org,html_landing_page,10.48700/datst.9sg2b-myd78,Data for A Descriptor Is All You Need: Accurate Machine Learning of Nonadiabatic Coupling Vectors,https://doi.org/10.48700/datst.9sg2b-myd78
doi.org,html_landing_page,10.48700/datst.t55em-ndc28,Data for our contribution to COLUMBUS -An Efficient and General Program Package for Ground and Excit,https://doi.org/10.48700/datst.t55em-ndc28
doi.org,html_landing_page,10.48700/ff6ba-k3y07,Data for our contribution to COLUMBUS -An Efficient and General Program Package for Ground and Excit,https://doi.org/10.48700/ff6ba-k3y07
doi.org,html_landing_page,10.48700/nrjxy-crx39,Data for A Descriptor Is All You Need: Accurate Machine Learning of Nonadiabatic Coupling Vectors,https://doi.org/10.48700/nrjxy-crx39
doi.org,html_landing_page,10.5167/uzh-433777,Theoretical Approaches to Electronic Structure Probing at Metal Surface and Interface,https://doi.org/10.5167/uzh-433777
doi.org,html_landing_page,10.5194/epsc2026-694,Ribose Photochemistry in Space: Non-adiabatic Reaction Pathways,https://doi.org/10.5194/epsc2026-694
doi.org,html_landing_page,10.5281/zenodo.10053324,Supplementary Material: molecular geometries and isotropic NMR shieldings of the systems used to tes,https://doi.org/10.5281/zenodo.10053324
doi.org,html_landing_page,10.5281/zenodo.10053325,Supplementary Material: molecular geometries and isotropic NMR shieldings of the systems used to tes,https://doi.org/10.5281/zenodo.10053325
doi.org,html_landing_page,10.5281/zenodo.10449450,Chemical Control of Excited-State Reactivity of the Anionic Green Fluorescent Protein Chromophore,https://doi.org/10.5281/zenodo.10449450
doi.org,html_landing_page,10.5281/zenodo.1255998,Substituent Position Effects On Sunscreen Photodynamics: A Closer Look At Methyl Anthranilate,https://doi.org/10.5281/zenodo.1255998
doi.org,html_landing_page,10.5281/zenodo.17406994,Ab initio potential energy curves and spin-orbit couplings of $CO^{2+}$,https://doi.org/10.5281/zenodo.17406994
doi.org,html_landing_page,10.5281/zenodo.17406995,Ab initio potential energy curves and spin-orbit couplings of $CO^{2+}$,https://doi.org/10.5281/zenodo.17406995
doi.org,html_landing_page,10.5281/zenodo.17955574,Supporting Data: A Tutorial on Mechanistic Modeling of Nonstatistical Reactivity: Example of Light a,https://doi.org/10.5281/zenodo.17955574
doi.org,html_landing_page,10.5281/zenodo.17955575,Supporting Data: A Tutorial on Mechanistic Modeling of Nonstatistical Reactivity: Example of Light a,https://doi.org/10.5281/zenodo.17955575
doi.org,html_landing_page,10.5281/zenodo.17981972,The fine effects of high magnetic fields on hyperfine shifts,https://doi.org/10.5281/zenodo.17981972
doi.org,html_landing_page,10.5281/zenodo.17981973,The fine effects of high magnetic fields on hyperfine shifts,https://doi.org/10.5281/zenodo.17981973
doi.org,html_landing_page,10.5281/zenodo.18034314,"Supplementary Research Data for ""Decomposition of magnetic coupling in μ-oxo-bridged metal complexes",https://doi.org/10.5281/zenodo.18034314
doi.org,html_landing_page,10.5281/zenodo.18034315,"Supplementary Research Data for ""Decomposition of magnetic coupling in μ-oxo-bridged metal complexes",https://doi.org/10.5281/zenodo.18034315
doi.org,html_landing_page,10.5281/zenodo.18135261,De Novo Design of a Non-Cryogenic Quantum Interface: Tuning Erbium Emission to the Telecom C-Band wi,https://doi.org/10.5281/zenodo.18135261
doi.org,html_landing_page,10.5281/zenodo.18135262,De Novo Design of a Non-Cryogenic Quantum Interface: Tuning Erbium Emission to the Telecom C-Band wi,https://doi.org/10.5281/zenodo.18135262
doi.org,html_landing_page,10.5281/zenodo.18135798,De Novo Design of a Non-Cryogenic Quantum Interface: Tuning Erbium Emission to the Telecom C-Band wi,https://doi.org/10.5281/zenodo.18135798
doi.org,html_landing_page,10.5281/zenodo.18267424,Mechanistic Insights into Luminol Chemiexcitation: The Role of the Amide Carbonyls,https://doi.org/10.5281/zenodo.18267424
doi.org,html_landing_page,10.5281/zenodo.18267425,Mechanistic Insights into Luminol Chemiexcitation: The Role of the Amide Carbonyls,https://doi.org/10.5281/zenodo.18267425
doi.org,html_landing_page,10.5281/zenodo.18877523,BOMD Structural Analysis of Dark and Bright State of Channelrhodopsin 2,https://doi.org/10.5281/zenodo.18877523
doi.org,html_landing_page,10.5281/zenodo.18886879,Nonadiabatic Surface Hopping Simulation Of Channelrhodopsin 2,https://doi.org/10.5281/zenodo.18886879
doi.org,html_landing_page,10.5281/zenodo.18993128,From Oxo to Oxyl to Biradical: Systematic Multireference Calculations of Methane Activation at MOF N,https://doi.org/10.5281/zenodo.18993128
doi.org,html_landing_page,10.5281/zenodo.18993129,From Oxo to Oxyl to Biradical: Systematic Multireference Calculations of Methane Activation at MOF N,https://doi.org/10.5281/zenodo.18993129
doi.org,html_landing_page,10.5281/zenodo.19135911,inZOR-ND vs Random Search: Comparative Validation for CASSCF Active Space Discovery on Cr₂ with Mult,https://doi.org/10.5281/zenodo.19135911
doi.org,html_landing_page,10.5281/zenodo.19151936,inZOR-ND: Comprehensive Validation for Automatic CASSCF Active Space Selection — 8 Benchmarks on 6 M,https://doi.org/10.5281/zenodo.19151936
doi.org,html_landing_page,10.5281/zenodo.19151937,inZOR-ND: Comprehensive Validation for Automatic CASSCF Active Space Selection — 5 Benchmarks on 5 M,https://doi.org/10.5281/zenodo.19151937
doi.org,html_landing_page,10.5281/zenodo.19157750,QENEX LAB: Advanced Scientific Computing & Drug Discovery Platform,https://doi.org/10.5281/zenodo.19157750
doi.org,html_landing_page,10.5281/zenodo.19316851,RASP as the Mean-Field of Orch-OR: A Derivation of the Recursive Attractor Stability Principle from ,https://doi.org/10.5281/zenodo.19316851
doi.org,html_landing_page,10.5281/zenodo.19316852,RASP as the Mean-Field of Orch-OR: A Derivation of the Recursive Attractor Stability Principle from ,https://doi.org/10.5281/zenodo.19316852
doi.org,html_landing_page,10.5281/zenodo.19317581,"The (3,5) Structural Motif in Quantum Biology: Aromatic Triads from Cryptochrome to the Proteome",https://doi.org/10.5281/zenodo.19317581
doi.org,html_landing_page,10.5281/zenodo.19317582,"The (3,5) Structural Motif in Quantum Biology: Aromatic Triads from Cryptochrome to the Proteome",https://doi.org/10.5281/zenodo.19317582
doi.org,html_landing_page,10.5281/zenodo.19398117,Ab Initio Quantum Chemistry for Electron Correlation: From Theoretical Foundations to Drug Discovery,https://doi.org/10.5281/zenodo.19398117
doi.org,html_landing_page,10.5281/zenodo.19398118,Ab Initio Quantum Chemistry for Electron Correlation: From Theoretical Foundations to Drug Discovery,https://doi.org/10.5281/zenodo.19398118
doi.org,html_landing_page,10.5281/zenodo.19411265,"QC gaps: why they matter, H₂ as a minimal diagnostic, ethylene exploration in inZOR-ND, and the disc",https://doi.org/10.5281/zenodo.19411265
doi.org,html_landing_page,10.5281/zenodo.19411266,"QC gaps: why they matter, H₂ as a minimal diagnostic, ethylene exploration in inZOR-ND, and the disc",https://doi.org/10.5281/zenodo.19411266
doi.org,html_landing_page,10.5281/zenodo.19411341,Ethylene (3D) — Quasi-Degenerate Gap Structure via inZOR-ND,https://doi.org/10.5281/zenodo.19411341
doi.org,html_landing_page,10.5281/zenodo.19411342,Ethylene (3D) — Quasi-Degenerate Gap Structure via inZOR-ND,https://doi.org/10.5281/zenodo.19411342
doi.org,html_landing_page,10.5281/zenodo.19478937,Planck,https://doi.org/10.5281/zenodo.19478937
doi.org,html_landing_page,10.5281/zenodo.19510749,"Conformal Grounding of the Non-minimal Coupling ξ, Formal Derivation of kexp = 2 from the HP Superpo",https://doi.org/10.5281/zenodo.19510749
doi.org,html_landing_page,10.5281/zenodo.19510750,"Conformal Grounding of the Non-minimal Coupling ξ, Formal Derivation of kexp = 2 from the HP Superpo",https://doi.org/10.5281/zenodo.19510750
doi.org,html_landing_page,10.5281/zenodo.19537404,"inZOR-ND: Photochemical Multi-Geometry Active Space Selection — Fulvene CAS(10,10) 12/12 vs NOON-MP2",https://doi.org/10.5281/zenodo.19537404
doi.org,html_landing_page,10.5281/zenodo.19537405,"inZOR-ND: Photochemical Multi-Geometry Active Space Selection — Fulvene CAS(10,10) 12/12 vs NOON-MP2",https://doi.org/10.5281/zenodo.19537405
doi.org,html_landing_page,10.5281/zenodo.19548906,"Data for ""Multireference Excited-State Screening Reveals Hidden Candidate Space in Organic Semicondu",https://doi.org/10.5281/zenodo.19548906
doi.org,html_landing_page,10.5281/zenodo.19548907,"Data for ""Multireference Excited-State Screening Reveals Hidden Candidate Space in Organic Semicondu",https://doi.org/10.5281/zenodo.19548907
doi.org,html_landing_page,10.5281/zenodo.19655526,"inZOR-ND: Chemistry-Consistent Active-Space Selection across CH2O, C2H4 and C4H6 — A Three-Benchmark",https://doi.org/10.5281/zenodo.19655526
doi.org,html_landing_page,10.5281/zenodo.19655527,"inZOR-ND: Chemistry-Consistent Active-Space Selection across CH2O, C2H4 and C4H6 — A Three-Benchmark",https://doi.org/10.5281/zenodo.19655527
doi.org,html_landing_page,10.5281/zenodo.20016410,"God Does Not Play Dice: Transition Metals Analysis through the Determinacy Equation, Part 3: Transit",https://doi.org/10.5281/zenodo.20016410
doi.org,html_landing_page,10.5281/zenodo.20016411,"God Does Not Play Dice: Transition Metals Analysis through the Determinacy Equation, Part 3: Transit",https://doi.org/10.5281/zenodo.20016411
doi.org,html_landing_page,10.5281/zenodo.20070120,From Oxo to Oxyl to Biradical: Systematic Multireference Calculations of Methane Activation at MOF N,https://doi.org/10.5281/zenodo.20070120
doi.org,html_landing_page,10.5281/zenodo.20083483,QENEX Verifier — Open-Source Reproducer for QENEX LAB v2 Paper Claims,https://doi.org/10.5281/zenodo.20083483
doi.org,html_landing_page,10.5281/zenodo.20204568,Mapping Proton-Coupled Electron Transfer with Real Space Coordinates,https://doi.org/10.5281/zenodo.20204568
doi.org,html_landing_page,10.5281/zenodo.20204569,Mapping Proton-Coupled Electron Transfer with Real Space Coordinates,https://doi.org/10.5281/zenodo.20204569
doi.org,html_landing_page,10.5281/zenodo.20264767,Sector-Aware VQE for Reduced Fe₄N₂ Active-Space Models: Correction of a Prior Redox-Driven Electroni,https://doi.org/10.5281/zenodo.20264767
doi.org,html_landing_page,10.5281/zenodo.20303973,QENEX Verifier — Open-Source Reproducer for QENEX LAB v2 Paper Claims,https://doi.org/10.5281/zenodo.20303973
doi.org,html_landing_page,10.5281/zenodo.20303974,QENEX Verifier — Open-Source Reproducer for QENEX LAB v2 Paper Claims,https://doi.org/10.5281/zenodo.20303974
doi.org,html_landing_page,10.5281/zenodo.20406918,SHNITSEL - Surface Hopping Nested Instances Training Set for Excited-state Learning,https://doi.org/10.5281/zenodo.20406918
doi.org,html_landing_page,10.5281/zenodo.20415504,Planck,https://doi.org/10.5281/zenodo.20415504
doi.org,html_landing_page,10.5281/zenodo.21252628,Quantum-Inspired Tensor Network and Statistical Meta-Analysis Pipeline for Topological Optimization ,https://doi.org/10.5281/zenodo.21252628
doi.org,html_landing_page,10.5281/zenodo.21277816,The Condensed Matter Amplituhedron: CASSCF Wavefunctions as Geodesics on the Grassmannian,https://doi.org/10.5281/zenodo.21277816
doi.org,html_landing_page,10.5281/zenodo.21277820,Schrodinger's Equation on the Grassmannian: The Correct Action Principle for Correlated Many-Body Wa,https://doi.org/10.5281/zenodo.21277820
doi.org,html_landing_page,10.5281/zenodo.21277822,"A Universal Theory of Chemical Bonding from the Grassmannian: Three ISA Descriptors Unify Lewis, MO,",https://doi.org/10.5281/zenodo.21277822
doi.org,html_landing_page,10.5281/zenodo.21279007,The Grassmannian as the Common Parent of Bonding and Scattering,https://doi.org/10.5281/zenodo.21279007
doi.org,html_landing_page,10.5281/zenodo.21300667,The Topological Active Space: Weak Lifting and C/T Skeleton Pre-Screening for CASSCF,https://doi.org/10.5281/zenodo.21300667
doi.org,html_landing_page,10.5281/zenodo.21300668,The Topological Active Space: Weak Lifting and C/T Skeleton Pre-Screening for CASSCF,https://doi.org/10.5281/zenodo.21300668
doi.org,html_landing_page,10.5281/zenodo.21300679,ISA-Guided Active Space Selection: H^k Orbital Stratification Automates CASSCF,https://doi.org/10.5281/zenodo.21300679
doi.org,html_landing_page,10.5281/zenodo.21300680,ISA-Guided Active Space Selection: H^k Orbital Stratification Automates CASSCF,https://doi.org/10.5281/zenodo.21300680
doi.org,html_landing_page,10.5281/zenodo.21309088,"Grassmannian Compression: Active Space Selection as Geometry, Transport, and Topology",https://doi.org/10.5281/zenodo.21309088
doi.org,html_landing_page,10.5281/zenodo.21309089,"Grassmannian Compression: Active Space Selection as Geometry, Transport, and Topology",https://doi.org/10.5281/zenodo.21309089
doi.org,html_landing_page,10.5281/zenodo.21332968,"Five DNA and RNA bases swallow ultraviolet light: the purines slide straight out, the pyrimidines he",https://doi.org/10.5281/zenodo.21332968
doi.org,html_landing_page,10.5281/zenodo.21332969,"Five DNA and RNA bases swallow ultraviolet light: the purines slide straight out, the pyrimidines he",https://doi.org/10.5281/zenodo.21332969
doi.org,html_landing_page,10.5281/zenodo.21346077,Weyl-Stratified Active Space Compression: Topological Routing of Orbital Pairs to Exact Correlation ,https://doi.org/10.5281/zenodo.21346077
doi.org,html_landing_page,10.5281/zenodo.5710890,"Source data for the publication ""Tracking excited state decay mechanisms of pyrimidine nucleosides i",https://doi.org/10.5281/zenodo.5710890
doi.org,html_landing_page,10.5281/zenodo.7854202,"Ab initio multiple spawning simulations for ""Rehybridization dynamics into the pericyclic minimum of",https://doi.org/10.5281/zenodo.7854202
doi.org,html_landing_page,10.5281/zenodo.7854203,"Ab initio multiple spawning simulations for ""Rehybridization dynamics into the pericyclic minimum of",https://doi.org/10.5281/zenodo.7854203
doi.org,html_landing_page,10.5281/zenodo.8169551,Chemical Control of Excited-State Reactivity of the Anionic Green Fluorescent Protein Chromophore,https://doi.org/10.5281/zenodo.8169551
doi.org,html_landing_page,10.53941/ps.2026.100011,Excitation Energies in a Polarizable Environment: A Comparison of State-Averaged and Linear-Response,https://doi.org/10.53941/ps.2026.100011
doi.org,html_landing_page,10.5539/apr.v8n4p1,Dipole Moment and Electronic Structure Calculations of the Electronic States of the molecular ion Si,https://doi.org/10.5539/apr.v8n4p1
doi.org,html_landing_page,10.59350/5j1p7-a0x60,"Multiconfigurational methods (CI, CC, CASSCF, CASPT2)",https://doi.org/10.59350/5j1p7-a0x60
doi.org,html_landing_page,10.6082/evxmf-8kk87,Developments and Applications of Automated Multiconfigurational Quantum Chemistry,https://doi.org/10.6082/evxmf-8kk87
doi.org,html_landing_page,10.6082/wgpqw-nxs33,Multireference Studies of Transition Metal and Actinide Containing Molecular Systems,https://doi.org/10.6082/wgpqw-nxs33
doi.org,html_landing_page,10.6084/m9.figshare.12435017,"Low-lying electronic terms of diatomic molecules <i>AB</i> (<i>A</i> = Sc–Ni, <i>B</i> = Cu/Ag/Au)",https://doi.org/10.6084/m9.figshare.12435017
doi.org,html_landing_page,10.6084/m9.figshare.12435017.v2,"Low-lying electronic terms of diatomic molecules <i>AB</i> (<i>A</i> = Sc–Ni, <i>B</i> = Cu/Ag/Au)",https://doi.org/10.6084/m9.figshare.12435017.v2
doi.org,html_landing_page,10.6084/m9.figshare.13721836,Hexafluorobenzene stationary point geometries,https://doi.org/10.6084/m9.figshare.13721836
doi.org,html_landing_page,10.6084/m9.figshare.21667808,Supporting Information for Ring strain release and pseudo anti-aromaticities control photochemical r,https://doi.org/10.6084/m9.figshare.21667808
doi.org,html_landing_page,10.6084/m9.figshare.24843663,Beyond MD17: The Reactive xxMD Dataset,https://doi.org/10.6084/m9.figshare.24843663
doi.org,html_landing_page,10.6084/m9.figshare.31032451,Revisiting the Robin–Day Classification through Switchable Electronic States in Multi-metallic Vanad,https://doi.org/10.6084/m9.figshare.31032451
doi.org,html_landing_page,10.6084/m9.figshare.31032451.v1,Revisiting the Robin–Day Classification through Switchable Electronic States in Multi-metallic Vanad,https://doi.org/10.6084/m9.figshare.31032451.v1
doi.org,html_landing_page,10.6084/m9.figshare.32411734,Achieving Chemical Accuracy for the First Two Singlet Excited States of Molecular Oxygen,https://doi.org/10.6084/m9.figshare.32411734
doi.org,html_landing_page,10.6084/m9.figshare.32411734.v1,Achieving Chemical Accuracy for the First Two Singlet Excited States of Molecular Oxygen,https://doi.org/10.6084/m9.figshare.32411734.v1
doi.org,html_landing_page,10.6084/m9.figshare.3833520,<i>Ab initio</i> calculations to support accurate modelling of the rovibronic spectroscopy calculati,https://doi.org/10.6084/m9.figshare.3833520
doi.org,html_landing_page,10.6084/m9.figshare.963377,The eight-valence-electron systems re-examined: convergence of the coupled-cluster series and perfor,https://doi.org/10.6084/m9.figshare.963377
doi.org,html_landing_page,10.6084/m9.figshare.963377.v1,The eight-valence-electron systems re-examined: convergence of the coupled-cluster series and perfor,https://doi.org/10.6084/m9.figshare.963377.v1
doi.org,html_landing_page,10.60893/figshare.adv.c.8193842,Quantum simulation of CO<sub>2</sub> chemisorption in an amine-functionalized metal-organic framewor,https://doi.org/10.60893/figshare.adv.c.8193842
doi.org,html_landing_page,10.60893/figshare.adv.c.8193842.v1,Quantum simulation of CO<sub>2</sub> chemisorption in an amine-functionalized metal-organic framewor,https://doi.org/10.60893/figshare.adv.c.8193842.v1
doi.org,html_landing_page,10.60893/figshare.jcp.30904394,"Supporting Information for ""Autoionizing excited states of N_$2$ using complex-basis function spin-f",https://doi.org/10.60893/figshare.jcp.30904394
doi.org,html_landing_page,10.60893/figshare.jcp.30904394.v1,"Supporting Information for ""Autoionizing excited states of N_$2$ using complex-basis function spin-f",https://doi.org/10.60893/figshare.jcp.30904394.v1
doi.org,html_landing_page,10.60893/figshare.jcp.31123984.v1,SUPPLEMENTARY MATERIAL,https://doi.org/10.60893/figshare.jcp.31123984.v1
doi.org,html_landing_page,10.60893/figshare.jcp.31747114,Supplementary material,https://doi.org/10.60893/figshare.jcp.31747114
doi.org,html_landing_page,10.60893/figshare.jcp.31747114.v1,Supplementary material,https://doi.org/10.60893/figshare.jcp.31747114.v1
doi.org,html_landing_page,10.60893/figshare.jcp.31890529,Supporting Information,https://doi.org/10.60893/figshare.jcp.31890529
doi.org,html_landing_page,10.60893/figshare.jcp.31890529.v1,Supporting Information,https://doi.org/10.60893/figshare.jcp.31890529.v1
doi.org,html_landing_page,10.60893/figshare.jcp.c.8113772,<strong>A novel probe of </strong><strong>photochemical reaction mechanisms of sulfine from</strong>,https://doi.org/10.60893/figshare.jcp.c.8113772
doi.org,html_landing_page,10.60893/figshare.jcp.c.8113772.v1,<strong>A novel probe of </strong><strong>photochemical reaction mechanisms of sulfine from</strong>,https://doi.org/10.60893/figshare.jcp.c.8113772.v1
doi.org,html_landing_page,10.60893/figshare.jcp.c.8129837,"<strong><em>Effect of Polar and Non-Polar Media on Photoinduced Ring-Opening of 1,3-Cyclohexadiene: ",https://doi.org/10.60893/figshare.jcp.c.8129837
doi.org,html_landing_page,10.60893/figshare.jcp.c.8129837.v1,"<strong><em>Effect of Polar and Non-Polar Media on Photoinduced Ring-Opening of 1,3-Cyclohexadiene: ",https://doi.org/10.60893/figshare.jcp.c.8129837.v1
doi.org,html_landing_page,10.60893/figshare.jcp.c.8294440,Many Roads to the Seam: How Conformational Flexibility Drives Nonadiabatic Relaxation in a Prototypi,https://doi.org/10.60893/figshare.jcp.c.8294440
doi.org,html_landing_page,10.60893/figshare.jcp.c.8320993.v1,<strong>Activation of Methane by U<sup>+</sup> Studied by Guided Ion Beam Tandem Mass Spectrometry a,https://doi.org/10.60893/figshare.jcp.c.8320993.v1
doi.org,html_landing_page,10.60893/figshare.jcp.c.8353561,<strong>Excited-state-dependent </strong><strong>chiral pathways in</strong><strong> </strong><stron,https://doi.org/10.60893/figshare.jcp.c.8353561
doi.org,html_landing_page,10.60893/figshare.jcp.c.8353561.v1,<strong>Excited-state-dependent </strong><strong>chiral pathways in</strong><strong> </strong><stron,https://doi.org/10.60893/figshare.jcp.c.8353561.v1
doi.org,html_landing_page,10.60893/figshare.jcp.c.8390923,"Introducing PAIMP, the Polarizable Ab-Initio Model Potential Method for Embedded Clusters",https://doi.org/10.60893/figshare.jcp.c.8390923
doi.org,html_landing_page,10.60893/figshare.jcp.c.8390923.v1,"Introducing PAIMP, the Polarizable Ab-Initio Model Potential Method for Embedded Clusters",https://doi.org/10.60893/figshare.jcp.c.8390923.v1
doi.org,html_landing_page,10.60893/figshare.jcp.c.8483793,Ionic Modulation of the Charge Transfer Transitions in Host-Guest Complexes of Carbon Nanorings and ,https://doi.org/10.60893/figshare.jcp.c.8483793
doi.org,html_landing_page,10.60893/figshare.jcp.c.8517879,Orthogonally Constrained CASSCF Framework: Newton-Raphson Orbital Optimization and Nuclear Gradients,https://doi.org/10.60893/figshare.jcp.c.8517879
doi.org,html_landing_page,10.60893/figshare.jcp.c.8517879.v1,Orthogonally Constrained CASSCF Framework: Newton-Raphson Orbital Optimization and Nuclear Gradients,https://doi.org/10.60893/figshare.jcp.c.8517879.v1
doi.org,html_landing_page,10.7498/aps.60.043102,Study on spectroscopic parameters and molecular constants of CS+(X2Σ+) and CS+(A2Π) by MRCI,https://doi.org/10.7498/aps.60.043102
doi.org,html_landing_page,10.7498/aps.60.063101,Spectroscopic parameters and molecular constants of CSe(X1Σ+) radical,https://doi.org/10.7498/aps.60.063101
doi.org,html_landing_page,10.7498/aps.61.093105,Spectroscopic parameters and molecular constants of X1+ and a3 electronic states of BF radical,https://doi.org/10.7498/aps.61.093105
doi.org,html_landing_page,10.7498/aps.61.153105,A Multi-reference configuration interaction investigation of the X2+and A2 low-lying electronic stat,https://doi.org/10.7498/aps.61.153105
doi.org,html_landing_page,10.7498/aps.64.123101,Configuration interaction study on electronic structures and transitional properties of excited stat,https://doi.org/10.7498/aps.64.123101
doi.org,html_landing_page,10.7498/aps.66.103101,Ab initio calculation of the potential curve of B3u- state of O2,https://doi.org/10.7498/aps.66.103101
doi.org,html_landing_page,10.7498/aps.67.20172409,Potential energy curves and transition properties for the ground and excited states of BH+ cation,https://doi.org/10.7498/aps.67.20172409
doi.org,html_landing_page,10.7498/aps.68.20181695,Spectroscopic properties and analytical potential energy function of ground and low-lying excited st,https://doi.org/10.7498/aps.68.20181695
doi.org,html_landing_page,10.7498/aps.68.20182039,Theoretical study of laser-cooled SH&lt;sup&gt;–&lt;/sup&gt; anion,https://doi.org/10.7498/aps.68.20182039
doi.org,html_landing_page,10.7498/aps.68.20190869,Theoretical study of laser cooling of potassium chloride anion,https://doi.org/10.7498/aps.68.20190869
doi.org,html_landing_page,10.7498/aps.68.20191341,&lt;i&gt;Ab initio&lt;/i&gt; calculation of electronic state structure of TiAl,https://doi.org/10.7498/aps.68.20191341
doi.org,html_landing_page,10.7498/aps.7120221104,The electronic structures and transition properties of AsH&lt;sup&gt;+&lt;/sup&gt; cation,https://doi.org/10.7498/aps.7120221104
doi.org,html_landing_page,10.7916/d8-0e0f-x258,Towards an Accurate Description of Strongly Correlated Chemical Systems with Phaseless Auxiliary-Fie,https://doi.org/10.7916/d8-0e0f-x258
doi.org,html_landing_page,10.7939/r3-vc3h-fe44,Software Development for Integrating Molpro with Newton-X for Adiabatic and Non-adiabatic Excited St,https://doi.org/10.7939/r3-vc3h-fe44
doi.org,html_landing_page,10.7939/r39z90q5j,Potential Energy Surfaces for Quantum Dynamics Simulations: From ab initio Computations to Vibration,https://doi.org/10.7939/r39z90q5j
doi.org,html_landing_page,10.7939/r3bn9x764,Computational Investigations on Excited State Properties of Cyanine Dyes and Carbene-bound Main Grou,https://doi.org/10.7939/r3bn9x764
doi.org,html_landing_page,10.7939/r3xg9fn5s,Ab initio Semiclassical Initial Value Representation: Development of New Methods,https://doi.org/10.7939/r3xg9fn5s
downloads.hindawi.com,403_forbidden,10.1155/2013/734354,A Computational Determination of the Lowest Energy Electronic and Geometric States of First Row Tran,https://downloads.hindawi.com/archive/2013/734354.pdf
downloads.hindawi.com,403_forbidden,10.1155/2014/850641,Effect of Initial Orientation on the Laser-Induced Cycloaddition Reaction of Benzene and Ethylene,https://downloads.hindawi.com/journals/ijp/2014/850641.pdf
downloads.hindawi.com,403_forbidden,10.1155/2014/874102,Mechanisms of Laser-Induced Reactions of Stacked Benzene Molecules: A Semiclassical Dynamics Simulat,https://downloads.hindawi.com/journals/ijp/2014/874102.pdf
downloads.hindawi.com,403_forbidden,10.1155/2018/9802369,Applying a Nonspin-Flip Reaction Scheme to Explain for the Doublet Sulfide Oxides SMO<sub>2</sub> Ob,http://downloads.hindawi.com/journals/jnt/2018/9802369.pdf
dspace.lboro.ac.uk,html_landing_page,10.1021/acs.jctc.9b00282,The Influence of the Electronic Structure Method on Intersystem Crossing Dynamics. The Case of Thiof,https://dspace.lboro.ac.uk/2134/37771
dspace.library.uu.nl,html_landing_page,10.1016/j.cplett.2005.08.024,Coupled valence bond theory,https://dspace.library.uu.nl/handle/1874/25897
durham-repository.worktribe.com,403_forbidden,10.1021/acs.jpclett.6b00970,GPU-Accelerated State-Averaged Complete Active Space Self-Consistent Field Interfaced with Ab Initio,https://durham-repository.worktribe.com/output/1372149
durham-repository.worktribe.com,403_forbidden,10.1080/00268970009483311,"Anisotropie dipole polarizabilities and quadrupole moments of open-shell atoms and ions: O, F, S, Cl",https://durham-repository.worktribe.com/output/1450557
dx.doi.org,403_forbidden,10.1021/ct3006166,Proton/Hydrogen Transfer Mechanisms in the Guanine–Cytosine Base Pair: Photostability and Tautomeris,http://dx.doi.org/10.1021/ct3006166
dx.doi.org,403_forbidden,10.1080/00268976.2010.503666,Structural and spectroscopic properties of the diazocarbene radical (CNN) and its ions CNN<sup>+</su,http://dx.doi.org/10.1080/00268976.2010.503666
dx.doi.org,403_forbidden,10.1080/00268976.2012.697585,"The search for a potentially new molecular species, SiAs: A theoretical contribution",http://dx.doi.org/10.1080/00268976.2012.697585
dx.doi.org,403_forbidden,10.2139/ssrn.4526625,Zero-Field Splitting in Tetracoordinate Co(Ii) Complexes Containing Heterocyclic Aromatic Ligands,http://dx.doi.org/10.2139/ssrn.4526625
dx.doi.org,403_forbidden,10.2139/ssrn.4832814,"Wavelength-Dependent Photoisomerization of Trans-4,4'-Azopyridine: Nonadiabatic Dynamics Simulation",http://dx.doi.org/10.2139/ssrn.4832814
dx.doi.org,403_forbidden,10.26434/chemrxiv-2023-xn5l3,Conical Intersection Accessibility Dictates Brightness in Red Fluorescent Proteins,http://dx.doi.org/10.26434/chemrxiv-2023-xn5l3
dx.doi.org,html_landing_page,10.1007/s00214-010-0726-6,The low-lying electronic states of BeAs: a first principles characterization,http://dx.doi.org/10.1007/s00214-010-0726-6
dx.doi.org,html_landing_page,10.1016/j.chemphys.2012.01.009,The radical SeCl: A theoretical contribution to the characterization of its low-lying electronic sta,http://dx.doi.org/10.1016/j.chemphys.2012.01.009
dx.doi.org,html_landing_page,10.1016/j.comptc.2012.12.023,Ab initio study of the lowest-lying electronic states of the LiAs molecule,http://dx.doi.org/10.1016/j.comptc.2012.12.023
dx.doi.org,html_landing_page,10.1016/j.comptc.2014.03.021,2-Thiouracil deactivation pathways and triplet states population,http://dx.doi.org/10.1016/j.comptc.2014.03.021
dx.doi.org,html_landing_page,10.1016/j.comptc.2015.04.020,Ab initio characterization of the lowest-lying electronic states of the NaAs molecule,http://dx.doi.org/10.1016/j.comptc.2015.04.020
dx.doi.org,html_landing_page,10.1016/j.comptc.2019.04.016,"Electronic states, spectroscopic parameters, transition probabilities, and radiative lifetimes of th",http://dx.doi.org/10.1016/j.comptc.2019.04.016
dx.doi.org,html_landing_page,10.1016/j.cplett.2011.12.021,A theoretical contribution characterizing a potentially new molecular species: MgAs,http://dx.doi.org/10.1016/j.cplett.2011.12.021
dx.doi.org,html_landing_page,10.1016/j.cplett.2017.01.013,"Electronic states and spectroscopic parameters of selenium monoiodide, SeI: A theoretical contributi",http://dx.doi.org/10.1016/j.cplett.2017.01.013
dx.doi.org,html_landing_page,10.1016/j.cplett.2017.05.061,Metastability of the low-lying electronic states of CBr2+: A CASSCF/MRCI study,http://dx.doi.org/10.1016/j.cplett.2017.05.061
dx.doi.org,html_landing_page,10.1016/j.cplett.2019.03.004,A high-level theoretical characterization of the electronic states and spectroscopic parameters of S,http://dx.doi.org/10.1016/j.cplett.2019.03.004
dx.doi.org,html_landing_page,10.1016/j.cplett.2020.137706,"Electronic structure, spectroscopic properties, and bonding in a thermodynamically stable transition",http://dx.doi.org/10.1016/j.cplett.2020.137706
dx.doi.org,html_landing_page,10.1016/j.cplett.2021.138514,"Electronic states and spectroscopic parameters of the iodocarbyne cation, CI+",https://dx.doi.org/10.1016/j.cplett.2021.138514
dx.doi.org,html_landing_page,10.1016/j.jms.2012.12.005,"The low-lying electronic states of BeCl: Potential energy curves, transition moments, transition pro",http://dx.doi.org/10.1016/j.jms.2012.12.005
dx.doi.org,html_landing_page,10.1016/j.jqsrt.2019.106632,"The Λ + S and Ω electronic states of SrF below 40,000 cm−1: A theoretical contribution",http://dx.doi.org/10.1016/j.jqsrt.2019.106632
dx.doi.org,html_landing_page,10.1016/j.jqsrt.2020.107233,"The electronic states of strontium sulfide SrS: A global perspective and transition moments, radiati",http://dx.doi.org/10.1016/j.jqsrt.2020.107233
dx.doi.org,html_landing_page,10.1016/j.jqsrt.2021.107959,Characterizing electronic states and spectra in transition metal-rare gas diatomic cations: The case,https://dx.doi.org/10.1016/j.jqsrt.2021.107959
dx.doi.org,html_landing_page,10.1016/j.saa.2019.117578,"Characterizing structures, energetics, and spectra of species on the 1,3[H, C, As] potential energy ",http://dx.doi.org/10.1016/j.saa.2019.117578
dx.doi.org,html_landing_page,10.1016/j.susc.2015.06.018,CASSCF and MRMP2 investigation of the interaction of arsenic adatoms with carbon dimers on the diamo,http://dx.doi.org/10.1016/j.susc.2015.06.018
dx.doi.org,html_landing_page,10.1039/c6cp08154a,"Mechanism of activated chemiluminescence of cyclic peroxides: 1,2-dioxetanes and 1,2-dioxetanones",http://dx.doi.org/10.1039/c6cp08154a
dx.doi.org,html_landing_page,10.1039/c7cp01642e,Photophysical properties and the NO photorelease mechanism of a ruthenium nitrosyl model complex inv,http://dx.doi.org/10.1039/c7cp01642e
dx.doi.org,html_landing_page,10.1039/d1cp01695d,Exploring the electronic states of the hydroxyl dication OH <sup>2+</sup> : thermodynamic (meta)stab,https://dx.doi.org/10.1039/d1cp01695d
dx.doi.org,html_landing_page,10.1063/1.3426315,The electronic states of SeF: A reinterpretation of the chemiluminescent emission of the reaction of,http://dx.doi.org/10.1063/1.3426315
dx.doi.org,html_landing_page,10.1063/1.4705428,Accurate <i>ab initio</i> potential energy surfaces for the 3<i>A</i>′′ and 3<i>A</i>′ electronic st,http://dx.doi.org/10.1063/1.4705428
dx.doi.org,html_landing_page,10.5194/egusphere-egu23-10653,A preliminary investigation of the spectral signatures of excited electronic states of OH in the Mar,http://dx.doi.org/10.5194/egusphere-egu23-10653
e-space.mmu.ac.uk,html_landing_page,10.1002/chem.201604835,Quenching the Quantum Tunneling of Magnetization in Heterometallic Octanuclear {TM<sup>III</sup><sub,https://e-space.mmu.ac.uk/618275/10/Co4Dy4_CEJ_Final_15-11-2016%201.pdf
e-space.mmu.ac.uk,html_landing_page,10.1021/acs.inorgchem.6b02720,Exploring the Influence of Diamagnetic Ions on the Mechanism of Magnetization Relaxation in {Co<sup>,https://e-space.mmu.ac.uk/618278/3/Manuscript_Co2Ln2_KRV%20ksm%20a_SL%20FINAL%20%281%29.pdf
e-space.mmu.ac.uk,html_landing_page,10.1021/acs.inorgchem.7b02608,Understanding the Mechanism of Magnetic Relaxation in Pentanuclear {Mn<sup>IV</sup>Mn<sup>III</sup><,https://e-space.mmu.ac.uk/619918/1/Revision_Mn3Ln2_IC_KRV%20ksm_8th%20dec.pdf
edoc.unibas.ch,html_landing_page,10.5451/unibas-ep78541,Assessment of Quantum and Machine Learning Methods for Molecular Property Predictions,https://edoc.unibas.ch/78541/1/Diana_Tahchieva_PhD_Thesis.pdf
elib.bsu.by,html_landing_page,10.1016/j.comptc.2020.112972,Multi-reference perturbation theory study on the RaCl molecule promising for the laser cooling,https://elib.bsu.by/handle/123456789/272827
escholarship.org,403_forbidden,10.1063/5.0085855,State-averaged CASSCF with polarizable continuum model for studying photoreactions in solvents: Ener,https://escholarship.org/uc/item/6ts400vj
escholarship.org,403_forbidden,10.48550/arxiv.2105.01754,"The Effect of Geometry, Spin and Orbital Optimization in Achieving Accurate, Fully-Correlated Result",https://escholarship.org/uc/item/32n8m5tq
figshare.com,html_landing_page,10.1016/j.ica.2021.120524,"Synthesis of heptanuclear Ni4Dy3 coordination aggregate using tridentate ligand: X-ray structure, ma",https://figshare.com/articles/journal_contribution/Synthesis_of_heptanuclear_Ni4Dy3_coordination_aggregate_using_tridentate_ligand_X-ray_structure_magnetism_and_theoretical_studies/16615987
figshare.com,html_landing_page,10.1021/acs.cgd.5c00037.s001,Enhanced Easy AxisMagnetic Anisotropy in a Siloxane-BridgedLinear Co<sup>II</sup><sub>3</sub> Single,https://figshare.com/articles/journal_contribution/Enhanced_Easy_Axis_Magnetic_Anisotropy_in_a_Siloxane-Bridged_Linear_Co_sup_II_sup_sub_3_sub_Single-Molecule_Magnet/29106853
figshare.com,html_landing_page,10.1021/acs.cgd.5c00236.s001,Structural and MagneticStudies of a Discrete TetranuclearComplex Featuring an Oxalato-Bridged Ni<sub,https://figshare.com/articles/journal_contribution/Structural_and_Magnetic_Studies_of_a_Discrete_Tetranuclear_Complex_Featuring_an_Oxalato-Bridged_Ni_sub_3_sub_sup_II_sup_Cr_sup_III_sup_Cluster/29603857
figshare.com,html_landing_page,10.1021/acs.cgd.5c00337.s001,"Tuning Self-Aggregationand Nuclearity in MultinuclearCo<sup>II</sup> Complexes: Synthesis, Structura",https://figshare.com/articles/journal_contribution/Tuning_Self-Aggregation_and_Nuclearity_in_Multinuclear_Co_sup_II_sup_Complexes_Synthesis_Structural_Diversity_and_Changes_in_Magnetic_Anisotropy_and_Relaxation_Behavior/29126067
figshare.com,html_landing_page,10.1021/acs.cgd.5c01058.s001,Regulation of LigandSubstitution in Mononuclear Dy/GdComplexes: Slow Magnetic Relaxation and Magneto,https://figshare.com/articles/journal_contribution/Regulation_of_Ligand_Substitution_in_Mononuclear_Dy_Gd_Complexes_Slow_Magnetic_Relaxation_and_Magnetocaloric_Effects/30464147
figshare.com,html_landing_page,10.1021/acs.inorgchem.1c01519.s001,Low-Spin Cyanide Complexes of 3‑Mercaptopropionic\nAcid Dioxygenase (MDO) Reveal the Impact of Outer,https://figshare.com/articles/journal_contribution/Low-Spin_Cyanide_Complexes_of_3_Mercaptopropionic_Acid_Dioxygenase_MDO_Reveal_the_Impact_of_Outer-Sphere_SHY-Motif_Residues/17156057
figshare.com,html_landing_page,10.1021/acs.inorgchem.1c03011.s001,The Ruthenium Nitrosyl Moiety in Clusters: Trinuclear\nLinear μ‑Hydroxido Magnesium(II)-Diruthenium(,https://figshare.com/articles/journal_contribution/The_Ruthenium_Nitrosyl_Moiety_in_Clusters_Trinuclear_Linear_Hydroxido_Magnesium_II_-Diruthenium_II_sub_3_sub_Oxido_Trinuclear_Diiron_III_Ruthenium_II_and_Tetranuclear_sub_4_sub_Oxido_Trigallium_III_-Ruthenium_II_Complexes/17698345
figshare.com,html_landing_page,10.1021/acs.inorgchem.5b02415,"Molecular and Electronic Structures of Homoleptic Six-Coordinate Cobalt(I) Complexes of 2,2′:6′,2″-T",https://figshare.com/articles/journal_contribution/Molecular_and_Electronic_Structures_of_Homoleptic_Six-Coordinate_Cobalt_I_Complexes_of_2_2_6_2_-Terpyridine_2_2_-Bipyridine_and_1_10-Phenanthroline_An_Experimental_and_Computational_Study/24399217
figshare.com,html_landing_page,10.1021/acs.inorgchem.5c01531.s001,"1,4-Phosphagermines:An Anionic 6π-heteroaromaticBiradicaloid and a Persistent π‑Delocalized Radical",https://figshare.com/articles/journal_contribution/1_4-Phosphagermines_An_Anionic_6_-heteroaromatic_Biradicaloid_and_a_Persistent_Delocalized_Radical/29358741
figshare.com,html_landing_page,10.1021/acs.inorgchem.5c01823.s001,Electronic Structure of Tetragonal Fe-Oxo ComplexesGoverns HAT vs PCET Mechanisms in C–H Oxidation,https://figshare.com/articles/journal_contribution/Electronic_Structure_of_Tetragonal_Fe-Oxo_Complexes_Governs_HAT_vs_PCET_Mechanisms_in_C_H_Oxidation/29546384
figshare.com,html_landing_page,10.1021/acs.inorgchem.5c02481.s001,Nanostructuringof Dysprosocenium Single-Ion Magnetsthrough Encapsulation in MOFs: A Promising Approa,https://figshare.com/articles/journal_contribution/Nanostructuring_of_Dysprosocenium_Single-Ion_Magnets_through_Encapsulation_in_MOFs_A_Promising_Approach_to_Achieve_High_Axiality_and_Ambient_Stability_with_Long-Range_Ordering/30013818
figshare.com,html_landing_page,10.1021/acs.inorgchem.5c02481.s002,Nanostructuringof Dysprosocenium Single-Ion Magnetsthrough Encapsulation in MOFs: A Promising Approa,https://figshare.com/articles/media/Nanostructuring_of_Dysprosocenium_Single-Ion_Magnets_through_Encapsulation_in_MOFs_A_Promising_Approach_to_Achieve_High_Axiality_and_Ambient_Stability_with_Long-Range_Ordering/30013821
figshare.com,html_landing_page,10.1021/acs.inorgchem.5c02481.s003,Nanostructuringof Dysprosocenium Single-Ion Magnetsthrough Encapsulation in MOFs: A Promising Approa,https://figshare.com/articles/media/Nanostructuring_of_Dysprosocenium_Single-Ion_Magnets_through_Encapsulation_in_MOFs_A_Promising_Approach_to_Achieve_High_Axiality_and_Ambient_Stability_with_Long-Range_Ordering/30013830
figshare.com,html_landing_page,10.1021/acs.inorgchem.5c02481.s004,Nanostructuringof Dysprosocenium Single-Ion Magnetsthrough Encapsulation in MOFs: A Promising Approa,https://figshare.com/articles/media/Nanostructuring_of_Dysprosocenium_Single-Ion_Magnets_through_Encapsulation_in_MOFs_A_Promising_Approach_to_Achieve_High_Axiality_and_Ambient_Stability_with_Long-Range_Ordering/30013833
figshare.com,html_landing_page,10.1021/acs.inorgchem.5c02481.s005,Nanostructuringof Dysprosocenium Single-Ion Magnetsthrough Encapsulation in MOFs: A Promising Approa,https://figshare.com/articles/media/Nanostructuring_of_Dysprosocenium_Single-Ion_Magnets_through_Encapsulation_in_MOFs_A_Promising_Approach_to_Achieve_High_Axiality_and_Ambient_Stability_with_Long-Range_Ordering/30013836
figshare.com,html_landing_page,10.1021/acs.inorgchem.5c02754.s001,Realizingthe Magnetostructural Correlation of a HighlyAnisotropic Fe(III) Porphyrin Complex through ,https://figshare.com/articles/journal_contribution/Realizing_the_Magnetostructural_Correlation_of_a_Highly_Anisotropic_Fe_III_Porphyrin_Complex_through_i_Ab_Initio_i_Approaches/30251696
figshare.com,html_landing_page,10.1021/acs.inorgchem.5c02893.s001,ElectronicStructure and Hypercorrole Features ofDeprotonated Free-Base and Reduced Copper Corroles,https://figshare.com/articles/journal_contribution/Electronic_Structure_and_Hypercorrole_Features_of_Deprotonated_Free-Base_and_Reduced_Copper_Corroles/30562173
figshare.com,html_landing_page,10.1021/acs.inorgchem.5c02908.s001,"A Neutral Dy(II) Bis(amide): Synthesis, Magnetism,and a P<sub>4</sub><sup>2–</sup> Complex",https://figshare.com/articles/journal_contribution/A_Neutral_Dy_II_Bis_amide_Synthesis_Magnetism_and_a_P_sub_4_sub_sup_2_sup_Complex/30302420
figshare.com,html_landing_page,10.1021/acs.inorgchem.5c03327.s001,Fe(II)-PorphyrinCatalysts Emulate Enzymatic StructuralFeatures for C–H Amination Reactions,https://figshare.com/articles/journal_contribution/Fe_II_-Porphyrin_Catalysts_Emulate_Enzymatic_Structural_Features_for_C_H_Amination_Reactions/29835787
figshare.com,html_landing_page,10.1021/acs.inorgchem.5c03532.s001,<i>InSilico</i> Investigation to Rationalizethe Effect of Weak Donor versus Strong Donor Halides as ,https://figshare.com/articles/journal_contribution/_i_In_Silico_i_Investigation_to_Rationalize_the_Effect_of_Weak_Donor_versus_Strong_Donor_Halides_as_Bridges_in_Dinuclear_Dysprosium_III_Single-Molecule_Magnets/30393873
figshare.com,html_landing_page,10.1021/acs.inorgchem.5c03729.s001,A CombinedMagnetic and Mossbauer SpectroscopicStudy of High-Spin Half-Sandwich Fe(I) Complexes in Mo,https://figshare.com/articles/journal_contribution/A_Combined_Magnetic_and_Mo_ssbauer_Spectroscopic_Study_of_High-Spin_Half-Sandwich_Fe_I_Complexes_in_Monomeric_and_Polymeric_Configurations/30651523
figshare.com,html_landing_page,10.1021/acs.inorgchem.5c03903.s001,UnravellingMagneto-Structural Correlations in Pseudo <i>D</i><sub>5<i>h</i>/6<i>h</i></sub>-Symmetri,https://figshare.com/articles/journal_contribution/Unravelling_Magneto-Structural_Correlations_in_Pseudo_i_D_i_sub_5_i_h_i_6_i_h_i_sub_-Symmetric_Dy_III_Single-Molecule_Magnets/30858830
figshare.com,html_landing_page,10.1021/acs.inorgchem.5c03929.s001,Synthesis & Magnetic Properties of an AntimonyChelate (‘XantSb<sub>2</sub>’) Supported Cobalt(II):Ra,https://figshare.com/articles/journal_contribution/Synthesis_Magnetic_Properties_of_an_Antimony_Chelate_XantSb_sub_2_sub_Supported_Cobalt_II_Rare_Example_of_a_5_i_p_i_3_i_d_i_Paramagnetic_Complex/30214830
figshare.com,html_landing_page,10.1021/acs.inorgchem.5c03943.s001,"Peroxide LigandsSupport Tetranuclear Lanthanide Ensembles:Synthesis, Structure, Magnetism, and Theor",https://figshare.com/articles/journal_contribution/Peroxide_Ligands_Support_Tetranuclear_Lanthanide_Ensembles_Synthesis_Structure_Magnetism_and_Theoretical_Studies/30612662
figshare.com,html_landing_page,10.1021/acs.inorgchem.6c01030.s001,Implicatingthe Role of Enhanced Oxyl Attribute inFacilitating Exceptional C–H Activation by a [Co<su,https://figshare.com/articles/journal_contribution/Implicating_the_Role_of_Enhanced_Oxyl_Attribute_in_Facilitating_Exceptional_C_H_Activation_by_a_Co_sub_2_sub_sup_III_IV_sup_-O_sub_2_sub_Diamond-Core_Complex_A_Theoretical_Perspective/32532283
figshare.com,html_landing_page,10.1021/acs.jctc.5c00519.s001,A Complete ActiveSpace Self-Consistent Field Approachfor Molecules in QED Environments,https://figshare.com/articles/journal_contribution/A_Complete_Active_Space_Self-Consistent_Field_Approach_for_Molecules_in_QED_Environments/29486893
figshare.com,html_landing_page,10.1021/acs.jctc.5c01287.s001,Large-Scale Modelingof Proton-Coupled Electron TransferBased on Block-Localized Kohn–Sham Orbitals,https://figshare.com/articles/journal_contribution/Large-Scale_Modeling_of_Proton-Coupled_Electron_Transfer_Based_on_Block-Localized_Kohn_Sham_Orbitals/30811102
figshare.com,html_landing_page,10.1021/acs.jctc.5c01321.s001,MC25: An AccurateMeta Pair-Density Functional forMulticonfiguration Pair-Density Functional Theory a,https://figshare.com/articles/journal_contribution/MC25_An_Accurate_Meta_Pair-Density_Functional_for_Multiconfiguration_Pair-Density_Functional_Theory_and_Linearized_Pair-Density_Functional_Theory/30491090
figshare.com,html_landing_page,10.1021/acs.jctc.5c01333.s001,Capturing ElectronCorrelation with Machine Learningthrough a Data-Driven CASPT2 Framework,https://figshare.com/articles/journal_contribution/Capturing_Electron_Correlation_with_Machine_Learning_through_a_Data-Driven_CASPT2_Framework/30416806
figshare.com,html_landing_page,10.1021/acs.jctc.5c01336.s001,Density MatrixEmbedding Theory-Based MulticonfigurationalQuantum Chemistry Approach to Lanthanide Si,https://figshare.com/articles/journal_contribution/Density_Matrix_Embedding_Theory-Based_Multiconfigurational_Quantum_Chemistry_Approach_to_Lanthanide_Single-Ion_Magnets/30234040
figshare.com,html_landing_page,10.1021/acs.jctc.9b00768,Heterogeneous CPU + GPU Algorithm for Variational Two-Electron Reduced-Density Matrix-Driven Complet,https://figshare.com/articles/journal_contribution/Heterogeneous_CPU_GPU_Algorithm_for_Variational_Two-Electron_Reduced-Density_Matrix-Driven_Complete_Active-Space_Self-Consistent_Field_Theory/9959441
figshare.com,html_landing_page,10.1021/acs.jctc.9b01178.s001,Global Hybrid Multiconfiguration Pair-Density Functional\nTheory,https://figshare.com/articles/Global_Hybrid_Multiconfiguration_Pair-Density_Functional_Theory/11958864
figshare.com,html_landing_page,10.1021/acs.jctc.9b01297,Automation of Active Space Selection for Multireference Methods via Machine Learning on Chemical Bon,https://figshare.com/articles/journal_contribution/Automation_of_Active_Space_Selection_for_Multireference_Methods_via_Machine_Learning_on_Chemical_Bond_Dissociation/11974167
figshare.com,html_landing_page,10.1021/acs.joc.6c01030.s001,Spiro-Induced Strainas a Design Principle for Long-LivedSinglet Diradicals with π‑Single Bond Charac,https://figshare.com/articles/journal_contribution/Spiro-Induced_Strain_as_a_Design_Principle_for_Long-Lived_Singlet_Diradicals_with_Single_Bond_Character/32739403
figshare.com,html_landing_page,10.1021/acs.jpca.1c07108.s001,Theoretical Studies on the Excited-State Decay Mechanism\nof Homomenthyl Salicylate in a Gas Phase a,https://figshare.com/articles/journal_contribution/Theoretical_Studies_on_the_Excited-State_Decay_Mechanism_of_Homomenthyl_Salicylate_in_a_Gas_Phase_and_an_Acetonitrile_Solution/17702047
figshare.com,html_landing_page,10.1021/acs.jpca.4c08520.s001,Quantum Mechanics/MolecularMechanics Studies on theExcited-State Relaxation Mechanisms of Cytidine A,https://figshare.com/articles/journal_contribution/Quantum_Mechanics_Molecular_Mechanics_Studies_on_the_Excited-State_Relaxation_Mechanisms_of_Cytidine_Analogues_2_-Deoxy-5-Methylcytidine_and_2_-Deoxy-5-Hydroxymethylcytidine_in_Aqueous_Solution/28832470
figshare.com,html_landing_page,10.1021/acs.jpca.5c01107.s001,Strong FerromagneticCoupling between Co and Co<sup>2+</sup> with Odd Electron (Anti)aromaticRadicals,https://figshare.com/articles/journal_contribution/Strong_Ferromagnetic_Coupling_between_Co_and_Co_sup_2_sup_with_Odd_Electron_Anti_aromatic_Radicals_via_Noncovalent_Interaction/29002435
figshare.com,html_landing_page,10.1021/acs.jpca.5c01912.s001,Mechanism of Chemiluminescencein the Air AfterglowReaction,https://figshare.com/articles/journal_contribution/Mechanism_of_Chemiluminescence_in_the_Air_Afterglow_Reaction/28975271
figshare.com,html_landing_page,10.1021/acs.jpca.5c02571.s001,Theoretical Predictionof the Magnetic Blocking Temperatureof Dysprosium-Based Metallofullerene Singl,https://figshare.com/articles/journal_contribution/Theoretical_Prediction_of_the_Magnetic_Blocking_Temperature_of_Dysprosium-Based_Metallofullerene_Single-Molecule_Magnets/30051012
figshare.com,html_landing_page,10.1021/acs.jpca.5c03028.s001,Nonunitary VariationalQuantum Eigensolver with theLocalized Active Space Method and Cost Mitigation,https://figshare.com/articles/journal_contribution/Nonunitary_Variational_Quantum_Eigensolver_with_the_Localized_Active_Space_Method_and_Cost_Mitigation/29930738
figshare.com,html_landing_page,10.1021/acs.jpca.5c03032.s001,Beyond Born–OppenheimerConstructed DiabaticPotential Energy Surfaces for H<sub>3</sub>: Adiabatic an,https://figshare.com/articles/journal_contribution/Beyond_Born_Oppenheimer_Constructed_Diabatic_Potential_Energy_Surfaces_for_H_sub_3_sub_Adiabatic_and_Diabatic_Reaction_Probabilities/29488500
figshare.com,html_landing_page,10.1021/acs.jpca.5c03946.s001,A MultireferencePicture of Electronic Excited Statesin Vanadyl and Copper Tetraphenyl Porphyrin Mole,https://figshare.com/articles/journal_contribution/A_Multireference_Picture_of_Electronic_Excited_States_in_Vanadyl_and_Copper_Tetraphenyl_Porphyrin_Molecular_Qubits/29665165
figshare.com,html_landing_page,10.1021/acs.jpca.5c04699.s001,Time-DependentMulticonfigurational Short-Range DensityFunctional Theory with Generalized Valence Bon,https://figshare.com/articles/journal_contribution/Time-Dependent_Multiconfigurational_Short-Range_Density_Functional_Theory_with_Generalized_Valence_Bond_Wave_Functions/30238261
figshare.com,html_landing_page,10.1021/acs.jpca.5c04929.s001,Quantum Mechanics/MolecularMechanics Study on theExcited-State Relaxation Pathways of 2′-Deoxy-5-Flu,https://figshare.com/articles/journal_contribution/Quantum_Mechanics_Molecular_Mechanics_Study_on_the_Excited-State_Relaxation_Pathways_of_2_-Deoxy-5-Fluorocytidine_in_Aqueous_Solution/30538366
figshare.com,html_landing_page,10.1021/acs.jpca.5c05370.s001,Two Competing Excited-StateIntramolecular ProtonTransfer Pathways in AHMD,https://figshare.com/articles/journal_contribution/Two_Competing_Excited-State_Intramolecular_Proton_Transfer_Pathways_in_AHMD/30649076
figshare.com,html_landing_page,10.1021/acs.jpca.5c05393.s001,Ab Initio Studyof Photodissociation and IsomerizationPathways on the Singlet and Triplet Manifolds o,https://figshare.com/articles/journal_contribution/Ab_Initio_Study_of_Photodissociation_and_Isomerization_Pathways_on_the_Singlet_and_Triplet_Manifolds_of_1_Nitropropene/30569891
figshare.com,html_landing_page,10.1021/acs.jpca.5c05513.s001,"The ElectronicStructure of Boron, Aluminum, and ScandiumMonoxides: BO, AlO, and ScO",https://figshare.com/articles/journal_contribution/The_Electronic_Structure_of_Boron_Aluminum_and_Scandium_Monoxides_BO_AlO_and_ScO/30223570
figshare.com,html_landing_page,10.1021/acs.jpca.5c06689.s001,Role of Cd<sup>2+</sup> and Ag<sup>+</sup> as CodopingSpecies in the Mechanism of the Luminescence A,https://figshare.com/articles/journal_contribution/Role_of_Cd_sup_2_sup_and_Ag_sup_sup_as_Codoping_Species_in_the_Mechanism_of_the_Luminescence_Activation_Deactivation_of_a_Ln_sup_3_sup_UiO-66-_COOH_sub_2_sub_Chemical_Sensor_A_Quantum_Chemistry_Approach/30903235
figshare.com,html_landing_page,10.1021/acs.jpca.5c07496.s001,Theoretical Studyon the Nitrile Substitution Effectin a Schiff Base Derivative: Suppression of Excit,https://figshare.com/articles/journal_contribution/Theoretical_Study_on_the_Nitrile_Substitution_Effect_in_a_Schiff_Base_Derivative_Suppression_of_Excited-State_Intramolecular_Proton_Transfer_and_Dominance_of_Torsional_Decay/30906445
figshare.com,html_landing_page,10.1021/acs.jpca.5c08237.s001,Excited-State RelaxationMechanism of 5‑Hydroxyflavone:A CASPT2 Investigation in the Microsolvated Aq,https://figshare.com/articles/journal_contribution/Excited-State_Relaxation_Mechanism_of_5_Hydroxyflavone_A_CASPT2_Investigation_in_the_Microsolvated_Aqueous_Surrounding/31435739
figshare.com,html_landing_page,10.1021/acs.jpca.6c01999.s001,A Wave Function Theory and Density Functional TheoryInvestigation of Ground and Excited States of Hf,https://figshare.com/articles/journal_contribution/A_Wave_Function_Theory_and_Density_Functional_Theory_Investigation_of_Ground_and_Excited_States_of_HfSi/32576493
figshare.com,html_landing_page,10.1021/acs.jpca.6c02386.s001,"1‑, 2‑,and 3‑Electron PancakeBonds in Covalent Scaffolds: Redox Modulation of Through-Space Exchange",https://figshare.com/articles/journal_contribution/1_2_and_3_Electron_Pancake_Bonds_in_Covalent_Scaffolds_Redox_Modulation_of_Through-Space_Exchange_in_Blatter_Diradicals/32959453
figshare.com,html_landing_page,10.1021/acs.jpca.9b08258,"Relaxation Dynamics of Hydrated Thymine, Thymidine, and Thymidine Monophosphate Probed by Liquid Jet",https://figshare.com/articles/Relaxation_Dynamics_of_Hydrated_Thymine_Thymidine_and_Thymidine_Monophosphate_Probed_by_Liquid_Jet_Time-Resolved_Photoelectron_Spectroscopy/11328029
figshare.com,html_landing_page,10.1021/acs.jpcb.5c06035.s001,QM/MM Studies onPhotoinduced Cycloaddition and (6–4)Reactions of the Thymidine:4-Selenothymidine Dim,https://figshare.com/articles/journal_contribution/QM_MM_Studies_on_Photoinduced_Cycloaddition_and_6_4_Reactions_of_the_Thymidine_4-Selenothymidine_Dimer_in_Aqueous_Solution/30245668
figshare.com,html_landing_page,10.1021/acs.jpclett.5c01270.s001,Hydrogen-BondedComplexes of Methylnitrene,https://figshare.com/articles/journal_contribution/Hydrogen-Bonded_Complexes_of_Methylnitrene/29473446
figshare.com,html_landing_page,10.1021/acs.jpclett.5c02294.s002,"PhotodissociationPathways of Methanol: Dissociation,Roaming, and Migration",https://figshare.com/articles/journal_contribution/Photodissociation_Pathways_of_Methanol_Dissociation_Roaming_and_Migration/30428039
figshare.com,html_landing_page,10.1021/acs.jpclett.5c02294.s003,"PhotodissociationPathways of Methanol: Dissociation,Roaming, and Migration",https://figshare.com/articles/media/Photodissociation_Pathways_of_Methanol_Dissociation_Roaming_and_Migration/30428042
figshare.com,html_landing_page,10.1021/acs.jpclett.5c02294.s004,"PhotodissociationPathways of Methanol: Dissociation,Roaming, and Migration",https://figshare.com/articles/media/Photodissociation_Pathways_of_Methanol_Dissociation_Roaming_and_Migration/30428045
figshare.com,html_landing_page,10.1021/acs.jpclett.5c03195.s001,Nonadiabatic Dynamics of the Molecular Tully Modelswith the Mixed-Reference Spin-Flip Time-Dependent,https://figshare.com/articles/journal_contribution/Nonadiabatic_Dynamics_of_the_Molecular_Tully_Models_with_the_Mixed-Reference_Spin-Flip_Time-Dependent_Density_Functional_Theory/30868412
figshare.com,html_landing_page,10.1021/acs.jpclett.5c03195.s002,Nonadiabatic Dynamics of the Molecular Tully Modelswith the Mixed-Reference Spin-Flip Time-Dependent,https://figshare.com/articles/journal_contribution/Nonadiabatic_Dynamics_of_the_Molecular_Tully_Models_with_the_Mixed-Reference_Spin-Flip_Time-Dependent_Density_Functional_Theory/30868415
figshare.com,html_landing_page,10.1021/acs.jpclett.5c03329.s001,PCA-AssistedSpectral Reconstruction Reveals Speciationof Neodymium(III) DOTA and pDO3A Complexes,https://figshare.com/articles/journal_contribution/PCA-Assisted_Spectral_Reconstruction_Reveals_Speciation_of_Neodymium_III_DOTA_and_pDO3A_Complexes/30729173
figshare.com,html_landing_page,10.1021/acs.jpclett.5c03329.s002,PCA-AssistedSpectral Reconstruction Reveals Speciationof Neodymium(III) DOTA and pDO3A Complexes,https://figshare.com/articles/journal_contribution/PCA-Assisted_Spectral_Reconstruction_Reveals_Speciation_of_Neodymium_III_DOTA_and_pDO3A_Complexes/30729176
figshare.com,html_landing_page,10.1021/acs.organomet.6b00467,A New Supporting Ligand in Actinide Chemistry Leads to Reactive Bis(NHC)borate-Supported Thorium Com,https://figshare.com/articles/journal_contribution/A_New_Supporting_Ligand_in_Actinide_Chemistry_Leads_to_Reactive_Bis_NHC_borate-Supported_Thorium_Complexes/3749802
figshare.com,html_landing_page,10.1021/acs.organomet.6c00039.s001,MolecularOrgano-Dysprosium Polychalcogenides Isolatedfrom Inverse-Sandwich Dysprosium Arene Complexe,https://figshare.com/articles/journal_contribution/Molecular_Organo-Dysprosium_Polychalcogenides_Isolated_from_Inverse-Sandwich_Dysprosium_Arene_Complexes_with_Chalcogens/32915463
figshare.com,html_landing_page,10.1021/acsomega.5c06364.s001,Cr(I)–Cr(I)Terphenyl Bridged Complexes: ABroken-Symmetry DFT and Multideterminant CASSCF/NEVPT2 Hand,https://figshare.com/articles/journal_contribution/Cr_I_Cr_I_Terphenyl_Bridged_Complexes_A_Broken-Symmetry_DFT_and_Multideterminant_CASSCF_NEVPT2_Handshake/30304183
figshare.com,html_landing_page,10.1021/acsomega.5c10105.s001,Electronic Structureand Laser-Cooling Prospects ofthe AlCd Molecule: A Theoretical Study Including S,https://figshare.com/articles/journal_contribution/Electronic_Structure_and_Laser-Cooling_Prospects_of_the_AlCd_Molecule_A_Theoretical_Study_Including_Spin_Orbit_Coupling/32775285
figshare.com,html_landing_page,10.1021/ja045269n,Properties of the Emitting State of the Green Fluorescent Protein Resolved at the CASPT2//CASSCF/CHA,https://figshare.com/articles/journal_contribution/Properties_of_the_Emitting_State_of_the_Green_Fluorescent_Protein_Resolved_at_the_CASPT2_CASSCF_CHARMM_Level/3271249
figshare.com,html_landing_page,10.1021/jacs.5c03770.s001,Photochemistryof Ni(II) Tolyl Chlorides Supportedby Bidentate Ligand Frameworks,https://figshare.com/articles/journal_contribution/Photochemistry_of_Ni_II_Tolyl_Chlorides_Supported_by_Bidentate_Ligand_Frameworks/29051631
figshare.com,html_landing_page,10.1021/jacs.5c11362.s001,A Stable Radical inCationic Dinuclear Rare-EarthTriple-Decker Complexes Featuring Switchable Magneti,https://figshare.com/articles/journal_contribution/A_Stable_Radical_in_Cationic_Dinuclear_Rare-Earth_Triple-Decker_Complexes_Featuring_Switchable_Magnetic_Properties/30401278
figshare.com,html_landing_page,10.1021/jacs.5c12079.s001,Molecular Models ofLayered Ternary Cu<sub>2</sub>MoS<sub>4</sub> Reveal Sulfur-BasedH<sub>2</sub> Ev,https://figshare.com/articles/journal_contribution/Molecular_Models_of_Layered_Ternary_Cu_sub_2_sub_MoS_sub_4_sub_Reveal_Sulfur-Based_H_sub_2_sub_Evolution_Pathway/30239762
figshare.com,html_landing_page,10.1021/jacs.5c15650.s001,Super-reductionof Polyoxometalates: Unlocking theOxidation State of Metalate Centers down to (III),https://figshare.com/articles/journal_contribution/Super-reduction_of_Polyoxometalates_Unlocking_the_Oxidation_State_of_Metalate_Centers_down_to_III_/30581051
figshare.com,html_landing_page,10.1021/jacsau.5c01496.s001,Ultrafast Excited-State Dynamics and Two-Photon Near-InfraredInduced Photodynamic Therapy Performanc,https://figshare.com/articles/journal_contribution/Ultrafast_Excited-State_Dynamics_and_Two-Photon_Near-Infrared_Induced_Photodynamic_Therapy_Performance_of_5_Phenylethynyl-4-thiouridine/32572634
figshare.com,html_landing_page,10.1021/om400528d.s001,"Influence of the Torsion Angle in 3,3′-Dimethyl-2,2′-bipyridine\non the Intermediate Valence of Yb i",https://figshare.com/articles/Influence_of_the_Torsion_Angle_in_3_3_Dimethyl_2_2_bipyridine_on_the_Intermediate_Valence_of_Yb_in_C_sub_5_sub_Me_sub_5_sub_sub_2_sub_Yb_3_3_Me_sub_2_sub_bipy_/2366944
figshare.com,html_landing_page,10.1080/00268976.2017.1371800,An explanation of the very low fluorescence and phosphorescence in pyridine: a CASSCF/CASMP2 study,https://figshare.com/articles/journal_contribution/An_explanation_of_the_very_low_fluorescence_and_phosphorescence_in_pyridine_a_CASSCF_CASMP2_study/5414566
figshare.com,html_landing_page,10.1080/00268976.2019.1706778,A quantum mechanical explanation of the structure of vinyl cation based on a CASSCF/CASMP2 study,https://figshare.com/articles/A_quantum_mechanical_explanation_of_the_structure_of_vinyl_cation_based_on_a_CASSCF_CASMP2_study/11522268
figshare.com,html_landing_page,10.1080/00268976.2020.1752402,The fleeting existence of the classical vinyl cation structure,https://figshare.com/articles/journal_contribution/The_fleeting_existence_of_the_classical_vinyl_cation_structure/12130068
figshare.com,html_landing_page,10.4225/03/58abc58f03aba,The application of multireference quantum chemical methods in mechanistic studies of [4π + 2π] cyclo,https://figshare.com/articles/thesis/The_application_of_multireference_quantum_chemical_methods_in_mechanistic_studies_of_4_2_cycloadditions/4669663
figshare.com,html_landing_page,10.6084/m9.figshare.6112592.v1,On the accuracy of retinal protonated Schiff base models,https://figshare.com/articles/journal_contribution/On_the_accuracy_of_retinal_protonated_Schiff_base_models/6112592
github.com,html_landing_page,10.5281/zenodo.20549029,evangelistalab/forte2: Forte2 v2026.6.4-alpha Release,https://github.com/evangelistalab/forte2/tree/v2026.7.8-alpha
global-sci.org,403_forbidden,10.4208/jams.040115.051015a,Theoretical Investigation of Photoisomerization Mechanisms of N-Salicilydenemethylfurylamine (SMFA),https://global-sci.org/intro/article_detail/auth/8202.html
hal.science,html_landing_page,10.1002/chem.201502997,An Experimental and Theoretical Investigation on Pentacoordinated Cobalt(III) Complexes with an Inte,https://hal.science/hal-01366392
hal.science,html_landing_page,10.1021/acs.organomet.1c00590,Synthesis and Structures of Tris(cyclononatetraenyl) Rare-Earth Complexes [Ln(C<sub>9</sub>H<sub>9</,https://hal.science/hal-03553200
hal.science,html_landing_page,10.1021/jp902028g,Bond Breaking and Bond Making in Tetraoxygen: Analysis of the O<sub>2</sub>(X<sup>3</sup>Σ<sub>g</su,https://hal.science/hal-00875602
hal.science,html_landing_page,10.1039/d1dt00260k,A new class of Dy <sup>III</sup> -SIMs associated with a guanidine-based ligand,https://hal.science/hal-03193285
hal.science,html_landing_page,10.1063/5.0090129,Difficulty of the evaluation of the barrier height of an open-shell transition state between closed ,https://hal.science/hal-03711124
hal.science,html_landing_page,10.1080/00268970701549389,Analytic derivative calculation of electronic<i>g</i>-tensors based on multireference configuration ,https://hal.science/hal-00513126
hal.science,html_landing_page,10.1080/00268970701604689,A BSSE-corrected CASSCF/NEVPT2 procedure. An application to weakly bonded OH..<b><i>π</i></b>heterod,https://hal.science/hal-00513135
hal.science,html_landing_page,10.1139/cjc-2013-0017,Using perturbatively selected configuration interaction in quantum Monte Carlo calculations,https://hal.science/hal-00992090
hdl.handle.net,403_forbidden,10.15278/isms.2021.fj09,AB INITIO STUDY OF THE HIGHLY EXCITED ELECTRONIC STATES OF C&lt;sub&gt;2&lt;/sub&gt; AND ITS PHOTODI,http://hdl.handle.net/2142/111414
hdl.handle.net,403_forbidden,10.15278/isms.2021.tf05,AN &lt;i&gt;AB INITIO&lt;/i&gt; STUDY OF ELECTRONICALLY EXCITED STATES OF SiN AND SO,http://hdl.handle.net/2142/111489
hdl.handle.net,403_forbidden,10.26021/6838,"The role of static and dynamic correlation in molecular electronic structure, spectroscopy, and inte",http://hdl.handle.net/10092/13038
hdl.handle.net,html_landing_page,10.1002/chem.201302910,Tetrathiafulvalene‐Based Mixed‐Valence Acceptor–Donor–Acceptor Triads: A Joint Theoretical and Exper,http://hdl.handle.net/10261/117445
hdl.handle.net,html_landing_page,10.1002/chem.201601457,Lanthanide Tetrazolate Complexes Combining Single‐Molecule Magnet and Luminescence Properties: The E,http://hdl.handle.net/2445/128084
hdl.handle.net,html_landing_page,10.1002/chem.201601741,Rational Design of Lanthanoid Single‐Ion Magnets: Predictive Power of the Theoretical Models,https://hdl.handle.net/10550/79233
hdl.handle.net,html_landing_page,10.1002/chem.201800680,Dative and Electron‐Sharing Bonding in C<sub>2</sub>F<sub>4</sub>,http://hdl.handle.net/10651/49156
hdl.handle.net,html_landing_page,10.1002/cptc.201900056,Diabatization by Localization in the Framework of Configuration Interaction Based on Floating Occupa,http://hdl.handle.net/11568/997716
hdl.handle.net,html_landing_page,10.1002/ejic.202300687,Slow relaxation of magnetization in the Co(II)‐phosphotungstate Keggin polyoxometalate,http://hdl.handle.net/11336/257865
hdl.handle.net,html_landing_page,10.1002/jcc.24372,Electron correlation in the interacting quantum atoms partition via coupled‐cluster lagrangian densi,http://hdl.handle.net/10651/39518
hdl.handle.net,html_landing_page,10.1002/jcc.25150,Spin density accuracy and distribution in azido Cu(II) complexes: A source function analysis,http://hdl.handle.net/2434/560755
hdl.handle.net,html_landing_page,10.1002/poc.1613,Formation of PAHs and soot platelets: multiconfiguration theoretical study of the key step in the ri,http://hdl.handle.net/2318/61498
hdl.handle.net,html_landing_page,10.1016/j.comptc.2014.08.009,Dynamical correlation within the Interacting Quantum Atoms method through coupled cluster theory,http://hdl.handle.net/10651/31648
hdl.handle.net,html_landing_page,10.1016/j.tet.2012.05.043,Computational study on fluoride recognition by an urea-activated phthalimide chemosensor,http://hdl.handle.net/10251/86329
hdl.handle.net,html_landing_page,10.1016/s0009-2614(99)00711-3,Excited state structure of 4-(dimethylamino)benzonitrile studied by femtosecond mid-infrared spectro,http://hdl.handle.net/11858/00-001M-0000-0012-FA58-E
hdl.handle.net,html_landing_page,10.1021/acs.inorgchem.2c00065,Probing the Origin of Ferro-/Antiferromagnetic Exchange Interactions in Cu(II)–4f Complexes,https://hdl.handle.net/2158/1295871
hdl.handle.net,html_landing_page,10.1021/acs.inorgchem.6b02312,Magnetic Excitations in Polyoxotungstate-Supported Lanthanoid Single-Molecule Magnets: An Inelastic ,http://hdl.handle.net/11343/216381
hdl.handle.net,html_landing_page,10.1021/acs.inorgchem.8b02278,Switching the Spin-Crossover Phenomenon by Ligand Design on Imidazole–Diazineiron(II) Complexes,https://hdl.handle.net/20.500.12733/1664443
hdl.handle.net,html_landing_page,10.1021/acs.inorgchem.9b01030,Positional Isomers of Isocyanoazulenes as Axial Ligands Coordinated to Ruthenium(II) Tetraphenylporp,http://hdl.handle.net/10138/321881
hdl.handle.net,html_landing_page,10.1021/acs.jctc.2c00302,Accurate Calculation of Excited-State Absorption for Small-to-Medium-Sized Conjugated Oligomers: Mul,https://hdl.handle.net/10550/104893
hdl.handle.net,html_landing_page,10.1021/acs.joc.6b00314,"A Combined Experimental and Theoretical Approach to the Photogeneration of 5,6-Dihydropyrimidin-5-yl",http://hdl.handle.net/10251/81560
hdl.handle.net,html_landing_page,10.1021/acs.joc.8b02984,Regioselective Photocycloaddition of Saccharin Anion to π-Systems: Continuous-Flow Synthesis of Benz,http://hdl.handle.net/11336/125147
hdl.handle.net,html_landing_page,10.1021/acs.jpca.6b12448,"Photochemical Reaction of OCSe with ClF in Argon Matrix: A Light-Driven Formation of XC(O)SeY (X, Y ",http://hdl.handle.net/11336/48395
hdl.handle.net,html_landing_page,10.1021/acs.jpclett.8b00698,Evolution of the Excitonic State of DNA Stacked Thymines: Intrabase ππ* → S<sub>0</sub> Decay Paths ,http://hdl.handle.net/11585/646453
hdl.handle.net,html_landing_page,10.1021/acs.jpclett.9b02815,"Cyclo[18]carbon: Insight into Electronic Structure, Aromaticity, and Surface Coupling",http://hdl.handle.net/10138/321646
hdl.handle.net,html_landing_page,10.1021/ct200646r,Essential on the Photophysics and Photochemistry of the Indole Chromophore by Using a Totally Uncons,https://hdl.handle.net/10550/106832
hdl.handle.net,html_landing_page,10.1021/ct7003148,Embedding Fragment ab Initio Model Potentials in CASSCF/CASPT2 Calculations of Doped Solids: Impleme,http://hdl.handle.net/10486/7368
hdl.handle.net,html_landing_page,10.1021/ct900401z,Toward Understanding the Photochemistry of Photoactive Yellow Protein: A CASPT2/CASSCF and Quantum T,http://hdl.handle.net/10651/35445
hdl.handle.net,html_landing_page,10.1021/ic201521w,"Electronic Structure of the Water Oxidation Catalyst <i>cis</i>,<i>cis</i>-[(bpy)<sub>2</sub>(H<sub>",http://hdl.handle.net/11336/69484
hdl.handle.net,html_landing_page,10.1021/ja073628j,Ultrafast Deactivation Channel for Thymine Dimerization,http://hdl.handle.net/11858/00-001M-0000-0012-E2BE-D
hdl.handle.net,html_landing_page,10.1021/jp057071a,The Chromophore of asFP595:  A Theoretical Study,http://hdl.handle.net/1887/3480007
hdl.handle.net,html_landing_page,10.1021/jp305593h,First-Principles Study on Structural Properties and 4f → 5d Transitions of Locally Charge-Compensate,http://hdl.handle.net/10486/13520
hdl.handle.net,html_landing_page,10.1021/jp307200g,Photoinduced Formation Mechanism of the Thymine–Thymine (6–4) Adduct,https://hdl.handle.net/10550/85339
hdl.handle.net,html_landing_page,10.1021/jp412347k,Theoretical Study of the Hydroxyl Radical Addition to Uracil and Photochemistry of the Formed U6OH<s,https://hdl.handle.net/10550/106411
hdl.handle.net,html_landing_page,10.1038/s41557-020-0431-6,Vibrational coherences in manganese single-molecule magnets after ultrafast photoexcitation,http://hdl.handle.net/20.500.11820/ff764bb8-ed7d-4e55-a6dd-00efcfffc31d
hdl.handle.net,html_landing_page,10.1039/c0cp01901a,Molecular mechanisms of the photostability of indigo,https://hdl.handle.net/2115/47361
hdl.handle.net,html_landing_page,10.1039/c2jm31631e,Electronic properties and 4f → 5d transitions in Ce-doped Lu2SiO5: a theoretical investigation,http://hdl.handle.net/10486/13477
hdl.handle.net,html_landing_page,10.1039/c3cp52812j,The effect of chemical substituents on the functionality of a molecular switch system: a theoretical,http://hdl.handle.net/2437/174215
hdl.handle.net,html_landing_page,10.1039/c4fd00175c,Probing deactivation pathways of DNA nucleobases by two-dimensional electronic spectroscopy: first p,https://hdl.handle.net/10550/106536
hdl.handle.net,html_landing_page,10.1039/c6fd00135a,"Femtosecond photodissociation dynamics of 1,4-diiodobenzene by gas-phase X-ray scattering and photoe",https://hdl.handle.net/20.500.11820/fbfb6010-6704-4ac7-b465-816476bcb90e
hdl.handle.net,html_landing_page,10.1039/c7dt00750g,Tuning the copper( <scp>ii</scp> ) coordination properties of cyclam by subtle chemical modification,http://hdl.handle.net/2183/21417
hdl.handle.net,html_landing_page,10.1039/c7fd00202e,Photoinduced formation mechanism of the thymine–thymine (6–4) adduct in DNA; a QM(CASPT2//CASSCF):MM,https://hdl.handle.net/10550/106563
hdl.handle.net,html_landing_page,10.1039/d0cp02077j,How important is roaming in the photodegradation of nitrobenzene?,https://hdl.handle.net/10550/85357
hdl.handle.net,html_landing_page,10.1039/d0dt01293a,Dysprosium-based complexes with a flat pentadentate donor: a magnetic and <i>ab initio</i> study,http://hdl.handle.net/10347/32389
hdl.handle.net,html_landing_page,10.1063/1.1482706,Electronic excited states of conjugated cyclic ketones and thioketones: A theoretical study,http://hdl.handle.net/10550/12946
hdl.handle.net,html_landing_page,10.1063/1.2953696,Accurate <i>ab initio</i> density fitting for multiconfigurational self-consistent field methods,http://hdl.handle.net/10550/2379
hdl.handle.net,html_landing_page,10.1063/1.3238234,Linear and nonlinear optical properties of a series of Ni-dithiolene derivatives,http://hdl.handle.net/10550/2370
hdl.handle.net,html_landing_page,10.1063/1.465071,"Towards an accurate molecular orbital theory for excited states: Ethene, butadiene, and hexatriene",http://hdl.handle.net/10550/12988
hdl.handle.net,html_landing_page,10.1063/1.4817199,"Theoretical characterization of C7, C7−, and C7+",http://hdl.handle.net/10261/215816
hdl.handle.net,html_landing_page,10.1063/1.5131753,"Comprehensive investigation of the triplet state electronic structure of free-base 5,10,15,20-tetrak",http://hdl.handle.net/11577/3325485
hdl.handle.net,html_landing_page,10.1063/5.0033181,A SA-CASSCF and MS-CASPT2 study on the electronic structure of nitrosobenzene and its relation to it,https://hdl.handle.net/10630/28345
hdl.handle.net,html_landing_page,10.12681/eadd/19873,Υπολογιστική κβαντική φωτοχημεία,http://hdl.handle.net/10442/hedi/19873
hdl.handle.net,html_landing_page,10.12681/eadd/22370,"{Ι.} Θεωρητική μελέτη των μεταλλοκαρβιδίων TiC+, VC+ και CrC+. ΙΙ. Η φύση του χημικού δεσμού του κατ",http://hdl.handle.net/10442/hedi/22370
hdl.handle.net,html_landing_page,10.1524/zpch.2000.214.5.675,How do Parity Violating Weak Nuclear Interactions Influence Rovibrational Frequencies in Chiral Mole,https://hdl.handle.net/11475/4440
hdl.handle.net,html_landing_page,10.26434/chemrxiv-2025-5v4hx,Gradients not needed: ML-driven propagation ofnonadiabatic molecular dynamics without reference grad,https://hdl.handle.net/2346/108267
helmholtz-berlin.de,html_landing_page,10.22032/dbt.39518,3d transition metal and lanthanide containing molecular magnets: a theoretical approach,https://www.helmholtz-berlin.de/pubbin/oai_publication?VT=1&ID=106602
hiroshima.repo.nii.ac.jp,html_landing_page,10.1063/1.1704639,Hydrogen transfer in excited pyrrole–ammonia clusters,https://hiroshima.repo.nii.ac.jp/records/2007265
ibn.idsi.md,403_forbidden,10.1002/chem.201504238,Does the Sign of the Cu–Gd Magnetic Interaction Depend on the Number of Atoms in the Bridge?,https://ibn.idsi.md/vizualizare_articol/162265
ibn.idsi.md,403_forbidden,10.1039/d0dt02747b,"Field-induced SIM behaviour of a Co( <scp>ii</scp> ) complex with a 1,1′-diacetylferrocene-derived l",https://ibn.idsi.md/vizualizare_articol/115499
ideals-main.s3.us-east-2.amazonaws.com,403_forbidden,10.15278/isms.2017.wk03,ELECTRONIC TRANSITIONS OF TUNGSTEN MONOSULFIDE,https://ideals-main.s3.us-east-2.amazonaws.com/institutions/uiuc/storage/104872/2284.pdf
ideals.illinois.edu,403_forbidden,10.1016/j.jms.2016.09.001,Dispersed-fluorescence spectroscopy of jet-cooled calcium ethoxide radical (CaOC2H5),https://www.ideals.illinois.edu/items/97997/bitstreams/314133/data.pdf
ideals.illinois.edu,403_forbidden,10.15278/isms.2016.tk10,AB INITIO INVESTIGATIONS OF THE EXCITED ELECTRONIC STATES OF CaOCa,https://www.ideals.illinois.edu/items/97855/bitstreams/313687/data.pdf
ideals.illinois.edu,403_forbidden,10.15278/isms.2018.th06,FROM LINES TO STATES WITHOUT A MODEL,https://www.ideals.illinois.edu/bitstream/2142/100642/4/1190181.pdf
ideals.illinois.edu,403_forbidden,10.15278/isms.2018.wc05,ON THE IMPORTANCE OF FAR-INFRARED SPECTROSCOPY FOR NON-POLAR SPHERICAL-TOP MOLECULES,https://www.ideals.illinois.edu/items/109023/bitstreams/356506/data.pdf
ideals.illinois.edu,403_forbidden,10.15278/isms.2018.wk02,STRUCTURAL CHARACTERIZATION OF PHENOXY RADICAL USING A MASS-CORRELATED BROADBAND MICROWAVE SPECTROME,https://www.ideals.illinois.edu/items/108842/bitstreams/355763/data.pdf
ideals.illinois.edu,403_forbidden,10.15278/isms.2019.fd05,IONIZATION ENERGIES AND SINGLE VIBRONIC LEVEL EMISSION (SVLE) SPECTROSCOPY OF CIS- AND TRANS-1-VINYL,https://www.ideals.illinois.edu/items/113315/bitstreams/371735/data.pdf
ideals.illinois.edu,403_forbidden,10.15278/isms.2020.mk05,CHEAP AND RELIABLE OPTIMIZATION OF EXCITED STATE ORBITALS WITH THE SQUARE GRADIENT MINIMIZATION (SGM,https://www.ideals.illinois.edu/bitstream/2142/107362/1/4430.pdf
in2p3.hal.science,html_landing_page,10.1038/nchem.1896,"Unusual structure, bonding and properties in a californium borate",https://in2p3.hal.science/in2p3-00966875
infoscience.epfl.ch,html_landing_page,10.1002/chem.201301240,The Ligand‐Based Quintuple Bond‐Shortening Concept and Some of Its Limitations,http://infoscience.epfl.ch/record/189444
infoscience.epfl.ch,html_landing_page,10.1021/acs.jpca.6b05423,Transient versus Static Electron Spin Relaxation in Mn<sup>2+</sup> Complexes Relevant as MRI Contra,http://infoscience.epfl.ch/record/222205
infoscience.epfl.ch,html_landing_page,10.1021/ja808424b,Electrostatic Control of the Photoisomerization Efficiency and Optical Properties in Visual Pigments,http://infoscience.epfl.ch/record/150323
infoscience.epfl.ch,html_landing_page,10.1021/jp0767056,Self-Interaction Corrected Density Functional Theory for the Study of Intramolecular Electron Transf,http://infoscience.epfl.ch/record/179634
infoscience.epfl.ch,html_landing_page,10.1039/b926608a,Adenine deactivation in DNA resolved at the CASPT2//CASSCF/AMBER level,http://infoscience.epfl.ch/record/150325
infoscience.epfl.ch,html_landing_page,10.1063/1.4923259,Analytic first derivatives of floating occupation molecular orbital-complete active space configurat,http://infoscience.epfl.ch/record/212209
iopscience.iop.org,html_landing_page,10.1086/591486,A Theoretical Study of the Photodissociation Mechanism of Cyanoacetylene in Its Lowest Singlet and T,https://iopscience.iop.org/article/10.1086/591486/pdf
iopscience.iop.org,html_landing_page,10.1088/0953-4075/31/17/023,Quartet states in the N<sup>+</sup><sub>2</sub>radical cation,https://iopscience.iop.org/article/10.1088/0953-4075/31/17/023/pdf
iopscience.iop.org,html_landing_page,10.1088/1674-1056/ac5607,Effect of conical intersection of benzene on non-adiabatic dynamics,https://iopscience.iop.org/article/10.1088/1674-1056/ac5607/pdf
iopscience.iop.org,html_landing_page,10.1088/1742-6596/2734/1/012052,A Simulation of Hydrazine Molecule’s Potential Energy Surface using Variational Quantum Eigensolver ,https://iopscience.iop.org/article/10.1088/1742-6596/2734/1/012052/pdf
iopscience.iop.org,html_landing_page,10.1088/1742-6596/388/2/022017,New features in the ionic states of N<sub>2</sub>O<sub>4</sub>: Experimental and theoretical study,https://iopscience.iop.org/article/10.1088/1742-6596/388/2/022017/pdf
iopscience.iop.org,html_landing_page,10.1088/1742-6596/635/11/112111,An ab initio multiconfigurational description of core hole and shake up excited states in small mole,https://iopscience.iop.org/article/10.1088/1742-6596/635/11/112111/pdf
iopscience.iop.org,html_landing_page,10.1088/1742-6596/635/9/092080,Time-dependent multiconfiguration self-consistent-field methods for multielectron dynamics in intens,https://iopscience.iop.org/article/10.1088/1742-6596/635/9/092080/pdf
iopscience.iop.org,html_landing_page,10.1088/1742-6596/869/1/012001,Theoretical electronic structure of the molecule SrCl for the feasibility of laser cooling,https://iopscience.iop.org/article/10.1088/1742-6596/869/1/012001/pdf
iopscience.iop.org,html_landing_page,10.1088/1757-899x/80/1/012025,First-principles study of electronic structure of Ce<sup>3+</sup>centres in alkaline-earth fluorides,https://iopscience.iop.org/article/10.1088/1757-899X/80/1/012025/pdf
iopscience.iop.org,html_landing_page,10.3847/1538-4357/aa719f,"Theoretical Characterization of C<sub>6</sub>N, C<sub>6</sub>N<sup>−</sup>, and C<sub>6</sub>N<sup>+",https://iopscience.iop.org/article/10.3847/1538-4357/aa719f/pdf
iopscience.iop.org,html_landing_page,10.3847/1538-4357/aafa76,Theoretical Characterization of C<sub>3</sub>H and C<sub>5</sub>H and Their Anions,https://iopscience.iop.org/article/10.3847/1538-4357/aafa76/pdf
ir.library.louisville.edu,403_forbidden,10.18297/etd/3316,Laser spectroscopy investigations of jet-cooled metal-containing free radicals.,https://ir.library.louisville.edu/cgi/viewcontent.cgi?article=4555&context=etd
ir.library.louisville.edu,403_forbidden,10.18297/etd/782,Computational modelling of chemical reactions catalyzed by cobalamin (B12)-dependent enzymes : mecha,https://ir.library.louisville.edu/cgi/viewcontent.cgi?article=1781&context=etd
journals.iucr.org,403_forbidden,10.1107/s0108767378095951,Charge density study of a chromium Fischer carbene complex: a study based on multipole model refinem,http://journals.iucr.org/a/issues/1993/s1/00/a34406/a34406.pdf
journals.iucr.org,403_forbidden,10.1107/s2052520617008083,Insights on spin delocalization and spin polarization mechanisms in crystals of azido copper(II) din,http://journals.iucr.org/b/issues/2017/04/00/lc5084/lc5084.pdf
journals.iucr.org,403_forbidden,10.1107/s2052520617008241,When combined X-ray and polarized neutron diffraction data challenge high-level calculations: spin-r,http://journals.iucr.org/b/issues/2017/04/00/xf5001/xf5001.pdf
journals.iucr.org,403_forbidden,10.1107/s2053273317081426,Insights on spin-density delocalization/polarization mechanisms through the source function,http://journals.iucr.org/a/issues/2017/a2/00/a56528/a56528.pdf
knowledge.uchicago.edu,html_landing_page,10.5281/zenodo.6644169,Large-Scale Benchmarking of Multireference Vertical-Excitation Calculations via Automated Active-Spa,https://knowledge.uchicago.edu/communities/pritzker-school-of-molecular-engineering/
lib.dr.iastate.edu,html_landing_page,10.31274/etd-180810-3086,Theoretical and Experimental Studies of Oxenium Ions,https://lib.dr.iastate.edu/cgi/viewcontent.cgi?article=3619&context=etd
lib.dr.iastate.edu,html_landing_page,10.31274/etd-180810-3645,Promiscuous electrons: probing organic switch-on paramagnetism and predicting photoheterolysis throu,https://lib.dr.iastate.edu/cgi/viewcontent.cgi?article=5107&context=etd
lib.dr.iastate.edu,html_landing_page,10.31274/etd-180810-871,Direct observation and reactivity of oxenium ions,https://lib.dr.iastate.edu/cgi/viewcontent.cgi?article=4915&context=etd
lib.dr.iastate.edu,html_landing_page,10.31274/rtd-180813-11912,Computational and experimental evidence on reaction mechanisms of oxidized sulfur-containing compoun,https://lib.dr.iastate.edu/cgi/viewcontent.cgi?article=1418&context=rtd
lib.dr.iastate.edu,html_landing_page,10.31274/rtd-180813-12907,Scalable computational chemistry: new developments and applications,https://lib.dr.iastate.edu/cgi/viewcontent.cgi?article=1496&context=rtd
lib.dr.iastate.edu,html_landing_page,10.31274/rtd-180813-17125,Palladium(II) and platinum(II) synthetic peptidases: residue- and sequence-selective hydrolysis and ,https://lib.dr.iastate.edu/cgi/viewcontent.cgi?article=16925&context=rtd
link.aps.org,403_forbidden,10.1103/physrevb.85.155143,<i>Ab initio</i>absorption spectrum of NiO combining molecular dynamics with the embedded cluster ap,http://link.aps.org/pdf/10.1103/PhysRevB.85.155143
link.aps.org,403_forbidden,10.1103/physrevlett.99.153001,"Multireference Quantum Monte Carlo Study of the<mml:math xmlns:mml=""http://www.w3.org/1998/Math/Math",http://link.aps.org/pdf/10.1103/PhysRevLett.99.153001
lirias.kuleuven.be,html_landing_page,10.1002/jcc.23856,Bonding and singlet–triplet gap of silicon trimer: Effects of protonation and attachment of alkali m,https://lirias.kuleuven.be/handle/123456789/487342
lirias.kuleuven.be,html_landing_page,10.1021/acs.inorgchem.5b02920,Spin State Energetics and Oxyl Character of Mn-Oxo Porphyrins by Multiconfigurational ab Initio Calc,https://lirias.kuleuven.be/handle/123456789/534146
lirias.kuleuven.be,html_landing_page,10.1021/acs.inorgchem.7b01653,Identification of α-Fe in High-Silica Zeolites on the Basis of ab Initio Electronic Structure Calcul,https://lirias.kuleuven.be/handle/123456789/592553
lirias.kuleuven.be,html_landing_page,10.1021/acs.jctc.8b00050,Systematic Excited State Studies of Reversibly Switchable Fluorescent Proteins,https://lirias.kuleuven.be/handle/123456789/648589
lirias.kuleuven.be,html_landing_page,10.1021/ic100866z,Copper Corroles: the Question of Noninnocence,https://lirias.kuleuven.be/handle/123456789/282903
lirias.kuleuven.be,html_landing_page,10.1021/ic701738z,Heterospin Systems Constructed from [Cu<sub>2</sub>Ln]<sup>3+</sup>and [Ni(mnt)<sub>2</sub>]<sup>1</,https://lirias.kuleuven.be/handle/123456789/162153
lirias.kuleuven.be,html_landing_page,10.1021/ja8029416,"Structure, Magnetism, and Theoretical Study of a Mixed-Valence Co<sup>II</sup><sub>3</sub>Co<sup>III",https://lirias.kuleuven.be/handle/123456789/214205
lirias.kuleuven.be,html_landing_page,10.1021/jp0509257,[Mo<sub>2</sub>(CN)<sub>11</sub>]:<sup>5-</sup> A Detailed Description of Ligand-Field Spectra and M,https://lirias.kuleuven.be/handle/123456789/46014
lirias.kuleuven.be,html_landing_page,10.1021/jp051858j,Magnetic Anisotropy of [Mo(CN)<sub>7</sub>]<sup>4-</sup> Anions and Fragments of Cyano-Bridged Magne,https://lirias.kuleuven.be/handle/123456789/46124
lup.lub.lu.se,html_landing_page,10.1021/ct800459t,Protein Influence on Electronic Spectra Modeled by Multipoles and Polarizabilities,https://lup.lub.lu.se/record/1404851
lup.lub.lu.se,html_landing_page,10.1021/jp103098r,Multireference Ab Initio Calculations of <b>g</b> tensors for Trinuclear Copper Clusters in Multicop,https://lup.lub.lu.se/record/1610251
lup.lub.lu.se,html_landing_page,10.1021/jp810247u,Reaction Mechanism of Manganese Superoxide Dismutase Studied by Combined Quantum and Molecular Mecha,https://lup.lub.lu.se/record/1392482
mdpi.com,403_forbidden,10.3390/chemistry6060085,Theoretical Study on One- and Two-Photon Absorption Properties of π-Stacked Multimer Models of Phena,https://www.mdpi.com/2624-8549/6/6/85/pdf?version=1731580722
mdpi.com,403_forbidden,10.3390/cryst10121130,Cobalt(II) Complexes Based on Benzylmalonate Anions Exhibiting Field-Induced Single-Ion Magnet Slow ,https://www.mdpi.com/2073-4352/10/12/1130/pdf?version=1608791436
mdpi.com,403_forbidden,10.3390/cryst13081217,Mn(III)–Salen Complexes with Metallophilic Interactions,https://www.mdpi.com/2073-4352/13/8/1217/pdf?version=1691315086
mdpi.com,403_forbidden,10.3390/i3050522,Alternative Multi–reference State–specific Coupled Cluster Wave Functions,https://www.mdpi.com/1422-0067/3/5/522/pdf?version=1403128968
mdpi.com,403_forbidden,10.3390/i5040196,Estimation of Electron Spectra Transitions of Free-Based Porphin and Mg-Porphin Using Various Quantu,https://www.mdpi.com/1422-0067/5/4/196/pdf?version=1403128991
mdpi.com,403_forbidden,10.3390/inorganics10080116,Energy Levels in Pentacoordinate d5 to d9 Complexes,https://www.mdpi.com/2304-6740/10/8/116/pdf?version=1660526761
mdpi.com,403_forbidden,10.3390/inorganics11060245,Chemical Bonding in the C2 Molecule,https://www.mdpi.com/2304-6740/11/6/245/pdf?version=1686063759
mdpi.com,403_forbidden,10.3390/inorganics13020057,The Role of Methyl Substitution in Spin Crossover of Fe(III) Complexes with Pentadentate Schiff Base,https://www.mdpi.com/2304-6740/13/2/57/pdf?version=1739609332
mdpi.com,403_forbidden,10.3390/inorganics13070214,"A Unique Trinuclear, Triangular Ni(II) Complex Composed of Two tri-Anionic bis-Oxamates and Capping ",https://www.mdpi.com/2304-6740/13/7/214/pdf?version=1750853350
mdpi.com,403_forbidden,10.3390/inorganics14050126,Computational Investigation of Ionization Energies and Absorption Spectra of Metallocenes: Effect of,https://www.mdpi.com/2304-6740/14/5/126/pdf?version=1778737713
mdpi.com,403_forbidden,10.3390/inorganics3040482,Assessing Covalency in Cerium and Uranium Hexachlorides: A Correlated Wavefunction and Density Funct,https://www.mdpi.com/2304-6740/3/4/482/pdf?version=1447068376
mdpi.com,403_forbidden,10.3390/inorganics4040028,The Role of Anisotropic Exchange in Single Molecule Magnets: A CASSCF/NEVPT2 Study of the Fe4 SMM Bu,https://www.mdpi.com/2304-6740/4/4/28/pdf?version=1474536376
mdpi.com,403_forbidden,10.3390/inorganics5030047,Design and Control of Cooperativity in Spin-Crossover in Metal–Organic Complexes: A Theoretical Over,https://www.mdpi.com/2304-6740/5/3/47/pdf?version=1500560786
mdpi.com,403_forbidden,10.3390/inorganics7030026,"Comparative Study of Complexes of Rare Earths and Actinides with 2,6-Bis(1,2,4-triazin-3-yl)pyridine",https://www.mdpi.com/2304-6740/7/3/26/pdf?version=1551170247
mdpi.com,403_forbidden,10.3390/inorganics7040052,Electronic Structure of Cubane-Like Vanadium–Nitrogen Cationic Clusters [V4N4]+ and [V6N6]+,https://www.mdpi.com/2304-6740/7/4/52/pdf?version=1556000215
mdpi.com,403_forbidden,10.3390/magnetochemistry11040034,Cobalt(II) and Nickel(II) Cubane {M4O4} Complexes Derived from Di-2-pyridyl Ketone and Benzoate: Syn,https://www.mdpi.com/2312-7481/11/4/34/pdf?version=1744712251
mdpi.com,403_forbidden,10.3390/magnetochemistry11050043,ESR and Mössbauer Spectroscopy of Iron(III) Spin Crossover Complexes Based on Pentadentate Schiff Ba,https://www.mdpi.com/2312-7481/11/5/43/pdf?version=1747045211
mdpi.com,403_forbidden,10.3390/magnetochemistry11090073,A Dinuclear Dysprosium(III) Single Molecule Magnet of Benzo[h]quinolin-10-ol,https://www.mdpi.com/2312-7481/11/9/73/pdf?version=1756019566
mdpi.com,403_forbidden,10.3390/magnetochemistry5010015,DFT Investigations of the Magnetic Properties of Actinide Complexes,https://www.mdpi.com/2312-7481/5/1/15/pdf?version=1550394405
mdpi.com,403_forbidden,10.3390/magnetochemistry5030046,Redox-Active Dysprosium Single-Molecule Magnet: Spectro-Electrochemistry and Theoretical Investigati,https://www.mdpi.com/2312-7481/5/3/46/pdf?version=1564747368
mdpi.com,403_forbidden,10.3390/magnetochemistry5040058,A Series of Field-Induced Single-Ion Magnets Based on the Seven-Coordinate Co(II) Complexes with the,https://www.mdpi.com/2312-7481/5/4/58/pdf?version=1571997991
mdpi.com,403_forbidden,10.3390/magnetochemistry6040066,X-ray Structure and Magnetic Properties of Heterobimetallic Chains Based on the Use of an Octacyanid,https://www.mdpi.com/2312-7481/6/4/66/pdf?version=1606466210
mdpi.com,403_forbidden,10.3390/magnetochemistry7080107,Methods and Models of Theoretical Calculation for Single-Molecule Magnets,https://www.mdpi.com/2312-7481/7/8/107/pdf?version=1627523283
mdpi.com,403_forbidden,10.3390/magnetochemistry8110153,Mononuclear Heptacoordinated 3d-Metal Helicates as a New Family of Single Ion Magnets,https://www.mdpi.com/2312-7481/8/11/153/pdf?version=1667986175
mdpi.com,403_forbidden,10.3390/magnetochemistry9040100,Zero-Field Splitting in Hexacoordinate Co(II) Complexes,https://www.mdpi.com/2312-7481/9/4/100/pdf?version=1681194825
mdpi.com,403_forbidden,10.3390/magnetochemistry9050130,A Chain of Vertex-Sharing {CoIII2CoII2}n Squares with Single-Ion Magnet Behavior,https://www.mdpi.com/2312-7481/9/5/130/pdf?version=1684158713
mdpi.com,403_forbidden,10.3390/magnetochemistry9060154,Magneto-Structural Analysis of Hydroxido-Bridged CuII2 Complexes: Density Functional Theory and Othe,https://www.mdpi.com/2312-7481/9/6/154/pdf?version=1686821636
mdpi.com,403_forbidden,10.3390/magnetochemistry9110229,"Honey-like Odor Meets Single-Ion Magnet: Synthesis, Crystal Structure, and Magnetism of Cobalt(II) C",https://www.mdpi.com/2312-7481/9/11/229/pdf?version=1700128868
mdpi.com,403_forbidden,10.3390/molecules26175140,Modern Theoretical Approaches to Modeling the Excited-State Intramolecular Proton Transfer: An Overv,https://www.mdpi.com/1420-3049/26/17/5140/pdf?version=1629875029
mdpi.com,403_forbidden,10.3390/molecules27082443,"Excited-State Intramolecular Proton Transfer Dyes with Dual-State Emission Properties: Concept, Exam",https://www.mdpi.com/1420-3049/27/8/2443/pdf?version=1649909754
mdpi.com,403_forbidden,10.3390/molecules28134994,Mechanism of the Photochemical Isomerization and Oxidation of 2-Butenedial: A Theoretical Study,https://www.mdpi.com/1420-3049/28/13/4994/pdf?version=1687761546
mdpi.com,403_forbidden,10.3390/org3020007,"A Theoretical Study on the Photochemical Isomerization of 2,6-Dimethylpyrazine",https://www.mdpi.com/2673-401X/3/2/7/pdf?version=1652351627
mdpi.com,403_forbidden,10.3390/photochem1020018,Modelling Photoionisations in Tautomeric DNA Nucleobase Derivatives 7H-Adenine and 7H-Guanine: Ultra,https://www.mdpi.com/2673-7256/1/2/18/pdf?version=1631266474
mdpi.com,403_forbidden,10.3390/reactions4020016,The First Step and the Cob(II)alamin Cofactor Inactive Particles Reactivation in the Updated Mechani,https://www.mdpi.com/2624-781X/4/2/16/pdf?version=1684899668
mdpi.com,403_forbidden,10.3390/reactions5040039,The Second Protonation in the Bio-Catalytic Cycles of the Enzymes Cytochrome P450 and Superoxide Red,https://www.mdpi.com/2624-781X/5/4/39/pdf?version=1728961480
mdpi.com,403_forbidden,10.3390/reactions6010021,CASPT2 Study of the Unimolecular Reactions of Nitromethane—A Look at the Roaming Reactions in the De,https://www.mdpi.com/2624-781X/6/1/21/pdf?version=1741772876
nagasaki-u.repo.nii.ac.jp,html_landing_page,10.1016/j.dyepig.2019.107705,"Synthesis, photophysical evaluation, and computational study of 2-methoxy- and 2-morpholino pyridine",https://nagasaki-u.repo.nii.ac.jp/records/222
nagasaki-u.repo.nii.ac.jp,html_landing_page,10.1016/j.jphotochem.2021.113140,"Computational Investigation on ESIPT-driven Luminescence of Imidazo[1,2-a]pyridine Derivatives Regul",https://nagasaki-u.repo.nii.ac.jp/records/26304
nagoya.repo.nii.ac.jp,html_landing_page,10.48550/arxiv.0909.2215,Intramolecular charge ordering in the multi molecular orbital system (TTM-TTP)I_3,https://nagoya.repo.nii.ac.jp/records/12285
ncbi.nlm.nih.gov,html_landing_page,10.1002/cnr2.1128,Overview of antiproton affinities for functional groups relevant in particle‐beam cancer therapy,https://www.ncbi.nlm.nih.gov/pmc/articles/7941520
ncbi.nlm.nih.gov,html_landing_page,10.1002/jcc.20807,"Thermodynamic calculations for molecules with asymmetric internal rotors. II. Application to the 1,2",https://www.ncbi.nlm.nih.gov/pmc/articles/3341731
ncbi.nlm.nih.gov,html_landing_page,10.1016/j.theochem.2006.02.013,Comments on the nature of the bonding in oxygenated dinuclear copper enzyme models,https://www.ncbi.nlm.nih.gov/pmc/articles/1993802
ncbi.nlm.nih.gov,html_landing_page,10.1021/acs.inorgchem.1c01860,High Magnetic Anisotropy of a Square-Planar Iron-Carbene Complex,https://www.ncbi.nlm.nih.gov/pmc/articles/9106389
ncbi.nlm.nih.gov,html_landing_page,10.1021/acs.inorgchem.9b02432,Spectroscopic and Computational Comparisons of Thiolate-Ligated Ferric Nonheme Complexes to Cysteine,https://www.ncbi.nlm.nih.gov/pmc/articles/6956612
ncbi.nlm.nih.gov,html_landing_page,10.1021/acs.jcim.9b00615,Web-ARM: A Web-Based Interface for the Automatic Construction of QM/MM Models of Rhodopsins,https://www.ncbi.nlm.nih.gov/pmc/articles/7101466
ncbi.nlm.nih.gov,html_landing_page,10.1021/acs.jctc.8b01069,Assessment of MC-PDFT Excitation Energies for a Set of QM/MM Models of Rhodopsins,https://www.ncbi.nlm.nih.gov/pmc/articles/7096677
ncbi.nlm.nih.gov,html_landing_page,10.1021/acs.jpca.8b10010,"Two-State, Three-Mode Parametrization of the Force Field of a Retinal Chromophore Model",https://www.ncbi.nlm.nih.gov/pmc/articles/7147463
ncbi.nlm.nih.gov,html_landing_page,10.1021/ja0774414,Probing Electron Correlations in Molecules by Two-Dimensional Coherent Optical Spectroscopy,https://www.ncbi.nlm.nih.gov/pmc/articles/2901111
ncbi.nlm.nih.gov,html_landing_page,10.1021/ja109494b,Oxyallyl Exposed: An Open-Shell Singlet with Picosecond Lifetimes in Solution but Persistent in Crys,https://www.ncbi.nlm.nih.gov/pmc/articles/3048850
ncbi.nlm.nih.gov,html_landing_page,10.1021/jacs.0c02487,Cp<sub>2</sub>Ti(κ<sup>2</sup><i>-</i><sup><i>t</i></sup>BuNCN<sup><i>t</i></sup>Bu): A Complex with,https://www.ncbi.nlm.nih.gov/pmc/articles/7201867
ncbi.nlm.nih.gov,html_landing_page,10.1021/jacs.9b09616,Electronic Structures and Reactivity Profiles of Aryl Nitrenoid-Bridged Dicopper Complexes,https://www.ncbi.nlm.nih.gov/pmc/articles/7262786
ncbi.nlm.nih.gov,html_landing_page,10.1021/jo0711687,"Computational Study of the Curtius-like Rearrangements of Phosphoryl, Phosphinyl, and Phosphinoyl Az",https://www.ncbi.nlm.nih.gov/pmc/articles/2528068
ncbi.nlm.nih.gov,html_landing_page,10.1021/jp064524i,Photoexcitation of Dinucleoside Radical Cations:  A Time-Dependent Density Functional Study,https://www.ncbi.nlm.nih.gov/pmc/articles/2526166
ncbi.nlm.nih.gov,html_landing_page,10.1021/jp407592r,"Infrared, Raman, and Ultraviolet Absorption Spectra and Theoretical Calculations and Structure of 2,",https://www.ncbi.nlm.nih.gov/pmc/articles/3914675
ncbi.nlm.nih.gov,html_landing_page,10.1039/c6ob00204h,Investigation into 9(S)-HPODE-derived allene oxide to cyclopentenone cyclization mechanism via dirad,https://www.ncbi.nlm.nih.gov/pmc/articles/4814336
ncbi.nlm.nih.gov,html_landing_page,10.1039/d1dt01007g,Tetrairon( <scp>ii</scp> ) extended metal atom chains as single-molecule magnets,https://www.ncbi.nlm.nih.gov/pmc/articles/8214398
ncbi.nlm.nih.gov,html_landing_page,10.1063/1.4983813,Dissociation cross sections for N2 + N → 3N and O2 + O → 3O using the QCT method,https://www.ncbi.nlm.nih.gov/pmc/articles/5451298
ocu-omu.repo.nii.ac.jp,html_landing_page,10.1021/acs.jpca.1c06390,Smallest Organic Tetracation in the Gas Phase: Stability of Multiply Charged Diiodoacetylene Produce,https://ocu-omu.repo.nii.ac.jp/records/2020525
onlinelibrary.wiley.com,403_forbidden,10.1002/(sici)1097-461x(1996)60:1<505::aid-qua49>3.0.co;2-7,Potential energy surfaces of pseudoaromatic molecules: An MMVB and CASSCF study of pentalene,https://onlinelibrary.wiley.com/doi/pdfdirect/10.1002/%28SICI%291097-461X%281996%2960%3A1%3C505%3A%3AAID-QUA49%3E3.0.CO%3B2-7
onlinelibrary.wiley.com,403_forbidden,10.1002/(sici)1097-461x(1999)72:1<25::aid-qua3>3.0.co;2-z,A CASSCF study on the lowest ???* excitation of urocanic acid,https://onlinelibrary.wiley.com/doi/pdfdirect/10.1002/%28SICI%291097-461X%281999%2972%3A1%3C25%3A%3AAID-QUA3%3E3.0.CO%3B2-Z
onlinelibrary.wiley.com,403_forbidden,10.1002/9780470192597.gloss,Glossary,https://onlinelibrary.wiley.com/doi/pdfdirect/10.1002/9780470192597.gloss
onlinelibrary.wiley.com,403_forbidden,10.1002/9781394238828.epil,Epilogue,https://onlinelibrary.wiley.com/doi/pdfdirect/10.1002/9781394238828.epil
onlinelibrary.wiley.com,403_forbidden,10.1002/9783527627400.index,Index,https://onlinelibrary.wiley.com/doi/pdfdirect/10.1002/9783527627400.index
onlinelibrary.wiley.com,403_forbidden,10.1002/9783527690541.index,Index,https://onlinelibrary.wiley.com/doi/pdfdirect/10.1002/9783527690541.index
onlinelibrary.wiley.com,403_forbidden,10.1002/adfm.202507144,Heteroatomic Doping Induces High‐Low Spin Isomers in Atomically Precise Au Nanoclusters,https://onlinelibrary.wiley.com/doi/pdfdirect/10.1002/adfm.202507144
onlinelibrary.wiley.com,403_forbidden,10.1002/adom.202570063,Discovery of Novel Iridium(III) Complex‐Based Photofunctional Materials Using Excited‐State Descript,https://onlinelibrary.wiley.com/doi/pdfdirect/10.1002/adom.202570063
onlinelibrary.wiley.com,403_forbidden,10.1002/ange.202011337,The Optical Spectrum of Au<sub>2</sub><sup>+</sup>,https://onlinelibrary.wiley.com/doi/pdfdirect/10.1002/ange.202011337
onlinelibrary.wiley.com,403_forbidden,10.1002/ange.202017078,Ein offenschaliges Singulett‐Sn<sup>I</sup>‐Diradikal und H<sub>2</sub>‐Spaltung,https://onlinelibrary.wiley.com/doi/pdfdirect/10.1002/ange.202017078
onlinelibrary.wiley.com,403_forbidden,10.1002/ange.202102218,"Isolierung neutraler, mono‐ und dikationischer B<sub>2</sub>P<sub>2</sub>‐Ringe durch Addition eines",https://onlinelibrary.wiley.com/doi/pdfdirect/10.1002/ange.202102218
onlinelibrary.wiley.com,403_forbidden,10.1002/ange.202207415,Isolierung eines Arsendiradikaloids mit einem zyklischen C<sub>2</sub>As<sub>2</sub>‐Gerüst,https://onlinelibrary.wiley.com/doi/pdfdirect/10.1002/ange.202207415
onlinelibrary.wiley.com,403_forbidden,10.1002/ange.202215840,Fully Delocalized Mixed‐Valent Cu<sup>1.5</sup>Cu<sup>1.5</sup> Complex: Strong Cu‐Cu interaction an,https://onlinelibrary.wiley.com/doi/pdfdirect/10.1002/ange.202215840
onlinelibrary.wiley.com,403_forbidden,10.1002/ange.202216003,"Isolierung eines anellierten 1,4‐Distibabenzol‐Diradikaloids",https://onlinelibrary.wiley.com/doi/pdfdirect/10.1002/ange.202216003
onlinelibrary.wiley.com,403_forbidden,10.1002/anie.202103596,Rotaxane Co <sup>II</sup> Complexes as Field‐Induced Single‐Ion Magnets,https://onlinelibrary.wiley.com/doi/pdfdirect/10.1002/anie.202103596
onlinelibrary.wiley.com,403_forbidden,10.1002/anie.202216003,"Isolation of an Annulated 1,4‐Distibabenzene Diradicaloid",https://onlinelibrary.wiley.com/doi/pdfdirect/10.1002/anie.202216003
onlinelibrary.wiley.com,403_forbidden,10.1002/anie.202303146,Increasing the Magnetic Blocking Temperature of Single‐Molecule Magnets,https://onlinelibrary.wiley.com/doi/pdfdirect/10.1002/anie.202303146
onlinelibrary.wiley.com,403_forbidden,10.1002/anie.202306970,Luminescent Single‐Molecule Magnets as Dual Magneto‐Optical Molecular Thermometers,https://onlinelibrary.wiley.com/doi/pdfdirect/10.1002/anie.202306970
onlinelibrary.wiley.com,403_forbidden,10.1002/asia.202401477,Unravelling the Role of Sterically Encumbered Ligands in Tuning the Magnetic Properties of Lanthanid,https://onlinelibrary.wiley.com/doi/pdfdirect/10.1002/asia.202401477
onlinelibrary.wiley.com,403_forbidden,10.1002/chem.19960020315,The photochemical Formation of Fulvene from Benzene via Prefulvene–a Theoretical Study,https://onlinelibrary.wiley.com/doi/pdfdirect/10.1002/chem.19960020315
onlinelibrary.wiley.com,403_forbidden,10.1002/chem.200802338,Generating Cu<sup>II</sup>–Oxyl/Cu<sup>III</sup>–Oxo Species from Cu<sup>I</sup>–α‐Ketocarboxylate C,https://onlinelibrary.wiley.com/doi/pdfdirect/10.1002/chem.200802338
onlinelibrary.wiley.com,403_forbidden,10.1002/chem.200902568,Coexistence of Two Thermally Induced Intramolecular Electron Transfer Processes in a Series of Metal,https://onlinelibrary.wiley.com/doi/pdfdirect/10.1002/chem.200902568
onlinelibrary.wiley.com,403_forbidden,10.1002/chem.201303275,Cu<sup>II</sup>Gd<sup>III</sup> Cryogenic Magnetic Refrigerants and Cu<sub>8</sub>Dy<sub>9</sub> Sin,https://onlinelibrary.wiley.com/doi/pdfdirect/10.1002/chem.201303275
onlinelibrary.wiley.com,403_forbidden,10.1002/chem.201503119,Stabilization of the Low‐Spin State in a Mononuclear Iron(II) Complex and High‐Temperature Cooperati,https://onlinelibrary.wiley.com/doi/pdfdirect/10.1002/chem.201503119
onlinelibrary.wiley.com,403_forbidden,10.1002/chem.201700232,Halogen Substitution Effects on N<sub>2</sub>O Schiff Base Ligands in Unprecedented Abrupt Fe<sup>II,https://onlinelibrary.wiley.com/doi/pdfdirect/10.1002/chem.201700232
onlinelibrary.wiley.com,403_forbidden,10.1002/chem.201704854,Effect of Second‐Order Spin–Orbit Coupling on the Interaction between Spin States in Spin‐Crossover ,https://onlinelibrary.wiley.com/doi/pdfdirect/10.1002/chem.201704854
onlinelibrary.wiley.com,403_forbidden,10.1002/chem.201705316,Iron Precatalysts with Bulky Tri(<i>tert</i>‐butyl)cyclopentadienyl Ligands for the Dehydrocoupling ,https://onlinelibrary.wiley.com/doi/pdfdirect/10.1002/chem.201705316
onlinelibrary.wiley.com,403_forbidden,10.1002/chem.202086262,Frontispiece: Role of Coordination Number and Geometry in Controlling the Magnetic Anisotropy in Fe<,https://onlinelibrary.wiley.com/doi/pdfdirect/10.1002/chem.202086262
onlinelibrary.wiley.com,403_forbidden,10.1002/chem.202102383,Control of Protonated Schiff Base Excited State Decay within Visual Protein Mimics: A Unified Model ,https://onlinelibrary.wiley.com/doi/pdfdirect/10.1002/chem.202102383
onlinelibrary.wiley.com,403_forbidden,10.1002/chem.202201883,Analysis of the Magnetic Coupling in a Mn(II)‐U(V)‐Mn(II) Single Molecule Magnet,https://onlinelibrary.wiley.com/doi/pdfdirect/10.1002/chem.202201883
onlinelibrary.wiley.com,403_forbidden,10.1002/chem.202203494,Ligand Modulation of the Structures and Magnetic Relaxation in Triangular Dy<sub>3</sub> Complexes B,https://onlinelibrary.wiley.com/doi/pdfdirect/10.1002/chem.202203494
onlinelibrary.wiley.com,403_forbidden,10.1002/chem.202203748,Photochemistry Driven by Excited‐State Aromaticity Gain or Antiaromaticity Relief,https://onlinelibrary.wiley.com/doi/pdfdirect/10.1002/chem.202203748
onlinelibrary.wiley.com,403_forbidden,10.1002/chem.202302337,Slow Magnetization Relaxation in a Family of Triangular {Co<sup>III</sup><sub>2</sub>Ln<sup>III</sup,https://onlinelibrary.wiley.com/doi/pdfdirect/10.1002/chem.202302337
onlinelibrary.wiley.com,403_forbidden,10.1002/chem.202302970,Phosphonium‐substituted Diphosphaindenylide (PPI): Exploration of Biradical Character and Ligand Pro,https://onlinelibrary.wiley.com/doi/pdfdirect/10.1002/chem.202302970
onlinelibrary.wiley.com,403_forbidden,10.1002/chem.202303300,Rebound or Cage Escape? The Role of the Rebound Barrier for the Reactivity of Non‐Heme High‐Valent F,https://onlinelibrary.wiley.com/doi/pdfdirect/10.1002/chem.202303300
onlinelibrary.wiley.com,403_forbidden,10.1002/chem.202401371,Photocatalyst‐Free Visible Light‐Induced C(sp<sup>2</sup>)−H Arylation of Quinoxalin‐2(1<i>H</i>)‐on,https://onlinelibrary.wiley.com/doi/pdfdirect/10.1002/chem.202401371
onlinelibrary.wiley.com,403_forbidden,10.1002/chem.202401796,Unravelling the Mechanism of CO<sub>2</sub> Activation: Insights Into Metal‐Metal Cooperativity and ,https://onlinelibrary.wiley.com/doi/pdfdirect/10.1002/chem.202401796
onlinelibrary.wiley.com,403_forbidden,10.1002/chem.202404546,"Tolane‐Based Phosphino‐ and Arsino‐Ruthenium Complexes in Three Different Oxidation States: Ru(I), R",https://onlinelibrary.wiley.com/doi/pdfdirect/10.1002/chem.202404546
onlinelibrary.wiley.com,403_forbidden,10.1002/cphc.200390063,An Ab Initio Study on the Mechanism of the Atmospheric Reaction NH<sub>2</sub>+O<sub>3</sub>→H<sub>2,https://onlinelibrary.wiley.com/doi/pdfdirect/10.1002/cphc.200390063
onlinelibrary.wiley.com,403_forbidden,10.1002/cphc.200400584,Assessment of Density Functionals for the High‐Spin/Low‐Spin Energy Difference in the Low‐Spin Iron(,https://onlinelibrary.wiley.com/doi/pdfdirect/10.1002/cphc.200400584
onlinelibrary.wiley.com,403_forbidden,10.1002/cphc.201402073,Conical Intersections and Low‐Lying Electronic States of Tetrafluoroethylene,https://onlinelibrary.wiley.com/doi/pdfdirect/10.1002/cphc.201402073
onlinelibrary.wiley.com,403_forbidden,10.1002/cphc.202000926,Singlet‐Triplet Excited‐State Inversion in Heptazine and Related Molecules: Assessment of TD‐DFT and,https://onlinelibrary.wiley.com/doi/pdfdirect/10.1002/cphc.202000926
onlinelibrary.wiley.com,403_forbidden,10.1002/cphc.202200889,A Theoretical Account of the Coupling between Metal‐ and Ligand‐centred Spins,https://onlinelibrary.wiley.com/doi/pdfdirect/10.1002/cphc.202200889
onlinelibrary.wiley.com,403_forbidden,10.1002/cphc.202300165,Quantum Chemical Study of the Pressure‐dependent Phosphorescence of [Cr(ddpd)<sub>2</sub>]<sup>3+</s,https://onlinelibrary.wiley.com/doi/pdfdirect/10.1002/cphc.202300165
onlinelibrary.wiley.com,403_forbidden,10.1002/cplu.202300273,Enhancing Diradical Character of Chichibabin's Hydrocarbon through Fluoride Substitution,https://onlinelibrary.wiley.com/doi/pdfdirect/10.1002/cplu.202300273
onlinelibrary.wiley.com,403_forbidden,10.1002/cptc.201900116,Mesityl or Imide Acridinium Photocatalysts: Accessible Versus Inaccessible Charge‐Transfer States in,https://onlinelibrary.wiley.com/doi/pdfdirect/10.1002/cptc.201900116
onlinelibrary.wiley.com,403_forbidden,10.1002/cptc.201900121,The Intriguing Case of the One‐Photon and Two‐Photon Absorption of a Prototypical Symmetric Squarain,https://onlinelibrary.wiley.com/doi/pdfdirect/10.1002/cptc.201900121
onlinelibrary.wiley.com,403_forbidden,10.1002/cptc.202100290,Effect of Electron Donating/Withdrawing Groups on Molecular Photoswitching of Functionalized Hemithi,https://onlinelibrary.wiley.com/doi/pdfdirect/10.1002/cptc.202100290
onlinelibrary.wiley.com,403_forbidden,10.1002/cptc.202300058,Cover Feature: Norbornadiene/Quadricyclane System in the Spotlight: The Role of Rydberg States and D,https://onlinelibrary.wiley.com/doi/pdfdirect/10.1002/cptc.202300058
onlinelibrary.wiley.com,403_forbidden,10.1002/ejic.200701136,"Diamagnetic π‐Dimers of the [1,2,5]Thiadiazolo[3,4‐<i>c</i>][1,2,5]thiadiazolidyl Radical Anion in t",https://onlinelibrary.wiley.com/doi/pdfdirect/10.1002/ejic.200701136
onlinelibrary.wiley.com,403_forbidden,10.1002/ejic.201200857,Vacancy‐Induced Deformation in a CoFe Prussian Blue Analogue – A Theoretical Investigation,https://onlinelibrary.wiley.com/doi/pdfdirect/10.1002/ejic.201200857
onlinelibrary.wiley.com,403_forbidden,10.1002/ejic.202100465,The Quest for Optimal 3 d Orbital Splitting in Tetrahedral Cobalt Single‐Molecule Magnets Featuring ,https://onlinelibrary.wiley.com/doi/pdfdirect/10.1002/ejic.202100465
onlinelibrary.wiley.com,403_forbidden,10.1002/ejic.202100524,Synthesis and Characterization of a Cobalt(III) Corrole with an S‐Bound DMSO Ligand,https://onlinelibrary.wiley.com/doi/pdfdirect/10.1002/ejic.202100524
onlinelibrary.wiley.com,403_forbidden,10.1002/ejic.202200010,Chiral Emissive Lanthanide Complexes from Enantiopure [6]Helicene‐bis(pyrazolyl)‐pyridine Ligands,https://onlinelibrary.wiley.com/doi/pdfdirect/10.1002/ejic.202200010
onlinelibrary.wiley.com,403_forbidden,10.1002/ejic.202200774,Static and Dynamic Magnetic Properties of a Co(II)‐Complex with N<sub>2</sub>O<sub>2</sub> Donor Set,https://onlinelibrary.wiley.com/doi/pdfdirect/10.1002/ejic.202200774
onlinelibrary.wiley.com,403_forbidden,10.1002/ejic.202300336,Get under the Umbrella: A Comprehensive Gateway for Researchers on Lanthanide‐Based Single‐Molecule ,https://onlinelibrary.wiley.com/doi/pdfdirect/10.1002/ejic.202300336
onlinelibrary.wiley.com,403_forbidden,10.1002/ejic.202300598,Dysprosium‐Radical Based Single‐Molecule Magnet Containing a Seven Coordinate Dy(III) Ion: A System ,https://onlinelibrary.wiley.com/doi/pdfdirect/10.1002/ejic.202300598
onlinelibrary.wiley.com,403_forbidden,10.1002/ejoc.201001636,The Mechanism of the Acid‐Catalyzed Benzidine Rearrangement of Hydrazobenzene: A Theoretical Study,https://onlinelibrary.wiley.com/doi/pdfdirect/10.1002/ejoc.201001636
onlinelibrary.wiley.com,403_forbidden,10.1002/ejoc.202300461,Meta‐Ortho Effect on the Excited State Pathways of Chloroanilines,https://onlinelibrary.wiley.com/doi/pdfdirect/10.1002/ejoc.202300461
onlinelibrary.wiley.com,403_forbidden,10.1002/ejtc.52,Theoretical study on electronic structures of oxygenated dipoles and mechanisms of ozonolysis reacti,https://onlinelibrary.wiley.com/doi/pdfdirect/10.1002/ejtc.52
onlinelibrary.wiley.com,403_forbidden,10.1002/hlca.202300130,Identification of Favorable Silica Surface Sites for Single‐Molecule Magnets,https://onlinelibrary.wiley.com/doi/pdfdirect/10.1002/hlca.202300130
onlinelibrary.wiley.com,403_forbidden,10.1002/jcc.10102,<i>Ab initio</i> study of the mechanism of singlet‐dioxygen addition to hydroxyaromatic compounds: N,https://onlinelibrary.wiley.com/doi/pdfdirect/10.1002/jcc.10102
onlinelibrary.wiley.com,403_forbidden,10.1002/jcc.20483,Photochemistry of CH<sub>3</sub>Mn(CO)<sub>5</sub>: A multiconfigurational <i>ab initio</i> study,https://onlinelibrary.wiley.com/doi/pdfdirect/10.1002/jcc.20483
onlinelibrary.wiley.com,403_forbidden,10.1002/jcc.20525,The origin of the two‐electron/four‐centers CC bond in π‐TCNE<sub>2</sub><sup>2</sup><sup>−</sup> di,https://onlinelibrary.wiley.com/doi/pdfdirect/10.1002/jcc.20525
onlinelibrary.wiley.com,403_forbidden,10.1002/jcc.21611,A CAS study on S‐loss and O‐loss dissociation mechanisms of the SO<sub>2</sub><sup>+</sup> ion in th,https://onlinelibrary.wiley.com/doi/pdfdirect/10.1002/jcc.21611
onlinelibrary.wiley.com,403_forbidden,10.1002/jcc.21892,Proton‐coupled electron transfer of the phenoxyl/phenol couple: Effect of Hartree‐Fock exchange on t,https://onlinelibrary.wiley.com/doi/pdfdirect/10.1002/jcc.21892
onlinelibrary.wiley.com,403_forbidden,10.1002/jcc.22980,Localization of molecular orbitals on fragments,https://onlinelibrary.wiley.com/doi/pdfdirect/10.1002/jcc.22980
onlinelibrary.wiley.com,403_forbidden,10.1002/jcc.25113,CERES: An<i>ab initio</i>code dedicated to the calculation of the electronic structure and magnetic ,https://onlinelibrary.wiley.com/doi/pdfdirect/10.1002/jcc.25113
onlinelibrary.wiley.com,403_forbidden,10.1002/jcc.26856,On the highest oxidation states of the actinoids in <scp>AnO<sub>4</sub></scp> molecules (An = Ac – ,https://onlinelibrary.wiley.com/doi/pdfdirect/10.1002/jcc.26856
onlinelibrary.wiley.com,403_forbidden,10.1002/jcc.27214,On the aromaticity and stability of benzynes in the ground and lowest‐lying triplet excited states,https://onlinelibrary.wiley.com/doi/pdfdirect/10.1002/jcc.27214
onlinelibrary.wiley.com,403_forbidden,10.1002/jcc.27246,"Electronic structure of Li<sub>1,2,3</sub><sup>+,0,–</sup> and nature of the bonding in Li<sub>2,3</",https://onlinelibrary.wiley.com/doi/pdfdirect/10.1002/jcc.27246
onlinelibrary.wiley.com,403_forbidden,10.1002/jcc.27530,"Thermodynamic Stability in Transition Metal‐Hydrogen Dications: Potential Energy Curves, Spectroscop",https://onlinelibrary.wiley.com/doi/pdfdirect/10.1002/jcc.27530
onlinelibrary.wiley.com,403_forbidden,10.1002/jcc.70045,Infrared Spectrum and <scp>UV</scp>‐Triggered Transformations of Matrix‐Isolated <i>Meta</i>‐Fluorot,https://onlinelibrary.wiley.com/doi/pdfdirect/10.1002/jcc.70045
onlinelibrary.wiley.com,403_forbidden,10.1002/kin.20702,Detailed chemical kinetic modeling of JP‐10 (<i>exo</i>‐tetrahydrodicyclopentadiene) high‐temperatur,https://onlinelibrary.wiley.com/doi/pdfdirect/10.1002/kin.20702
onlinelibrary.wiley.com,403_forbidden,10.1002/mrc.1413,Solvent effects on the spin–spin coupling constants of acetylene revisited: supermolecular and polar,https://onlinelibrary.wiley.com/doi/pdfdirect/10.1002/mrc.1413
onlinelibrary.wiley.com,403_forbidden,10.1002/nadc.20174060618,Theoretische Chemie 2016: Wellenfunktionsmethoden für ultraschnelle Elektronendynamik,https://onlinelibrary.wiley.com/doi/pdfdirect/10.1002/nadc.20174060618
onlinelibrary.wiley.com,403_forbidden,10.1002/poc.4170,"A DFT study on the mechanism of the formation of 1,4,2,3‐dithiadiazinanes by head‐to‐head [3 + 3] cy",https://onlinelibrary.wiley.com/doi/pdfdirect/10.1002/poc.4170
onlinelibrary.wiley.com,403_forbidden,10.1002/poc.70035,Aromaticity and Photoreactivity of 4‐ and 3‐Nitrenopyridine 1‐Oxides and Phenylnitrene,https://onlinelibrary.wiley.com/doi/pdfdirect/10.1002/poc.70035
onlinelibrary.wiley.com,403_forbidden,10.1002/poc.871,DFT calculations on the allenyl Cope rearrangement of <i>syn</i>‐7‐allenylnorbornene: comparison wit,https://onlinelibrary.wiley.com/doi/pdfdirect/10.1002/poc.871
onlinelibrary.wiley.com,403_forbidden,10.1002/qua.20013,Potential energy surfaces of fluorinated benzene radical cations,https://onlinelibrary.wiley.com/doi/pdfdirect/10.1002/qua.20013
onlinelibrary.wiley.com,403_forbidden,10.1002/qua.20565,Determination of ab initio absolute Raman excitation profiles using linear response theory,https://onlinelibrary.wiley.com/doi/pdfdirect/10.1002/qua.20565
onlinelibrary.wiley.com,403_forbidden,10.1002/qua.20967,Theoretical electronic spectra of 2‐aminopurine in vapor and in water,https://onlinelibrary.wiley.com/doi/pdfdirect/10.1002/qua.20967
onlinelibrary.wiley.com,403_forbidden,10.1002/qua.21041,Theoretical analysis of low‐lying charge transfer states in [Ru(X) (Me)(CO)<sub>2</sub>(Me‐DAB)] (XC,https://onlinelibrary.wiley.com/doi/pdfdirect/10.1002/qua.21041
onlinelibrary.wiley.com,403_forbidden,10.1002/qua.22058,The chemiionization reactions Ce + O and Ce + O<sub>2</sub>: Assignment of the observed chemielectro,https://onlinelibrary.wiley.com/doi/pdfdirect/10.1002/qua.22058
onlinelibrary.wiley.com,403_forbidden,10.1002/qua.22145,Theoretical electronic studies of aluminum monobromide and aluminum monoiodide,https://onlinelibrary.wiley.com/doi/pdfdirect/10.1002/qua.22145
onlinelibrary.wiley.com,403_forbidden,10.1002/qua.22391,"Assignment on the X, A, B, C, and D states of the C<sub>6</sub>H<sub>5</sub>Br<sup>+</sup> cation ba",https://onlinelibrary.wiley.com/doi/pdfdirect/10.1002/qua.22391
onlinelibrary.wiley.com,403_forbidden,10.1002/qua.22992,The study of actinide chemistry with multiconfigurational quantum chemical methods,https://onlinelibrary.wiley.com/doi/pdfdirect/10.1002/qua.22992
onlinelibrary.wiley.com,403_forbidden,10.1002/qua.23104,"Björn O. Roos: 1937–2010. Mentor, colleague, innovator",https://onlinelibrary.wiley.com/doi/pdfdirect/10.1002/qua.23104
onlinelibrary.wiley.com,403_forbidden,10.1002/qua.24250,Implementation of a variational code for the calculation of rate constants and application to barrie,https://onlinelibrary.wiley.com/doi/pdfdirect/10.1002/qua.24250
onlinelibrary.wiley.com,403_forbidden,10.1002/qua.24255,Spin states of (bio)inorganic systems: Successes and pitfalls,https://onlinelibrary.wiley.com/doi/pdfdirect/10.1002/qua.24255
onlinelibrary.wiley.com,403_forbidden,10.1002/qua.24628,Theoretical study of Pu and Am tetracarbide molecules,https://onlinelibrary.wiley.com/doi/pdfdirect/10.1002/qua.24628
onlinelibrary.wiley.com,403_forbidden,10.1002/qua.26132,Electronic structure of first and second row atoms under harmonic confinement,https://onlinelibrary.wiley.com/doi/pdfdirect/10.1002/qua.26132
onlinelibrary.wiley.com,403_forbidden,10.1002/qua.26454,Chemical insights into the electronic structure of Fe( <scp>II</scp> ) porphyrin using <scp>FCIQMC</,https://onlinelibrary.wiley.com/doi/pdfdirect/10.1002/qua.26454
onlinelibrary.wiley.com,403_forbidden,10.1002/qua.26995,On the three lowest spin states of Na13+: Hybrid Density Functional Theory and benchmark <scp>CASSCF,https://onlinelibrary.wiley.com/doi/pdfdirect/10.1002/qua.26995
onlinelibrary.wiley.com,403_forbidden,10.1002/qua.27257,Two three‐electron bonds in two triatomic molecules? The cases of C2O and N2C in their ground states,https://onlinelibrary.wiley.com/doi/pdfdirect/10.1002/qua.27257
onlinelibrary.wiley.com,403_forbidden,10.1002/qua.27367,"Ab initio investigation of potential energy curves of He<sub>2</sub>, He<sub>2</sub><sup>+</sup>, an",https://onlinelibrary.wiley.com/doi/pdfdirect/10.1002/qua.27367
onlinelibrary.wiley.com,403_forbidden,10.1002/smll.202412283,Surface Stabilization to Enhance Single Molecule Toroidal Behavior in {Dy <sub>3</sub> } Molecules: ,https://onlinelibrary.wiley.com/doi/pdfdirect/10.1002/smll.202412283
onlinelibrary.wiley.com,403_forbidden,10.1002/smtd.201900070,Nitrogen Reduction Reaction,https://onlinelibrary.wiley.com/doi/pdfdirect/10.1002/smtd.201900070
onlinelibrary.wiley.com,403_forbidden,10.1002/vjch.202300355,Unveiling geometric and electronic structures of NbSi<sub>4</sub><sup>−/0</sup> clusters and electro,https://onlinelibrary.wiley.com/doi/pdfdirect/10.1002/vjch.202300355
onlinelibrary.wiley.com,403_forbidden,10.1002/wcms.1675,<scp>MultiPsi</scp>: A python‐driven <scp>MCSCF</scp> program for photochemistry and spectroscopy si,https://onlinelibrary.wiley.com/doi/pdfdirect/10.1002/wcms.1675
onlinelibrary.wiley.com,403_forbidden,10.1002/zaac.201900288,Spin Interactions and Magnetic Anisotropy in a Triangular Nickel(II) Complex with Triaminoguanidine ,https://onlinelibrary.wiley.com/doi/pdfdirect/10.1002/zaac.201900288
onlinelibrary.wiley.com,403_forbidden,10.1111/php.13832,The photophysics of protonated cytidine and hemiprotonated cytidine base pair: A computational study,https://onlinelibrary.wiley.com/doi/pdfdirect/10.1111/php.13832
ora.ox.ac.uk,html_landing_page,10.1021/acs.jpcc.1c03278.s001,EPR of Photoexcited Triplet-State Acceptor Porphyrins,https://ora.ox.ac.uk/objects/uuid:2be1a555-3031-45fe-bb9d-26be6979f5c0
ora.ox.ac.uk,html_landing_page,10.5287/ora-vyz2okydx,Metal-metal bonding in poly-metallic systems,https://ora.ox.ac.uk/objects/uuid:95f6c115-e1de-40b3-8f0b-eb6ce93e78b0
osti.gov,html_landing_page,10.1002/chem.201705748,Crystal Field in Rare‐Earth Complexes: From Electrostatics to Bonding,https://www.osti.gov/biblio/1434970
osti.gov,html_landing_page,10.1016/j.poly.2019.114257,"Magnetic properties of closo-carborane-based Co(II) single-ion complexes with O, S, Se, and Te bridg",https://www.osti.gov/biblio/1777624
osti.gov,html_landing_page,10.1021/acs.inorgchem.6b01052,Molecular and Electronic Structure of Re<sub>2</sub>Br<sub>4</sub>(PMe<sub>3</sub>)<sub>4</sub>,https://www.osti.gov/biblio/1339564
osti.gov,html_landing_page,10.1021/acs.inorgchem.6b01544,Slow Magnetic Relaxations in Cobalt(II) Tetranitrate Complexes. Studies of Magnetic Anisotropy by In,https://www.osti.gov/biblio/1341566
osti.gov,html_landing_page,10.1021/acs.inorgchem.8b01450,"Pentavalent Curium, Berkelium, and Californium in Nitrate Complexes: Extending Actinide Chemistry an",https://www.osti.gov/biblio/1631597
osti.gov,html_landing_page,10.1021/acs.inorgchem.8b03566,"Molecular and Electronic Structure, and Hydrolytic Reactivity of a Samarium(II) Crown Ether Complex",https://www.osti.gov/biblio/1566507
osti.gov,html_landing_page,10.1021/acs.inorgchem.9b03690,A Computational Assessment of Actinide Dioxide Cations AnO<sub>2</sub><sup>2+</sup>for An = U to Lr:,https://www.osti.gov/biblio/1642682
osti.gov,html_landing_page,10.1021/acs.jctc.0c00341,Benchmarking an Embedded Adaptive Sampling Configuration Interaction Method for Surface Reactions: H,https://www.osti.gov/biblio/1808600
osti.gov,html_landing_page,10.1021/acs.jctc.0c00518,"Spin Splitting Energy of Transition Metals: A New, More Affordable Wave Function Benchmark Method an",https://www.osti.gov/servlets/purl/1712732
osti.gov,html_landing_page,10.1021/acs.jctc.4c00781,Importance of Electron Correlation on the Geometry and Electronic Structure of [2Fe–2S] Systems: A B,https://www.osti.gov/biblio/2549389
osti.gov,html_landing_page,10.1021/acs.jctc.7b00989,Spin–Orbit Coupling via Four-Component Multireference Methods: Benchmarking on p-Block Elements and ,https://www.osti.gov/biblio/1468299
osti.gov,html_landing_page,10.1021/acs.jpca.1c01545,"Theoretical Study of the Phenoxy Radical Recombination with the O(<sup>3</sup>P) Atom, Phenyl plus M",https://www.osti.gov/biblio/1843950
osti.gov,html_landing_page,10.1021/acs.jpcb.0c03344,Nonadiabatic Dynamics of Photoexcited <i>cis</i>-Stilbene Using Ab Initio Multiple Spawning,https://www.osti.gov/biblio/1646879
osti.gov,html_landing_page,10.1021/acs.jpcb.5b09838,Dynamical Correlation Effects on Photoisomerization: Ab Initio Multiple Spawning Dynamics with MS-CA,https://www.osti.gov/biblio/1257516
osti.gov,html_landing_page,10.1021/acs.jpclett.3c01308,Exploring Ligand-to-Metal Charge-Transfer States in the Photo-Ferrioxalate System Using Excited-Stat,https://www.osti.gov/biblio/2522071
osti.gov,html_landing_page,10.1021/acs.jpclett.6b00936,Conical Intersections from Particle–Particle Random Phase and Tamm–Dancoff Approximations,https://www.osti.gov/biblio/1387977
osti.gov,html_landing_page,10.1021/acs.organomet.1c00516,"Spectroscopic, Magnetic, and Computational Investigations on a Series of Rhenium(III) Cyclopentadien",https://www.osti.gov/biblio/2326974
osti.gov,html_landing_page,10.1021/jacs.1c05099,Elucidating the Role of Halides and Iron during Radiolysis-Driven Oxidative Etching of Gold Nanocrys,https://www.osti.gov/biblio/1840951
osti.gov,html_landing_page,10.1021/jacs.2c12382,Mechanism of Nitrogen-Carbon Bond Formation from Iron(IV) Disilylhydrazido Intermediates during N <s,https://www.osti.gov/biblio/1991803
osti.gov,html_landing_page,10.1021/jacs.4c00458,Conical Intersection Accessibility Dictates Brightness in Red Fluorescent Proteins,https://www.osti.gov/biblio/2406285
osti.gov,html_landing_page,10.1021/om300876b,"Thermal Dihydrogen Elimination from Cp*<sub>2</sub>Yb(4,5-diazafluorene)",https://www.osti.gov/biblio/1165114
osti.gov,html_landing_page,10.1021/om400528d,"Influence of the Torsion Angle in 3,3′-Dimethyl-2,2′-bipyridine on the Intermediate Valence of Yb in",https://www.osti.gov/biblio/1163867
osti.gov,html_landing_page,10.1039/c2sc22013j,Is the bipyridyl thorium metallocene a low-valent thorium complex? A combined experimental and compu,https://www.osti.gov/biblio/1164377
osti.gov,html_landing_page,10.1039/d2cc03238d,Actinide arene-metalates: 2. A neutral uranium bis(anthracenide) sandwich complex and elucidation of,https://www.osti.gov/biblio/1877941
osti.gov,html_landing_page,10.1063/5.0010068,The nature of the chemical bond and the role of non-dynamical and dynamical correlation in Be2,https://www.osti.gov/biblio/1631882
osti.gov,html_landing_page,10.1063/5.0024134,A cautionary tale: Problems in the valence-CASSCF description of the ground state (X1Σ+) of BF,https://www.osti.gov/biblio/1664436
osti.gov,html_landing_page,10.1063/5.0215697,Distinguishing homolytic vs heterolytic bond dissociation of phenylsulfonium cations with localized ,https://www.osti.gov/biblio/2403625
osti.gov,html_landing_page,10.2172/10180548,Quantum Monte Carlo methods and lithium cluster properties,https://www.osti.gov/biblio/10180548
osti.gov,html_landing_page,10.2172/7305434,(Electronic structure and reactivities of transition metal clusters),https://www.osti.gov/biblio/7305434
osti.gov,html_landing_page,10.2172/806585,Scalable Computational Chemistry: New Developments and Applications,https://www.osti.gov/biblio/806585
osti.gov,html_landing_page,10.2172/959347,"Electronic Structure of Transition Metal Clusters, Actinide Complexes and Their Reactivities",https://www.osti.gov/biblio/959347
pmc.ncbi.nlm.nih.gov,html_landing_page,10.1021/acs.inorgchem.1c01519,Low-Spin Cyanide Complexes of 3-Mercaptopropionic Acid Dioxygenase (MDO) Reveal the Impact of Outer-,https://pmc.ncbi.nlm.nih.gov/articles/PMC10078988/pdf/nihms-1876421.pdf
pmc.ncbi.nlm.nih.gov,html_landing_page,10.1021/acs.inorgchem.3c01068,Investigating Metal–Metal Bond Polarization in a Heteroleptic Tris-Ylide Diiron System,https://pmc.ncbi.nlm.nih.gov/articles/PMC11071007/pdf/nihms-1980647.pdf
pmc.ncbi.nlm.nih.gov,html_landing_page,10.1021/acs.inorgchem.3c03236,Spectroscopic and Theoretical Investigation of High-Spin Square-Planar and Trigonal Fe(II) Complexes,https://pmc.ncbi.nlm.nih.gov/articles/PMC12183555/pdf/nihms-2004766.pdf
pmc.ncbi.nlm.nih.gov,html_landing_page,10.1021/jacs.3c08117,"Generation, Spectroscopic Characterization, and Computational Analysis of a Six-Coordinate Cobalt(II",https://pmc.ncbi.nlm.nih.gov/articles/PMC11175169/pdf/nihms-1999446.pdf
pnas.org,403_forbidden,10.1073/pnas.1001603107,"Vicinal dihalonium ions: diprotonated and dimethylated chlorine [H2Cl22+, (CH3)2Cl22+] and bromine [",https://www.pnas.org/doi/pdf/10.1073/pnas.1001603107
portal.findresearcher.sdu.dk,html_landing_page,10.1063/5.0106422,Multiconfigurational short-range density functional theory for nuclear magnetic resonance shielding ,https://portal.findresearcher.sdu.dk/da/publications/675f0d8b-586d-4838-bf04-4b2efd3b6332
preprints.org,403_forbidden,10.20944/preprints201611.0077.v1,New Insights into the State Trapping of UV-Excited Thymine,https://www.preprints.org/manuscript/201611.0077/v1/download
preprints.org,403_forbidden,10.20944/preprints202308.0664.v1,A Magnetic Ni-based Metal-Organic Framework with Interesting Transformation Dynamics,https://www.preprints.org/manuscript/202308.0664/v1/download
preprints.org,403_forbidden,10.20944/preprints202501.2258.v1,CASPT2 Study of the Unimolecular Reactions of Nitromethane. A Look at the Roaming Reactions in the D,https://www.preprints.org/frontend/manuscript/20852287844c74900e9fabd0ae360c1f/download_pub
preprints.org,403_forbidden,10.20944/preprints202505.2369.v1,Trinuclear Ni(II) Complex with Rare Deprotonation of the Bridging Oxamate and Imino Nitroxide Radica,https://www.preprints.org/frontend/manuscript/e2811dcef8e926e9de7af1b329401cc3/download_pub
preprints.org,403_forbidden,10.20944/preprints202509.1237.v1,DFT Study on the Photoisomerization of Carvone,https://www.preprints.org/frontend/manuscript/f867720e7c5363a5cf7ec34974b17224/download_pub
publikationen.bibliothek.kit.edu,html_landing_page,10.5445/ir/1000187979,Leveraging 3d-4f Coordination: Molecular Quantum Spring-Magnet Behavior in Axial Ni$_2$Ln Complexes,https://publikationen.bibliothek.kit.edu/1000187979
pubs.acs.org,403_forbidden,10.1021/acs.cgd.5c00037,Enhanced Easy Axis Magnetic Anisotropy in a Siloxane-Bridged Linear Co <sup>II</sup> <sub>3</sub> Si,https://pubs.acs.org/doi/pdf/10.1021/acs.cgd.5c00037
pubs.acs.org,403_forbidden,10.1021/acs.cgd.6c00297,Ferromagnetic Ni <sup>II</sup> -M <b> <sup>IV</sup> </b> -Ni <b> <sup>II</sup> </b> Trimers from Fun,https://pubs.acs.org/doi/pdf/10.1021/acs.cgd.6c00297?ref=article_openPDF
pubs.acs.org,403_forbidden,10.1021/acs.inorgchem.7b00664,Investigation into the Effects of a Trigonal-Planar Ligand Field on the Electronic Properties of Lan,https://pubs.acs.org/doi/pdf/10.1021/acs.inorgchem.7b00664
pubs.acs.org,403_forbidden,10.1021/acs.jctc.5b00861,Multireference Character for 4d Transition Metal-Containing Molecules,https://pubs.acs.org/doi/pdf/10.1021/acs.jctc.5b00861
pubs.acs.org,403_forbidden,10.1021/acs.jctc.6b00609,Cost-Effective Treatment of Scalar Relativistic Effects for Multireference Systems: A CASSCF Impleme,https://pubs.acs.org/doi/10.1021/acs.jctc.6b00609
pubs.acs.org,403_forbidden,10.1021/acs.jpca.5c07741,Hydrogen Adsorption on Transition-Metal-Decorated Graphene: Thermodynamic and AIMD Insights from DFT,https://pubs.acs.org/doi/pdf/10.1021/acs.jpca.5c07741?ref=article_openPDF
pubs.acs.org,403_forbidden,10.1021/ja506151p,"Phenylnitrene, Phenylcarbene, and Pyridylcarbenes. Rearrangements to Cyanocyclopentadiene and Fulven",https://pubs.acs.org/doi/pdf/10.1021/ja506151p
pubs.acs.org,403_forbidden,10.1021/jacs.1c07431,Long Carbon–Carbon Bonding beyond 2 Å in Tris(9-fluorenylidene)methane,https://pubs.acs.org/doi/pdf/10.1021/jacs.1c07431
pubs.acs.org,403_forbidden,10.1021/jacs.5b03805,"Electron Delocalization in Reduced Forms of 2-(BMes<sub>2</sub>)pyrene and 2,7-Bis(BMes<sub>2</sub>)",https://pubs.acs.org/doi/pdf/10.1021/jacs.5b03805?ref=article_openPDF
pubs.acs.org,403_forbidden,10.1021/jacs.7b05569,Electronic Structure and Properties of Berkelium Iodates,https://pubs.acs.org/doi/pdf/10.1021/jacs.7b05569
pubs.acs.org,403_forbidden,10.1021/jp205710e,Toward Accurate Theoretical Thermochemistry of First Row Transition Metal Complexes,https://pubs.acs.org/doi/pdf/10.1021/jp205710e
pubs.acs.org,403_forbidden,10.1021/jp8110315,Nonadiabatic ab Initio Dynamics of Two Models of Schiff Base Retinal,https://pubs.acs.org/doi/pdf/10.1021/jp8110315
pubs.rsc.org,html_landing_page,10.1039/c3ra47088a,f-Orbital covalency in the actinocenes (An = Th–Cm): multiconfigurational studies and topological an,https://pubs.rsc.org/en/content/articlepdf/2014/ra/c3ra47088a
pubs.rsc.org,html_landing_page,10.1039/c6sc01469k,A low spin manganese( <scp>iv</scp> ) nitride single molecule magnet,https://pubs.rsc.org/en/content/articlepdf/2016/sc/c6sc01469k
pubs.rsc.org,html_landing_page,10.1039/d0sc02294b,Electron-driven proton transfer relieves excited-state antiaromaticity in photoexcited DNA base pair,https://pubs.rsc.org/en/content/articlepdf/2020/sc/d0sc02294b
refubium.fu-berlin.de,html_landing_page,10.17169/refubium-12912,Modellierung der dualen Fluoreszenz von 1-Phenylpyrrol infolge von Torsion und Elektronentransfer in,https://refubium.fu-berlin.de/handle/fub188/8713
refubium.fu-berlin.de,html_landing_page,10.17169/refubium-17371,Ultrafast Photodissociation dynamics of Η5-CpMn(CO)3 (Cymantrene),https://refubium.fu-berlin.de/handle/fub188/13173
refubium.fu-berlin.de,html_landing_page,10.17169/refubium-25453,"Low-Lying Electronic States of the Molecules AB_n (A = Sc-Ni, B = Cu/Ag/Au, n = 1, 2)",https://refubium.fu-berlin.de/handle/fub188/25689
research.manchester.ac.uk,html_landing_page,10.1021/acs.organomet.6b00121,Three-Coordinate Iron(II) Expanded Ring N-Heterocyclic Carbene Complexes,https://research.manchester.ac.uk/en/publications/175b00ca-fb14-4fb3-9a74-2a7f7d0ef9da
research.manchester.ac.uk,html_landing_page,10.1021/jacs.5c20971,Electron and Nuclear Spin Dynamics of a Dysprosium Complex in Solution,https://research.manchester.ac.uk/en/publications/30874da7-964d-4fe1-8a6d-503eb861bbef
research.manchester.ac.uk,html_landing_page,10.1063/5.0007040,Analytic gradients for state-averaged multiconfiguration pair-density functional theory,https://research.manchester.ac.uk/en/publications/3522f6fc-84d7-43ca-9559-603f8e0918df
research.rug.nl,html_landing_page,10.1016/j.cplett.2010.01.026,Comparison of ab initio molecular properties of EDO-TTF with the properties of the (EDO-TTF)2PF6 cry,https://research.rug.nl/en/publications/0f90c46b-b01a-4073-a6b4-a0794120bdd4
research.rug.nl,html_landing_page,10.1021/ja308146e,Giant Ising-Type Magnetic Anisotropy in Trigonal Bipyramidal Ni(II) Complexes: Experiment and Theory,https://research.rug.nl/en/publications/0538f4e9-496c-4de1-a42c-35fcdc265cf6
research.rug.nl,html_landing_page,10.1063/1.473161,Theoretical characterization of the low-lying excited states of the CuCl molecule,https://research.rug.nl/en/publications/ac3cad96-de68-4770-a0c5-b85d2562d36b
research.utwente.nl,html_landing_page,10.1039/c2cp41387f,Excitation energies of retinal chromophores: critical role of the structural model,https://research.utwente.nl/en/publications/120f053f-1aa7-4a73-896e-bdc96e41c424
researchportal.bath.ac.uk,html_landing_page,10.1021/acs.inorgchem.1c02413,Extreme <b>g</b>-Tensor Anisotropy and Its Insensitivity to Structural Distortions in a Family of Li,https://researchportal.bath.ac.uk/en/publications/e9939432-53d1-4eb1-8f74-6da3843849b6
researchportal.bath.ac.uk,html_landing_page,10.1021/acs.jctc.7b01035,Exchange Coupling Interactions from the Density Matrix Renormalization Group and <i>N</i>-Electron V,https://researchportal.bath.ac.uk/en/publications/52f332f3-0782-4c0b-a653-dd3364c8df31
researchportal.bath.ac.uk,html_landing_page,10.1126/science.abb3861,Metal-organic magnets with large coercivity and ordering temperatures up to 242°C,https://researchportal.bath.ac.uk/en/publications/4d07de21-dcce-47f1-9a3c-ac9f3aeafe1c
researchportal.port.ac.uk,html_landing_page,10.1021/ic501435a,"Multiply Bonded Metal(II) Acetate (Rhodium, Ruthenium, and Molybdenum) Complexes with the <i>trans</",https://researchportal.port.ac.uk/portal/en/publications/multiply-bonded-metalii-acetate-rhodium-ruthenium-and-molybdenum-complexes-with-the-trans12bisnmethylimidazol2ylethylene-ligand(b291fac5-21b8-41b6-aa4c-4ed2a7353ad4).html
researchportal.unamur.be,html_landing_page,10.1002/chem.201501900,PPV Polymerization through the Gilch Route: Diradical Character of Monomers,https://researchportal.unamur.be/en/publications/ce570288-2cbd-4377-9d5d-1b511827b72a
researchprofiles.ku.dk,html_landing_page,10.1021/acs.inorgchem.1c00743,Electronic Structure of Ytterbium(III) Solvates—a Combined Spectroscopic and Theoretical Study,https://researchprofiles.ku.dk/da/publications/7af83425-9fbb-4131-b4ef-740ed6729e09
researchprofiles.ku.dk,html_landing_page,10.1021/acs.jpclett.5c03329,PCA-Assisted Spectral Reconstruction Reveals Speciation of Neodymium(III) DOTA and pDO3A Complexes,https://researchprofiles.ku.dk/da/publications/6fa13cd3-7f99-4e9a-b659-4c5d22b9c6c5
resolver.sub.uni-goettingen.de,403_forbidden,10.1021/acs.inorgchem.4c00332,"Hourglass-Shaped Homo- and Heteronuclear Nonanuclear Lanthanide Clusters: Structures, Magnetism, Pho",https://resolver.sub.uni-goettingen.de/purl?gro-2/144132
resolver.sub.uni-goettingen.de,403_forbidden,10.1021/acs.inorgchem.5c01531,"1,4-Phosphagermines: An Anionic 6π-heteroaromatic Biradicaloid and a Persistent π-Delocalized Radica",https://resolver.sub.uni-goettingen.de/purl?gro-2/150058
rua.ua.es,html_landing_page,10.1021/acs.jpca.0c08029,Negative Singlet–Triplet Excitation Energy Gap in Triangle-Shaped Molecular Emitters for Efficient T,http://rua.ua.es/dspace/bitstream/10045/112549/5/Sanz-Rodrigo_etal_2021_JPhysChemA_preprint.pdf
ruj.uj.edu.pl,html_landing_page,10.1016/j.chemphys.2004.01.017,"Absorption and magnetic circular dichroism (MCD) studies of 1,4,5,8-naphthalenetetracarboxy diimides",https://ruj.uj.edu.pl/xmlui/handle/item/130702
ruj.uj.edu.pl,html_landing_page,10.1016/j.cplett.2004.03.026,The Franck–Condon and Dushinsky effects in the lowest energy 12B3u doublet of the tetracyanoquinodim,https://ruj.uj.edu.pl/xmlui/handle/item/130707
ruj.uj.edu.pl,html_landing_page,10.1021/jp806075b,"Binding of CO, NO, and O<sub>2</sub> to Heme by Density Functional and Multireference ab Initio Calc",https://ruj.uj.edu.pl/xmlui/handle/item/79582
ruj.uj.edu.pl,html_landing_page,10.1021/jp807752k,Vibronic Effects in the 1<sup>1</sup>B<sub>u</sub>(1<sup>1</sup>B<sub>2</sub>) Excited Singlet State,https://ruj.uj.edu.pl/xmlui/handle/item/79537
ruj.uj.edu.pl,html_landing_page,10.1021/jp910220r,Electronic Structure of Selected {FeNO}<sup>7</sup> Complexes in Heme and Non-Heme Architectures: A ,https://ruj.uj.edu.pl/xmlui/handle/item/71845
ruj.uj.edu.pl,html_landing_page,10.1039/c9cp00105k,Benchmarking quantum chemistry methods for spin-state energetics of iron complexes against quantitat,https://ruj.uj.edu.pl/xmlui/handle/item/72074
sciencedirect.com,403_forbidden,10.1016/0010-8545(94)80025-1,"Electronic spectra of RMn(CO)3(α-diimine) (RH, CH3): a CASSCF/CCI comparative study of the lowest si",https://www.sciencedirect.com/science/article/pii/0010854594800251
sciencedirect.com,403_forbidden,10.1016/j.chemphys.2021.111226,Insights on the site-selective fragmentation of CF2Cl2 and CH2Cl2 at the chlorine K-edge from ab ini,https://www.sciencedirect.com/science/article/pii/S0301010421001373
sciencedirect.com,403_forbidden,10.1016/s0009-2614(00)00281-5,On the dissociation of N6 into 3 N2 molecules,https://www.sciencedirect.com/science/article/pii/S0009261400002815
sciencedirect.com,403_forbidden,10.1016/s0009-2614(00)01218-5,"Uranium triatomic compounds XUY (X,Y=C,N,O): a combined multiconfigurational second-order perturbati",https://www.sciencedirect.com/science/article/pii/S0009261400012185
sciencedirect.com,403_forbidden,10.1016/s0009-2614(00)01447-0,Can NO2+ exist in bent or cyclic forms?,https://www.sciencedirect.com/science/article/pii/S0009261400014470
sciencedirect.com,403_forbidden,10.1016/s0009-2614(01)00633-9,A theoretical study of the electronic spectroscopy of the SiF3 radical,https://www.sciencedirect.com/science/article/pii/S0009261401006339
sciencedirect.com,403_forbidden,10.1016/s0010-8545(02)00283-7,Understanding the reactivity of transition metal complexes involving multiple spin states,https://www.sciencedirect.com/science/article/pii/S0010854502002837
sciencedirect.com,403_forbidden,10.1016/s0020-1693(96)05244-9,Exchange interactions in Ti2Cl93−: a critical analysis,https://www.sciencedirect.com/science/article/pii/S0020169396052449
sciforum.net,403_forbidden,10.3390/ecsoc-18-a025,The Mechanism of the Photochemical Oxidation of Substrates of Different Nature by Nitro Compounds,https://sciforum.net/paper/download/2539/manuscript
sciforum.net,403_forbidden,10.3390/ecsoc-20-e003,Teoretical study of photooxidation of ammonia by nitromethane,https://sciforum.net/paper/download/3543/manuscript
sciforum.net,403_forbidden,10.3390/ecsoc-24-08339,"One-step mechanism of hydrogen transfer in ""amine – triplet nitro compound"" system",https://sciforum.net/paper/download/8339/manuscript
stars.library.ucf.edu,html_landing_page,10.1021/jp900484s,Quantum Chemical Study of Trimolecular Reaction Mechanism between Nitric Oxide and Oxygen in the Gas,https://stars.library.ucf.edu/facultybib2000/1546
tandfonline.com,403_forbidden,10.1080/00268970110112327,A theoretical study of the 2<sup>1</sup>A<sub>g</sub>← 1<sup>1</sup>A<sub>g</sub>two-photon transiti,https://www.tandfonline.com/doi/abs/10.1080/00268970110112327
tandfonline.com,403_forbidden,10.1080/00268976.2015.1025880,Photochemical reaction paths of cis-dienes studied with RASSCF: the changing balance between ionic a,https://www.tandfonline.com/doi/pdf/10.1080/00268976.2015.1025880?needAccess=true
theses.fr,html_landing_page,10.70675/efacdfb9zcb92z4540z98b2zd8c85da63113,"Contribution à l'étude quantique du carbure de tungstène neutre (WC) et ionisé (WCq+, q=1, 2)",http://www.theses.fr/2015PESC1066/document
univ-angers.hal.science,html_landing_page,10.1021/acs.cgd.9b01150,Mn(III) Chain Coordination Polymers Assembled by Salicylidene-2-ethanolamine Schiff Base Ligands: Sy,https://univ-angers.hal.science/hal-02913398
univ-rennes.hal.science,html_landing_page,10.1021/acs.inorgchem.6b02952,Analysis of the Magnetic Exchange Interactions in Yttrium(III) Complexes Containing Nitronyl Nitroxi,https://univ-rennes.hal.science/hal-01544247
univ-rennes.hal.science,html_landing_page,10.1021/acs.inorgchem.9b00864,Slow Magnetic Relaxation in Dinuclear Co<sup>II</sup>Y<sup>III</sup> Complexes,https://univ-rennes.hal.science/hal-02280836
univ-rennes.hal.science,html_landing_page,10.1039/d0dt00315h,Influence of ligand field on magnetic anisotropy in a family of pentacoordinate Co <sup>II</sup> com,https://univ-rennes.hal.science/hal-02533160
urn.fi,html_landing_page,10.1002/ange.201903681,"Uranocenium: Synthesis, Structure, and Chemical Bonding",http://urn.fi/URN:NBN:fi:jyu-201908223873
urn.kb.se,html_landing_page,10.1002/jcc.24221,<scp>Molcas</scp> 8: New capabilities for multiconfigurational quantum chemical calculations across ,http://urn.kb.se/resolve?urn=urn:nbn:se:kth:diva-293907
urn.kb.se,html_landing_page,10.1016/j.chemphys.2014.05.012,Single site double core level ionisation of OCS,http://urn.kb.se/resolve?urn=urn:nbn:se:uu:diva-229702
usir.salford.ac.uk,403_forbidden,10.1063/1.1484387,A computational study of photoisomerization in Al3O3− clusters,http://usir.salford.ac.uk/id/eprint/322/1/Morrison_1.pdf
uvadoc.uva.es,html_landing_page,10.1016/j.chemphys.2015.04.007,The diatomic dication SiC2+ in the gas phase,http://uvadoc.uva.es/handle/10324/21478
zenodo.org,html_landing_page,10.1007/s00214-018-2225-0,The highly excited-state manifold of guanine: calibration for nonlinear electronic spectroscopy simu,https://zenodo.org/record/23831
zenodo.org,html_landing_page,10.5281/zenodo.1255999,Substituent Position Effects On Sunscreen Photodynamics: A Closer Look At Methyl Anthranilate,https://zenodo.org/record/1255999
zenodo.org,html_landing_page,10.5281/zenodo.3445381,A series of field-induced single-ion magnets based on the seven-coordinate Co(II) complexes with the,https://zenodo.org/record/3445381
zenodo.org,html_landing_page,10.5281/zenodo.3475419,A series of field-induced single-ion magnets based on the seven-coordinate Co(II) complexes with the,https://zenodo.org/record/3475419
zenodo.org,html_landing_page,10.5281/zenodo.3701278,The N(4S) + O2(X3Σ −g) ↔ O(3P) + NO(X2Π) reaction: thermal and vibrational relaxation rates for the ,https://zenodo.org/record/3701278
zenodo.org,html_landing_page,10.5281/zenodo.5710891,"Source data for the publication ""Tracking excited state decay mechanisms of pyrimidine nucleosides i",https://zenodo.org/record/5710891
zenodo.org,html_landing_page,10.5281/zenodo.8169552,Chemical Control of Excited-State Reactivity of the Anionic GFP Chromophore,https://zenodo.org/record/8169552
