doi,open_access,oa_status,oa_url,openalex_id,checked
10.1002/(sici)1097-461x(1996)60:1<505::aid-qua49>3.0.co;2-7,yes,bronze,https://onlinelibrary.wiley.com/doi/pdfdirect/10.1002/%28SICI%291097-461X%281996%2960%3A1%3C505%3A%3AAID-QUA49%3E3.0.CO%3B2-7,W2080032603,2026-08-08T00:16:47Z
10.1002/(sici)1097-461x(2000)77:6<961::aid-qua4>3.0.co;2-a,no,closed,,W2041299220,2026-08-08T00:16:47Z
10.1002/1097-461x(2000)80:4/5<623::aid-qua11>3.0.co;2-0,no,closed,,W1994925141,2026-08-08T00:16:47Z
10.1002/adfm.202507144,yes,bronze,https://onlinelibrary.wiley.com/doi/pdfdirect/10.1002/adfm.202507144,W4410310622,2026-08-08T00:16:47Z
10.1002/adom.202402765,no,closed,,W4405501771,2026-08-08T00:16:47Z
10.1002/advs.75759,yes,gold,https://doi.org/10.1002/advs.75759,W7161785735,2026-08-08T00:16:47Z
10.1002/advs.76249,yes,gold,https://doi.org/10.1002/advs.76249,W7165544852,2026-08-08T00:16:47Z
10.1002/ange.201903681,yes,green,http://urn.fi/URN:NBN:fi:jyu-201908223873,W4240227765,2026-08-08T00:16:47Z
10.1002/ange.202017078,yes,hybrid,https://onlinelibrary.wiley.com/doi/pdfdirect/10.1002/ange.202017078,W3128393528,2026-08-08T00:16:47Z
10.1002/ange.202102218,yes,hybrid,https://onlinelibrary.wiley.com/doi/pdfdirect/10.1002/ange.202102218,W3167707510,2026-08-08T00:16:47Z
10.1002/anie.202011337,yes,hybrid,https://onlinelibrary.wiley.com/doi/pdfdirect/10.1002/anie.202011337,W3119347909,2026-08-08T00:16:47Z
10.1002/anie.202017078,yes,hybrid,https://onlinelibrary.wiley.com/doi/pdfdirect/10.1002/anie.202017078,W3122506581,2026-08-08T00:16:47Z
10.1002/anie.202102218,yes,hybrid,https://onlinelibrary.wiley.com/doi/pdfdirect/10.1002/anie.202102218,W3155781487,2026-08-08T00:16:47Z
10.1002/anie.202103596,yes,hybrid,https://onlinelibrary.wiley.com/doi/pdfdirect/10.1002/anie.202103596,W3138622994,2026-08-08T00:16:47Z
10.1002/anie.202207415,yes,hybrid,https://onlinelibrary.wiley.com/doi/pdfdirect/10.1002/anie.202207415,W4281709712,2026-08-08T00:16:47Z
10.1002/anie.202216003,yes,hybrid,https://onlinelibrary.wiley.com/doi/pdfdirect/10.1002/anie.202216003,W4313488182,2026-08-08T00:16:47Z
10.1002/anie.202513772,yes,hybrid,https://onlinelibrary.wiley.com/doi/pdfdirect/10.1002/anie.202513772,W4413048785,2026-08-08T00:16:47Z
10.1002/anie.202517979,yes,hybrid,https://onlinelibrary.wiley.com/doi/pdfdirect/10.1002/anie.202517979,W4416293277,2026-08-08T00:16:47Z
10.1002/anie.202522076,yes,hybrid,https://onlinelibrary.wiley.com/doi/pdfdirect/10.1002/anie.202522076,W4417496909,2026-08-08T00:16:47Z
10.1002/chem.19960020315,yes,bronze,https://onlinelibrary.wiley.com/doi/pdfdirect/10.1002/chem.19960020315,W2104024791,2026-08-08T00:16:47Z
10.1002/chem.200600228,yes,green,https://dialnet.unirioja.es/descarga/articulo/136068.pdf,W16871504,2026-08-08T00:16:47Z
10.1002/chem.200802338,yes,bronze,https://onlinelibrary.wiley.com/doi/pdfdirect/10.1002/chem.200802338,W1974706088,2026-08-08T00:16:47Z
10.1002/chem.200902568,yes,bronze,https://onlinelibrary.wiley.com/doi/pdfdirect/10.1002/chem.200902568,W1978492211,2026-08-08T00:16:47Z
10.1002/chem.201301240,yes,green,http://infoscience.epfl.ch/record/189444,W2165821097,2026-08-08T00:16:47Z
10.1002/chem.201303275,yes,bronze,https://onlinelibrary.wiley.com/doi/pdfdirect/10.1002/chem.201303275,W2116591174,2026-08-08T00:16:47Z
10.1002/chem.201501900,yes,green,https://researchportal.unamur.be/en/publications/ce570288-2cbd-4377-9d5d-1b511827b72a,W2272027937,2026-08-08T00:16:47Z
10.1002/chem.201503119,yes,bronze,https://onlinelibrary.wiley.com/doi/pdfdirect/10.1002/chem.201503119,W2173778129,2026-08-08T00:16:47Z
10.1002/chem.201601971,yes,hybrid,https://onlinelibrary.wiley.com/doi/pdfdirect/10.1002/chem.201601971,W2477486362,2026-08-08T00:16:47Z
10.1002/chem.201701058,yes,bronze,https://onlinelibrary.wiley.com/doi/pdfdirect/10.1002/chem.201701058,W2606848775,2026-08-08T00:16:47Z
10.1002/chem.201704854,yes,bronze,https://onlinelibrary.wiley.com/doi/pdfdirect/10.1002/chem.201704854,W2769325165,2026-08-08T00:16:47Z
10.1002/chem.201705316,yes,bronze,https://onlinelibrary.wiley.com/doi/pdfdirect/10.1002/chem.201705316,W2793033962,2026-08-08T00:16:47Z
10.1002/chem.201705748,yes,green,https://www.osti.gov/biblio/1434970,W2790643906,2026-08-08T00:16:47Z
10.1002/chem.201800680,yes,green,http://hdl.handle.net/10651/49156,W2792338474,2026-08-08T00:16:47Z
10.1002/chem.201804292,yes,green,https://eprints.whiterose.ac.uk/id/eprint/136764/1/s2n2_manuscript.pdf,W2894695367,2026-08-08T00:16:47Z
10.1002/chem.201904110,no,closed,,W31647142,2026-08-08T00:16:47Z
10.1002/chem.202101755,yes,green,https://catalog.lib.kyushu-u.ac.jp/opac_download_md/7179527/7179527.pdf,W3171941253,2026-08-08T00:16:47Z
10.1002/chem.202102383,yes,hybrid,https://onlinelibrary.wiley.com/doi/pdfdirect/10.1002/chem.202102383,W3207003766,2026-08-08T00:16:47Z
10.1002/chem.202102572,yes,hybrid,https://onlinelibrary.wiley.com/doi/pdfdirect/10.1002/chem.202102572,W3193740228,2026-08-08T00:16:47Z
10.1002/chem.202201883,yes,bronze,https://onlinelibrary.wiley.com/doi/pdfdirect/10.1002/chem.202201883,W4293105066,2026-08-08T00:16:47Z
10.1002/chem.202203449,yes,hybrid,https://doi.org/10.1002/chem.202203449,W4324311281,2026-08-08T00:16:47Z
10.1002/chem.202203494,yes,hybrid,https://onlinelibrary.wiley.com/doi/pdfdirect/10.1002/chem.202203494,W4316687847,2026-08-08T00:16:47Z
10.1002/chem.202302337,yes,hybrid,https://onlinelibrary.wiley.com/doi/pdfdirect/10.1002/chem.202302337,W4386209220,2026-08-08T00:16:47Z
10.1002/chem.202302970,yes,bronze,https://onlinelibrary.wiley.com/doi/pdfdirect/10.1002/chem.202302970,W4389180090,2026-08-08T00:16:47Z
10.1002/chem.202303300,yes,hybrid,https://onlinelibrary.wiley.com/doi/pdfdirect/10.1002/chem.202303300,W4388413748,2026-08-08T00:16:47Z
10.1002/chem.202404546,yes,hybrid,https://onlinelibrary.wiley.com/doi/pdfdirect/10.1002/chem.202404546,W4406385640,2026-08-08T00:16:47Z
10.1002/cphc.200390063,yes,bronze,https://onlinelibrary.wiley.com/doi/pdfdirect/10.1002/cphc.200390063,W2039235712,2026-08-08T00:16:47Z
10.1002/cphc.200400349,yes,green,https://estudogeral.uc.pt/bitstream/10316/8288/1/obra.pdf,W2064948033,2026-08-08T00:16:47Z
10.1002/cphc.201200999,yes,bronze,https://onlinelibrary.wiley.com/doi/pdfdirect/10.1002/cphc.201200999,W1983150522,2026-08-08T00:16:47Z
10.1002/cphc.201402073,yes,bronze,https://onlinelibrary.wiley.com/doi/pdfdirect/10.1002/cphc.201402073,W2166303160,2026-08-08T00:16:47Z
10.1002/cphc.202000547,yes,hybrid,https://doi.org/10.1002/cphc.202000547,W3088123821,2026-08-08T00:16:47Z
10.1002/cphc.202000926,yes,bronze,https://onlinelibrary.wiley.com/doi/pdfdirect/10.1002/cphc.202000926,W3113154759,2026-08-08T00:16:47Z
10.1002/cphc.202100402,yes,hybrid,https://onlinelibrary.wiley.com/doi/pdfdirect/10.1002/cphc.202100402,W4205270606,2026-08-08T00:16:47Z
10.1002/cphc.202200889,yes,bronze,https://onlinelibrary.wiley.com/doi/pdfdirect/10.1002/cphc.202200889,W4313829788,2026-08-08T00:16:47Z
10.1002/cphc.202300165,yes,hybrid,https://onlinelibrary.wiley.com/doi/pdfdirect/10.1002/cphc.202300165,W4361297978,2026-08-08T00:16:47Z
10.1002/cplu.202300273,yes,bronze,https://onlinelibrary.wiley.com/doi/pdfdirect/10.1002/cplu.202300273,W4383303138,2026-08-08T00:16:47Z
10.1002/cptc.201900056,yes,green,http://hdl.handle.net/11568/997716,W2944554441,2026-08-08T00:16:47Z
10.1002/cptc.201900072,yes,green,https://doi-org.ez67.periodicos.capes.gov.br/10.1002/cptc.201900072,W2944748202,2026-08-08T00:16:47Z
10.1002/cptc.201900121,yes,bronze,https://onlinelibrary.wiley.com/doi/pdfdirect/10.1002/cptc.201900121,W2949396998,2026-08-08T00:16:47Z
10.1002/cptc.202100290,yes,hybrid,https://onlinelibrary.wiley.com/doi/pdfdirect/10.1002/cptc.202100290,W4220653127,2026-08-08T00:16:47Z
10.1002/cptc.202200010,yes,hybrid,https://doi.org/10.1002/cptc.202200010,W4211037759,2026-08-08T00:16:47Z
10.1002/cptc.202200214,yes,green,https://hal.science/hal-04297323/document,W4313886054,2026-08-08T00:16:47Z
10.1002/cptc.202300327,yes,hybrid,https://onlinelibrary.wiley.com/doi/pdfdirect/10.1002/cptc.202300327,W4391034798,2026-08-08T00:16:47Z
10.1002/ejic.200701136,yes,bronze,https://onlinelibrary.wiley.com/doi/pdfdirect/10.1002/ejic.200701136,W2006708354,2026-08-08T00:16:47Z
10.1002/ejic.201200857,yes,bronze,https://onlinelibrary.wiley.com/doi/pdfdirect/10.1002/ejic.201200857,W2090390305,2026-08-08T00:16:47Z
10.1002/ejic.201501250,no,closed,,W28713219,2026-08-08T00:16:47Z
10.1002/ejic.202000143,yes,green,http://wrap.warwick.ac.uk/135680/1/WRAP-ligand-field-theory-planar-complexes-first-principles-validation-critical-effects-coordination-voids-Deeth-2020.pdf,W3022605196,2026-08-08T00:16:47Z
10.1002/ejic.202000383,yes,green,https://pure.manchester.ac.uk/ws/files/170817959/EJIC_AnCb_Minireview.pdf,W3035867031,2026-08-08T00:16:47Z
10.1002/ejic.202100465,yes,hybrid,https://onlinelibrary.wiley.com/doi/pdfdirect/10.1002/ejic.202100465,W3172993499,2026-08-08T00:16:47Z
10.1002/ejic.202100524,yes,hybrid,https://onlinelibrary.wiley.com/doi/pdfdirect/10.1002/ejic.202100524,W3162021482,2026-08-08T00:16:47Z
10.1002/ejic.202200010,yes,hybrid,https://onlinelibrary.wiley.com/doi/pdfdirect/10.1002/ejic.202200010,W4210442771,2026-08-08T00:16:47Z
10.1002/ejic.202200774,yes,hybrid,https://onlinelibrary.wiley.com/doi/pdfdirect/10.1002/ejic.202200774,W4319946487,2026-08-08T00:16:47Z
10.1002/ejic.202300598,yes,bronze,https://onlinelibrary.wiley.com/doi/pdfdirect/10.1002/ejic.202300598,W4391360384,2026-08-08T00:16:47Z
10.1002/ejoc.201001636,yes,bronze,https://onlinelibrary.wiley.com/doi/pdfdirect/10.1002/ejoc.201001636,W2070705838,2026-08-08T00:16:47Z
10.1002/ejoc.202300461,yes,hybrid,https://onlinelibrary.wiley.com/doi/pdfdirect/10.1002/ejoc.202300461,W4386690317,2026-08-08T00:16:47Z
10.1002/ejtc.52,yes,bronze,https://onlinelibrary.wiley.com/doi/pdfdirect/10.1002/ejtc.52,W1983718324,2026-08-08T00:16:47Z
10.1002/hlca.202300130,yes,hybrid,https://onlinelibrary.wiley.com/doi/pdfdirect/10.1002/hlca.202300130,W4386927615,2026-08-08T00:16:47Z
10.1002/jcc.10102,yes,bronze,https://onlinelibrary.wiley.com/doi/pdfdirect/10.1002/jcc.10102,W2030991298,2026-08-08T00:16:47Z
10.1002/jcc.20483,yes,bronze,https://onlinelibrary.wiley.com/doi/pdfdirect/10.1002/jcc.20483,W2026059351,2026-08-08T00:16:47Z
10.1002/jcc.20525,no,closed,,W17109430,2026-08-08T00:16:47Z
10.1002/jcc.20807,yes,green,https://www.ncbi.nlm.nih.gov/pmc/articles/3341731,W1973403599,2026-08-08T00:16:47Z
10.1002/jcc.21611,yes,bronze,https://onlinelibrary.wiley.com/doi/pdfdirect/10.1002/jcc.21611,W2095975310,2026-08-08T00:16:47Z
10.1002/jcc.21892,yes,bronze,https://onlinelibrary.wiley.com/doi/pdfdirect/10.1002/jcc.21892,W2059207928,2026-08-08T00:16:47Z
10.1002/jcc.23856,yes,green,https://lirias.kuleuven.be/handle/123456789/487342,W2069152242,2026-08-08T00:16:47Z
10.1002/jcc.24221,no,closed,,W26561362,2026-08-08T00:16:47Z
10.1002/jcc.24260,yes,green,https://amu.hal.science/hal-02288778,W2178144556,2026-08-08T00:16:47Z
10.1002/jcc.24897,no,closed,,W2739675675,2026-08-08T00:16:47Z
10.1002/jcc.25113,yes,bronze,https://onlinelibrary.wiley.com/doi/pdfdirect/10.1002/jcc.25113,W2963701598,2026-08-08T00:16:47Z
10.1002/jcc.25150,yes,green,http://hdl.handle.net/2434/560755,W2782686502,2026-08-08T00:16:47Z
10.1002/jcc.26856,yes,hybrid,https://onlinelibrary.wiley.com/doi/pdfdirect/10.1002/jcc.26856,W4223935424,2026-08-08T00:16:47Z
10.1002/jcc.27018,yes,hybrid,https://onlinelibrary.wiley.com/doi/pdfdirect/10.1002/jcc.27018,W4311205491,2026-08-08T00:16:47Z
10.1002/jcc.27214,yes,bronze,https://onlinelibrary.wiley.com/doi/pdfdirect/10.1002/jcc.27214,W4386467121,2026-08-08T00:16:47Z
10.1002/jcc.27246,yes,bronze,https://onlinelibrary.wiley.com/doi/pdfdirect/10.1002/jcc.27246,W4388688379,2026-08-08T00:16:47Z
10.1002/jcc.27530,yes,bronze,https://onlinelibrary.wiley.com/doi/pdfdirect/10.1002/jcc.27530,W4406067796,2026-08-08T00:16:47Z
10.1002/jcc.27550,yes,hybrid,https://onlinelibrary.wiley.com/doi/pdfdirect/10.1002/jcc.27550,W4405736166,2026-08-08T00:16:47Z
10.1002/jcc.70026,yes,hybrid,https://onlinelibrary.wiley.com/doi/pdfdirect/10.1002/jcc.70026,W4408306884,2026-08-08T00:16:47Z
10.1002/jcc.70045,yes,bronze,https://onlinelibrary.wiley.com/doi/pdfdirect/10.1002/jcc.70045,W4407945420,2026-08-08T00:16:47Z
10.1002/jcc.70267,yes,hybrid,https://onlinelibrary.wiley.com/doi/pdfdirect/10.1002/jcc.70267,W4416239203,2026-08-08T00:16:47Z
10.1002/jcc.70360,yes,hybrid,https://doi.org/10.1002/jcc.70360,W7143320110,2026-08-08T00:16:47Z
10.1002/kin.20702,yes,bronze,https://onlinelibrary.wiley.com/doi/pdfdirect/10.1002/kin.20702,W2009631876,2026-08-08T00:16:47Z
10.1002/mrc.1413,yes,bronze,https://onlinelibrary.wiley.com/doi/pdfdirect/10.1002/mrc.1413,W2073689158,2026-08-08T00:16:47Z
10.1002/open.201402125,yes,gold,https://onlinelibrary.wiley.com/doi/pdfdirect/10.1002/open.201402125,W2030289480,2026-08-08T00:16:47Z
10.1002/open.202100049,yes,gold,https://doi.org/10.1002/open.202100049,W3188448476,2026-08-08T00:16:47Z
10.1002/poc.1613,yes,green,http://hdl.handle.net/2318/61498,W2000579811,2026-08-08T00:16:47Z
10.1002/poc.70035,yes,hybrid,https://onlinelibrary.wiley.com/doi/pdfdirect/10.1002/poc.70035,W4414021862,2026-08-08T00:16:47Z
10.1002/poc.972,yes,green,https://archive-ouverte.unige.ch/unige:3653,W2102466150,2026-08-08T00:16:47Z
10.1002/qua.20013,yes,bronze,https://onlinelibrary.wiley.com/doi/pdfdirect/10.1002/qua.20013,W2063270855,2026-08-08T00:16:47Z
10.1002/qua.20565,yes,bronze,https://onlinelibrary.wiley.com/doi/pdfdirect/10.1002/qua.20565,W2153913404,2026-08-08T00:16:47Z
10.1002/qua.20967,yes,bronze,https://onlinelibrary.wiley.com/doi/pdfdirect/10.1002/qua.20967,W2142276416,2026-08-08T00:16:47Z
10.1002/qua.21041,yes,bronze,https://onlinelibrary.wiley.com/doi/pdfdirect/10.1002/qua.21041,W2016813178,2026-08-08T00:16:47Z
10.1002/qua.22058,yes,bronze,https://onlinelibrary.wiley.com/doi/pdfdirect/10.1002/qua.22058,W2156284765,2026-08-08T00:16:47Z
10.1002/qua.22145,yes,bronze,https://onlinelibrary.wiley.com/doi/pdfdirect/10.1002/qua.22145,W2062520175,2026-08-08T00:16:47Z
10.1002/qua.22391,yes,bronze,https://onlinelibrary.wiley.com/doi/pdfdirect/10.1002/qua.22391,W1986158933,2026-08-08T00:16:47Z
10.1002/qua.22565,yes,green,http://doi.org/10.1002/qua.22565,W2108910610,2026-08-08T00:16:47Z
10.1002/qua.22622,yes,green,http://doi.org/10.1002/qua.22622,W2031050429,2026-08-08T00:16:47Z
10.1002/qua.24250,yes,bronze,https://onlinelibrary.wiley.com/doi/pdfdirect/10.1002/qua.24250,W2085771382,2026-08-08T00:16:47Z
10.1002/qua.24628,yes,bronze,https://onlinelibrary.wiley.com/doi/pdfdirect/10.1002/qua.24628,W2082194125,2026-08-08T00:16:47Z
10.1002/qua.24933,yes,hybrid,https://doi.org/10.1002/qua.24933,W2011708192,2026-08-08T00:16:47Z
10.1002/qua.25983,yes,green,https://arxiv.org/pdf/1904.12971,W2943222633,2026-08-08T00:16:47Z
10.1002/qua.26132,yes,bronze,https://onlinelibrary.wiley.com/doi/pdfdirect/10.1002/qua.26132,W2963416637,2026-08-08T00:16:47Z
10.1002/qua.26254,yes,green,https://www.osti.gov/servlets/purl/1802141,W3019275772,2026-08-08T00:16:47Z
10.1002/qua.26454,yes,hybrid,https://onlinelibrary.wiley.com/doi/pdfdirect/10.1002/qua.26454,W3092159548,2026-08-08T00:16:47Z
10.1002/qua.26559,yes,hybrid,https://doi.org/10.1002/qua.26559,W3109966170,2026-08-08T00:16:47Z
10.1002/qua.26995,yes,hybrid,https://onlinelibrary.wiley.com/doi/pdfdirect/10.1002/qua.26995,W4292266449,2026-08-08T00:16:47Z
10.1002/qua.27257,yes,bronze,https://onlinelibrary.wiley.com/doi/pdfdirect/10.1002/qua.27257,W4387974050,2026-08-08T00:16:47Z
10.1002/qua.27367,yes,bronze,https://onlinelibrary.wiley.com/doi/pdfdirect/10.1002/qua.27367,W4393233183,2026-08-08T00:16:47Z
10.1002/smll.202412283,yes,bronze,https://onlinelibrary.wiley.com/doi/pdfdirect/10.1002/smll.202412283,W4407808071,2026-08-08T00:16:47Z
10.1002/vjch.202300355,yes,gold,https://onlinelibrary.wiley.com/doi/pdfdirect/10.1002/vjch.202300355,W4392390594,2026-08-08T00:16:47Z
10.1002/vjch.70062,yes,gold,https://doi.org/10.1002/vjch.70062,W4413366155,2026-08-08T00:16:47Z
10.1002/wcms.1675,yes,hybrid,https://onlinelibrary.wiley.com/doi/pdfdirect/10.1002/wcms.1675,W4379796885,2026-08-08T00:16:47Z
10.1002/zaac.201900288,yes,hybrid,https://onlinelibrary.wiley.com/doi/pdfdirect/10.1002/zaac.201900288,W3005788843,2026-08-08T00:16:47Z
10.1007/978-3-031-31038-6_5,yes,green,https://hal.science/hal-03761147v1/document,W4293147412,2026-08-08T00:16:47Z
10.1007/s00214-007-0272-z,yes,bronze,https://link.springer.com/content/pdf/10.1007/s00214-007-0272-z.pdf,W2153804762,2026-08-08T00:16:47Z
10.1007/s00214-010-0726-6,yes,green,http://dx.doi.org/10.1007/s00214-010-0726-6,W1997682199,2026-08-08T00:16:47Z
10.1007/s00214-011-0894-z,yes,green,http://hdl.handle.net/10486/7354,W2047405638,2026-08-08T00:16:47Z
10.1007/s00214-021-02746-9,yes,hybrid,https://link.springer.com/content/pdf/10.1007/s00214-021-02746-9.pdf,W3163647550,2026-08-08T00:16:47Z
10.1007/s00214-023-03064-y,yes,hybrid,https://link.springer.com/content/pdf/10.1007/s00214-023-03064-y.pdf,W4388624885,2026-08-08T00:16:47Z
10.1007/s00214-026-03274-0,yes,hybrid,https://link.springer.com/content/pdf/10.1007/s00214-026-03274-0.pdf,W7127637267,2026-08-08T00:16:47Z
10.1007/s002140050246,yes,green,https://archive-ouverte.unige.ch/unige:2950,W1499443070,2026-08-08T00:16:47Z
10.1007/s00894-011-1283-1,yes,green,http://americanae.aecid.es/americanae/es/registros/registro.do?tipoRegistro=MTD&idBib=3308034,W2028835978,2026-08-08T00:16:47Z
10.1007/s00894-024-05881-9,yes,hybrid,https://link.springer.com/content/pdf/10.1007/s00894-024-05881-9.pdf,W4392978793,2026-08-08T00:16:47Z
10.1007/s11224-019-01407-9,yes,hybrid,https://link.springer.com/content/pdf/10.1007/s11224-019-01407-9.pdf,W2969509515,2026-08-08T00:16:47Z
10.1007/s11426-006-0289-5,no,closed,,W2148929260,2026-08-08T00:16:47Z
10.1016/0009-2614(91)87121-q,yes,green,https://ntrs.nasa.gov/api/citations/19920017296/downloads/19920017296.pdf,W2056528709,2026-08-08T00:16:47Z
10.1016/0166-1280(94)03888-r,yes,hybrid,https://www.sciencedirect.com/science/article/pii/016612809403888R/pdf,W2070467709,2026-08-08T00:16:47Z
10.1016/j.chemphys.2004.01.017,yes,green,https://ruj.uj.edu.pl/xmlui/handle/item/130702,W2060789838,2026-08-08T00:16:47Z
10.1016/j.chemphys.2012.01.009,yes,green,http://dx.doi.org/10.1016/j.chemphys.2012.01.009,W1994189865,2026-08-08T00:16:47Z
10.1016/j.chemphys.2014.05.012,yes,green,http://urn.kb.se/resolve?urn=urn:nbn:se:uu:diva-229702,W2064983470,2026-08-08T00:16:47Z
10.1016/j.chemphys.2015.04.007,yes,green,http://uvadoc.uva.es/handle/10324/21478,W2021415100,2026-08-08T00:16:47Z
10.1016/j.chemphys.2016.10.003,yes,green,https://arxiv.org/pdf/1610.04436,W2527705372,2026-08-08T00:16:47Z
10.1016/j.chemphys.2018.04.020,yes,green,https://discovery.ucl.ac.uk/10053414/1/article.pdf,W2799775759,2026-08-08T00:16:47Z
10.1016/j.chemphys.2018.06.017,yes,green,https://discovery.ucl.ac.uk/10053415/1/paper.pdf,W2809841053,2026-08-08T00:16:47Z
10.1016/j.chemphys.2021.111226,yes,bronze,https://www.sciencedirect.com/science/article/pii/S0301010421001373,W3157421356,2026-08-08T00:16:47Z
10.1016/j.combustflame.2025.114232,yes,hybrid,https://doi.org/10.1016/j.combustflame.2025.114232,W4410554926,2026-08-08T00:16:47Z
10.1016/j.combustflame.2026.115037,yes,hybrid,https://doi.org/10.1016/j.combustflame.2026.115037,W7160596091,2026-08-08T00:16:47Z
10.1016/j.comptc.2019.01.026,yes,green,https://arxiv.org/pdf/1901.07501,W2913667368,2026-08-08T00:16:47Z
10.1016/j.comptc.2024.114744,yes,hybrid,https://doi.org/10.1016/j.comptc.2024.114744,W4400320994,2026-08-08T00:16:47Z
10.1016/j.cplett.2004.03.026,yes,green,https://ruj.uj.edu.pl/xmlui/handle/item/130707,W1984166883,2026-08-08T00:16:47Z
10.1016/j.cplett.2005.08.024,yes,green,https://dspace.library.uu.nl/handle/1874/25897,W1997812807,2026-08-08T00:16:47Z
10.1016/j.cplett.2006.04.073,yes,bronze,https://ars.els-cdn.com/content/image/1-s2.0-S0009261406004829-fx1.jpg,W1987851947,2026-08-08T00:16:47Z
10.1016/j.cplett.2010.01.026,yes,green,https://research.rug.nl/en/publications/0f90c46b-b01a-4073-a6b4-a0794120bdd4,W2156819210,2026-08-08T00:16:47Z
10.1016/j.cplett.2011.12.021,yes,green,http://dx.doi.org/10.1016/j.cplett.2011.12.021,W2058084523,2026-08-08T00:16:47Z
10.1016/j.cplett.2012.06.011,yes,green,https://arxiv.org/pdf/1206.1304,W1767664413,2026-08-08T00:16:47Z
10.1016/j.cplett.2017.01.013,yes,hybrid,https://doi.org/10.1016/j.cplett.2017.01.013,W2571067588,2026-08-08T00:16:47Z
10.1016/j.cplett.2017.03.007,yes,hybrid,https://www.sciencedirect.com/science/article/pii/S0009261417302191/pdf,W2592838325,2026-08-08T00:16:47Z
10.1016/j.cplett.2017.03.074,yes,green,http://americanae.aecid.es/americanae/es/registros/registro.do?tipoRegistro=MTD&idBib=3268977,W2597440433,2026-08-08T00:16:47Z
10.1016/j.cplett.2017.05.061,yes,hybrid,https://doi.org/10.1016/j.cplett.2017.05.061,W2624114553,2026-08-08T00:16:47Z
10.1016/j.cplett.2019.03.004,yes,hybrid,https://doi.org/10.1016/j.cplett.2019.03.004,W2920386459,2026-08-08T00:16:47Z
10.1016/j.cplett.2020.137706,yes,hybrid,https://doi.org/10.1016/j.cplett.2020.137706,W3035037872,2026-08-08T00:16:47Z
10.1016/j.cplett.2021.138514,yes,hybrid,https://doi.org/10.1016/j.cplett.2021.138514,W3133614479,2026-08-08T00:16:47Z
10.1016/j.cplett.2025.142096,yes,hybrid,https://doi.org/10.1016/j.cplett.2025.142096,W4409838689,2026-08-08T00:16:47Z
10.1016/j.cplett.2025.142281,yes,hybrid,https://doi.org/10.1016/j.cplett.2025.142281,W4412490321,2026-08-08T00:16:47Z
10.1016/j.dyepig.2019.107705,yes,green,https://nagasaki-u.repo.nii.ac.jp/records/222,W2962215922,2026-08-08T00:16:47Z
10.1016/j.ica.2021.120524,yes,green,https://figshare.com/articles/journal_contribution/Synthesis_of_heptanuclear_Ni4Dy3_coordination_aggregate_using_tridentate_ligand_X-ray_structure_magnetism_and_theoretical_studies/16615987,W3177508800,2026-08-08T00:16:47Z
10.1016/j.ica.2025.123037,yes,hybrid,https://doi.org/10.1016/j.ica.2025.123037,W4417211069,2026-08-08T00:16:47Z
10.1016/j.jlumin.2013.08.066,no,closed,,W1556613987,2026-08-08T00:16:47Z
10.1016/j.jlumin.2018.02.066,yes,hybrid,https://doi.org/10.1016/j.jlumin.2018.02.066,W2795323846,2026-08-08T00:16:47Z
10.1016/j.jlumin.2021.118700,no,closed,,W4200014026,2026-08-08T00:16:47Z
10.1016/j.jms.2012.12.005,yes,green,http://dx.doi.org/10.1016/j.jms.2012.12.005,W2026642233,2026-08-08T00:16:47Z
10.1016/j.jms.2024.111902,yes,hybrid,https://doi.org/10.1016/j.jms.2024.111902,W4393320699,2026-08-08T00:16:47Z
10.1016/j.jphotochem.2021.113140,yes,green,https://nagasaki-u.repo.nii.ac.jp/records/26304,W3121117582,2026-08-08T00:16:47Z
10.1016/j.mtchem.2023.101489,yes,hybrid,https://ars.els-cdn.com/content/image/1-s2.0-S2468519423001167-ga1_lrg.jpg,W4365152530,2026-08-08T00:16:47Z
10.1016/j.omx.2022.100188,yes,gold,https://www.sciencedirect.com/science/article/pii/S2590147822000523/pdf,W4297361076,2026-08-08T00:16:47Z
10.1016/j.poly.2019.114257,yes,green,https://www.osti.gov/biblio/1777624,W2991811976,2026-08-08T00:16:47Z
10.1016/j.procs.2014.05.125,yes,diamond,https://www.sciencedirect.com/science/article/pii/S1877050914003020/pdf,W2085321209,2026-08-08T00:16:47Z
10.1016/j.saa.2019.117578,yes,hybrid,https://doi.org/10.1016/j.saa.2019.117578,W2979387010,2026-08-08T00:16:47Z
10.1016/j.ssi.2006.12.005,no,closed,,W2036148392,2026-08-08T00:16:47Z
10.1016/j.susc.2015.06.018,yes,hybrid,https://doi.org/10.1016/j.susc.2015.06.018,W1176755638,2026-08-08T00:16:47Z
10.1016/j.tet.2025.134583,yes,hybrid,https://doi.org/10.1016/j.tet.2025.134583,W4408388082,2026-08-08T00:16:47Z
10.1016/j.theochem.2006.02.013,yes,green,https://www.ncbi.nlm.nih.gov/pmc/articles/1993802,W2078026932,2026-08-08T00:16:47Z
10.1016/s0009-2614(00)01218-5,yes,bronze,https://www.sciencedirect.com/science/article/pii/S0009261400012185,W2131705378,2026-08-08T00:16:47Z
10.1016/s0009-2614(00)01447-0,yes,bronze,https://www.sciencedirect.com/science/article/pii/S0009261400014470,W1995927525,2026-08-08T00:16:47Z
10.1016/s0009-2614(02)00429-3,yes,green,https://estudogeral.uc.pt/bitstream/10316/5190/1/file3f7162e2029b4d559d4b534b22fc8d86.pdf,W2073777490,2026-08-08T00:16:47Z
10.1016/s0009-2614(99)00711-3,yes,green,http://hdl.handle.net/11858/00-001M-0000-0012-FA58-E,W2069788998,2026-08-08T00:16:47Z
10.1016/s0301-0104(02)00966-7,yes,green,,W1975937059,2026-08-08T00:16:47Z
10.1016/s0301-0104(96)00216-9,yes,green,https://archive-ouverte.unige.ch/unige:2814,W2509256517,2026-08-08T00:16:47Z
10.1016/s1387-1811(99)00267-x,yes,green,http://dspace.library.uu.nl:8080/handle/1874/21160,W1976066497,2026-08-08T00:16:47Z
10.1021/acs.cgd.2c01234,yes,green,https://hal.science/hal-03972925v1/document,W4316653938,2026-08-08T00:16:47Z
10.1021/acs.cgd.2c01388,yes,green,https://hal.science/hal-04240431/document,W4322492721,2026-08-08T00:16:47Z
10.1021/acs.cgd.5c00037,yes,bronze,https://pubs.acs.org/doi/pdf/10.1021/acs.cgd.5c00037,W4410510559,2026-08-08T00:16:47Z
10.1021/acs.cgd.5c00236,no,closed,,W4412961281,2026-08-08T00:16:47Z
10.1021/acs.cgd.5c00337,no,closed,,W4410603616,2026-08-08T00:16:47Z
10.1021/acs.cgd.5c01058,no,closed,,W4415606929,2026-08-08T00:16:47Z
10.1021/acs.cgd.6c00297,yes,hybrid,https://pubs.acs.org/doi/pdf/10.1021/acs.cgd.6c00297?ref=article_openPDF,W7161699461,2026-08-08T00:16:47Z
10.1021/acs.cgd.9b01150,yes,green,https://univ-angers.hal.science/hal-02913398,W3001267591,2026-08-08T00:16:47Z
10.1021/acs.inorgchem.0c02956,yes,hybrid,https://pubs.acs.org/doi/pdf/10.1021/acs.inorgchem.0c02956,W3112600109,2026-08-08T00:16:47Z
10.1021/acs.inorgchem.1c01519,yes,green,https://pmc.ncbi.nlm.nih.gov/articles/PMC10078988/pdf/nihms-1876421.pdf,W4200567221,2026-08-08T00:16:47Z
10.1021/acs.inorgchem.1c01860,yes,green,https://www.ncbi.nlm.nih.gov/pmc/articles/9106389,W3194321579,2026-08-08T00:16:47Z
10.1021/acs.inorgchem.1c02374,yes,green,https://www.osti.gov/servlets/purl/2479712,W3212917821,2026-08-08T00:16:47Z
10.1021/acs.inorgchem.1c02413,yes,green,https://researchportal.bath.ac.uk/en/publications/e9939432-53d1-4eb1-8f74-6da3843849b6,W4206142808,2026-08-08T00:16:47Z
10.1021/acs.inorgchem.1c03005,yes,green,https://www.osti.gov/servlets/purl/1993578,W4225793172,2026-08-08T00:16:47Z
10.1021/acs.inorgchem.1c03011,yes,hybrid,https://doi.org/10.1021/acs.inorgchem.1c03011,W4200552429,2026-08-08T00:16:47Z
10.1021/acs.inorgchem.2c00065,yes,green,https://flore.unifi.it/bitstream/2158/1295871/1/acs.inorgchem.2c00065.pdf,W4221087017,2026-08-08T00:16:47Z
10.1021/acs.inorgchem.2c02903,yes,green,https://www.osti.gov/servlets/purl/1908159,W4313488971,2026-08-08T00:16:47Z
10.1021/acs.inorgchem.2c03716,yes,green,https://www.osti.gov/servlets/purl/2928632,W4313453252,2026-08-08T00:16:47Z
10.1021/acs.inorgchem.3c00536,yes,green,https://cea.hal.science/cea-04146130v1/file/Article_MS2-V6.pdf,W4382198385,2026-08-08T00:16:47Z
10.1021/acs.inorgchem.3c01068,yes,green,https://pmc.ncbi.nlm.nih.gov/articles/PMC11071007/pdf/nihms-1980647.pdf,W4383711329,2026-08-08T00:16:47Z
10.1021/acs.inorgchem.3c01779,yes,green,https://www.osti.gov/servlets/purl/2228841,W4385933044,2026-08-08T00:16:47Z
10.1021/acs.inorgchem.3c01959,yes,hybrid,https://doi.org/10.1021/acs.inorgchem.3c01959,W4386019501,2026-08-08T00:16:47Z
10.1021/acs.inorgchem.3c02916,yes,hybrid,https://pubs.acs.org/doi/pdf/10.1021/acs.inorgchem.3c02916,W4387440665,2026-08-08T00:16:47Z
10.1021/acs.inorgchem.3c03236,yes,green,https://pmc.ncbi.nlm.nih.gov/articles/PMC12183555/pdf/nihms-2004766.pdf,W4391138715,2026-08-08T00:16:47Z
10.1021/acs.inorgchem.3c03813,yes,hybrid,https://pubs.acs.org/doi/pdf/10.1021/acs.inorgchem.3c03813?ref=article_openPDF,W4390706623,2026-08-08T00:16:47Z
10.1021/acs.inorgchem.4c00435,yes,hybrid,https://pubs.acs.org/doi/pdf/10.1021/acs.inorgchem.4c00435,W4394568875,2026-08-08T00:16:47Z
10.1021/acs.inorgchem.4c00731,yes,hybrid,https://pubs.acs.org/doi/pdf/10.1021/acs.inorgchem.4c00731,W4396861216,2026-08-08T00:16:47Z
10.1021/acs.inorgchem.4c01901,yes,hybrid,https://pubs.acs.org/doi/pdf/10.1021/acs.inorgchem.4c01901?ref=article_openPDF,W4402117967,2026-08-08T00:16:47Z
10.1021/acs.inorgchem.4c02752,yes,hybrid,https://pubs.acs.org/doi/pdf/10.1021/acs.inorgchem.4c02752?ref=article_openPDF,W4403300641,2026-08-08T00:16:47Z
10.1021/acs.inorgchem.4c03281,yes,hybrid,https://doi.org/10.1021/acs.inorgchem.4c03281,W4404259386,2026-08-08T00:16:47Z
10.1021/acs.inorgchem.4c03924,yes,hybrid,https://pubs.acs.org/doi/pdf/10.1021/acs.inorgchem.4c03924?ref=article_openPDF,W4408706920,2026-08-08T00:16:47Z
10.1021/acs.inorgchem.4c04570,yes,bronze,https://pubs.acs.org/doi/pdf/10.1021/acs.inorgchem.4c04570,W4407561967,2026-08-08T00:16:47Z
10.1021/acs.inorgchem.5b01033,yes,green,https://research-repository.st-andrews.ac.uk/bitstream/10023/9058/1/Woolllins_2015_IC_Synthesis_AM.pdf,W2411007054,2026-08-08T00:16:47Z
10.1021/acs.inorgchem.5b01505,yes,green,https://www.osti.gov/servlets/purl/1224166,W2267960904,2026-08-08T00:16:47Z
10.1021/acs.inorgchem.5b02920,yes,green,https://lirias.kuleuven.be/handle/123456789/534146,W2285730778,2026-08-08T00:16:47Z
10.1021/acs.inorgchem.5c01823,no,closed,,W4412203161,2026-08-08T00:16:47Z
10.1021/acs.inorgchem.5c02059,yes,hybrid,https://pubs.acs.org/doi/pdf/10.1021/acs.inorgchem.5c02059?ref=article_openPDF,W4412656643,2026-08-08T00:16:47Z
10.1021/acs.inorgchem.5c02481,no,closed,,W4413849878,2026-08-08T00:16:47Z
10.1021/acs.inorgchem.5c02893,no,closed,,W4415982472,2026-08-08T00:16:47Z
10.1021/acs.inorgchem.5c02908,yes,hybrid,https://pubs.acs.org/doi/pdf/10.1021/acs.inorgchem.5c02908?ref=article_openPDF,W4414921104,2026-08-08T00:16:47Z
10.1021/acs.inorgchem.5c03327,no,closed,,W4413005179,2026-08-08T00:16:47Z
10.1021/acs.inorgchem.5c03532,no,closed,,W4415341061,2026-08-08T00:16:47Z
10.1021/acs.inorgchem.5c03729,yes,hybrid,https://pubs.acs.org/doi/pdf/10.1021/acs.inorgchem.5c03729?ref=article_openPDF,W4416326662,2026-08-08T00:16:47Z
10.1021/acs.inorgchem.5c03903,no,closed,,W4417274606,2026-08-08T00:16:47Z
10.1021/acs.inorgchem.5c03929,no,closed,,W4414553927,2026-08-08T00:16:47Z
10.1021/acs.inorgchem.5c03943,no,closed,,W4416178400,2026-08-08T00:16:47Z
10.1021/acs.inorgchem.5c05241,no,closed,,W7128546380,2026-08-08T00:16:47Z
10.1021/acs.inorgchem.6b01544,yes,green,https://www.osti.gov/biblio/1341566,W2560769476,2026-08-08T00:16:47Z
10.1021/acs.inorgchem.6b02291,yes,green,https://eprints.soton.ac.uk/407464/1/PARASHIFTProbes_revised.pdf,W2593530371,2026-08-08T00:16:47Z
10.1021/acs.inorgchem.6b02720,yes,green,https://e-space.mmu.ac.uk/618278/3/Manuscript_Co2Ln2_KRV%20ksm%20a_SL%20FINAL%20%281%29.pdf,W2589029542,2026-08-08T00:16:47Z
10.1021/acs.inorgchem.6b02952,yes,green,https://univ-rennes.hal.science/hal-01544247,W2617338100,2026-08-08T00:16:47Z
10.1021/acs.inorgchem.6c01030,no,closed,,W7163070452,2026-08-08T00:16:47Z
10.1021/acs.inorgchem.7b00512,yes,green,https://www.osti.gov/servlets/purl/1348217,W2604587228,2026-08-08T00:16:47Z
10.1021/acs.inorgchem.7b00664,yes,hybrid,https://pubs.acs.org/doi/pdf/10.1021/acs.inorgchem.7b00664,W2608024895,2026-08-08T00:16:47Z
10.1021/acs.inorgchem.7b00701,yes,green,https://diposit.ub.edu/dspace/bitstream/2445/142918/1/673807.pdf,W2735840947,2026-08-08T00:16:47Z
10.1021/acs.inorgchem.7b00877,yes,green,https://diposit.ub.edu/dspace/bitstream/2445/154604/1/673808.pdf,W2644611874,2026-08-08T00:16:47Z
10.1021/acs.inorgchem.7b02608,yes,green,https://e-space.mmu.ac.uk/619918/1/Revision_Mn3Ln2_IC_KRV%20ksm_8th%20dec.pdf,W2782108131,2026-08-08T00:16:47Z
10.1021/acs.inorgchem.8b00427,yes,green,https://diposit.ub.edu/dspace/bitstream/2445/154822/1/681814.pdf,W2803762822,2026-08-08T00:16:47Z
10.1021/acs.inorgchem.8b01450,yes,green,https://www.osti.gov/biblio/1631597,W2884186545,2026-08-08T00:16:47Z
10.1021/acs.inorgchem.8b01688,yes,green,https://diposit.ub.edu/dspace/bitstream/2445/154825/1/685745.pdf,W2898546387,2026-08-08T00:16:47Z
10.1021/acs.inorgchem.8b02278,yes,green,https://hdl.handle.net/20.500.12733/1664443,W2901166646,2026-08-08T00:16:47Z
10.1021/acs.inorgchem.8b02700,yes,green,https://www.osti.gov/servlets/purl/1566500,W2901992149,2026-08-08T00:16:47Z
10.1021/acs.inorgchem.8b02800,yes,green,https://www.osti.gov/servlets/purl/1566502,W2905378067,2026-08-08T00:16:47Z
10.1021/acs.inorgchem.8b02830,yes,green,https://univ-rennes.hal.science/hal-01976516,W2904291814,2026-08-08T00:16:47Z
10.1021/acs.inorgchem.8b03566,yes,green,https://www.osti.gov/biblio/1566507,W2916091728,2026-08-08T00:16:47Z
10.1021/acs.inorgchem.9b00437,yes,green,http://hdl.handle.net/10017/38390,W2932621127,2026-08-08T00:16:47Z
10.1021/acs.inorgchem.9b00864,yes,green,https://univ-rennes.hal.science/hal-02280836,W2965167068,2026-08-08T00:16:47Z
10.1021/acs.inorgchem.9b02096,yes,green,https://arxiv.org/pdf/1906.03157,W2981148536,2026-08-08T00:16:47Z
10.1021/acs.inorgchem.9b02195,yes,hybrid,https://doi.org/10.1021/acs.inorgchem.9b02195,W2991612980,2026-08-08T00:16:47Z
10.1021/acs.inorgchem.9b02432,yes,green,https://www.ncbi.nlm.nih.gov/pmc/articles/6956612,W2991329123,2026-08-08T00:16:47Z
10.1021/acs.jcim.9b00615,yes,green,https://www.ncbi.nlm.nih.gov/pmc/articles/7101466,W2999223469,2026-08-08T00:16:47Z
10.1021/acs.jctc.0c00341,yes,green,https://www.osti.gov/biblio/1808600,W3094235544,2026-08-08T00:16:47Z
10.1021/acs.jctc.0c00470,yes,hybrid,https://pubs.acs.org/doi/pdf/10.1021/acs.jctc.0c00470,W3045841699,2026-08-08T00:16:47Z
10.1021/acs.jctc.0c00613,yes,green,https://arxiv.org/pdf/2004.04205,W3015435412,2026-08-08T00:16:47Z
10.1021/acs.jctc.0c00681,yes,hybrid,https://pubs.acs.org/doi/pdf/10.1021/acs.jctc.0c00681,W3081621137,2026-08-08T00:16:47Z
10.1021/acs.jctc.0c01191,yes,green,https://arxiv.org/pdf/2011.06040,W3105279903,2026-08-08T00:16:47Z
10.1021/acs.jctc.1c00327,yes,hybrid,https://doi.org/10.1021/acs.jctc.1c00327,W3140850877,2026-08-08T00:16:47Z
10.1021/acs.jctc.1c00344,yes,hybrid,https://pubs.acs.org/doi/pdf/10.1021/acs.jctc.1c00344,W3155252210,2026-08-08T00:16:47Z
10.1021/acs.jctc.1c00566,yes,hybrid,https://pubs.acs.org/doi/pdf/10.1021/acs.jctc.1c00566,W4206978999,2026-08-08T00:16:47Z
10.1021/acs.jctc.1c00589,yes,green,http://europepmc.org/pmc/articles/PMC8444347,W3197343847,2026-08-08T00:16:47Z
10.1021/acs.jctc.1c00830,yes,green,https://arxiv.org/pdf/2105.01754,W4205703165,2026-08-08T00:16:47Z
10.1021/acs.jctc.1c00915,yes,green,https://www.osti.gov/servlets/purl/1962827,W3211972474,2026-08-08T00:16:47Z
10.1021/acs.jctc.1c01048,yes,green,https://www.osti.gov/servlets/purl/1962830,W4226357349,2026-08-08T00:16:47Z
10.1021/acs.jctc.1c01115,yes,green,https://www.osti.gov/servlets/purl/1875663,W4221104479,2026-08-08T00:16:47Z
10.1021/acs.jctc.2c00059,yes,hybrid,https://doi.org/10.1021/acs.jctc.2c00059,W4229027103,2026-08-08T00:16:47Z
10.1021/acs.jctc.2c00194,yes,green,https://www.osti.gov/servlets/purl/2478533,W4280545479,2026-08-08T00:16:47Z
10.1021/acs.jctc.2c00221,yes,hybrid,https://doi.org/10.1021/acs.jctc.2c00221,W4280645434,2026-08-08T00:16:47Z
10.1021/acs.jctc.2c00302,yes,green,https://hdl.handle.net/10550/104893,W4295512296,2026-08-08T00:16:47Z
10.1021/acs.jctc.2c00368,yes,hybrid,https://pubs.acs.org/doi/pdf/10.1021/acs.jctc.2c00368,W4287378460,2026-08-08T00:16:47Z
10.1021/acs.jctc.2c01316,no,closed,,W4384924163,2026-08-08T00:16:47Z
10.1021/acs.jctc.3c00123,yes,hybrid,https://pubs.acs.org/doi/pdf/10.1021/acs.jctc.3c00123,W4367174413,2026-08-08T00:16:47Z
10.1021/acs.jctc.3c00137,yes,hybrid,https://doi.org/10.1021/acs.jctc.3c00137,W4362457883,2026-08-08T00:16:47Z
10.1021/acs.jctc.3c00175,no,closed,,W4378974680,2026-08-08T00:16:47Z
10.1021/acs.jctc.3c00393,yes,hybrid,https://pubs.acs.org/doi/pdf/10.1021/acs.jctc.3c00393,W4383896191,2026-08-08T00:16:47Z
10.1021/acs.jctc.3c00577,yes,hybrid,https://pubs.acs.org/doi/pdf/10.1021/acs.jctc.3c00577,W4387949145,2026-08-08T00:16:47Z
10.1021/acs.jctc.3c00879,yes,green,https://hal.science/hal-04291568/document,W4388500375,2026-08-08T00:16:47Z
10.1021/acs.jctc.3c00908,yes,hybrid,https://pubs.acs.org/doi/pdf/10.1021/acs.jctc.3c00908,W4388485122,2026-08-08T00:16:47Z
10.1021/acs.jctc.3c01375,no,closed,,W4399073243,2026-08-08T00:16:47Z
10.1021/acs.jctc.4c00092,yes,hybrid,https://pubs.acs.org/doi/pdf/10.1021/acs.jctc.4c00092,W4393928422,2026-08-08T00:16:47Z
10.1021/acs.jctc.4c00212,yes,hybrid,https://pubs.acs.org/doi/pdf/10.1021/acs.jctc.4c00212,W4399433893,2026-08-08T00:16:47Z
10.1021/acs.jctc.4c00388,yes,green,https://arxiv.org/pdf/2403.17836,W4393248043,2026-08-08T00:16:47Z
10.1021/acs.jctc.4c00468,yes,green,https://arxiv.org/pdf/2404.06189,W4394709454,2026-08-08T00:16:47Z
10.1021/acs.jctc.4c00578,yes,hybrid,https://pubs.acs.org/doi/pdf/10.1021/acs.jctc.4c00578,W4401413916,2026-08-08T00:16:47Z
10.1021/acs.jctc.4c00623,yes,green,https://escholarship.org/content/qt0766r05r/qt0766r05r.pdf?t=sicwe5,W4401210100,2026-08-08T00:16:47Z
10.1021/acs.jctc.4c00855,yes,green,https://hal.science/hal-05288272/document,W4402234729,2026-08-08T00:16:47Z
10.1021/acs.jctc.4c01125,yes,green,https://ricerca.sns.it/bitstream/11384/148923/1/JCTC_CASSCF_FQ-8.pdf,W4404327395,2026-08-08T00:16:47Z
10.1021/acs.jctc.4c01462,yes,hybrid,https://pubs.acs.org/doi/pdf/10.1021/acs.jctc.4c01462?ref=article_openPDF,W4406526110,2026-08-08T00:16:47Z
10.1021/acs.jctc.4c01473,no,closed,,W4406485972,2026-08-08T00:16:47Z
10.1021/acs.jctc.4c01696,yes,hybrid,https://pubs.acs.org/doi/pdf/10.1021/acs.jctc.4c01696?ref=article_openPDF,W4408349284,2026-08-08T00:16:47Z
10.1021/acs.jctc.4c01735,yes,hybrid,https://pubs.acs.org/doi/pdf/10.1021/acs.jctc.4c01735?ref=article_openPDF,W4409169696,2026-08-08T00:16:47Z
10.1021/acs.jctc.5b00429,yes,green,https://arxiv.org/pdf/1505.02346,W2301680452,2026-08-08T00:16:47Z
10.1021/acs.jctc.5b00754,yes,green,https://arxiv.org/pdf/1508.01461,W2201791752,2026-08-08T00:16:47Z
10.1021/acs.jctc.5b00861,yes,hybrid,https://pubs.acs.org/doi/pdf/10.1021/acs.jctc.5b00861,W2323292453,2026-08-08T00:16:47Z
10.1021/acs.jctc.5b00894,yes,hybrid,https://doi.org/10.1021/acs.jctc.5b00894,W2228357487,2026-08-08T00:16:47Z
10.1021/acs.jctc.5b01225,yes,green,https://arxiv.org/pdf/1512.08137,W2279035142,2026-08-08T00:16:47Z
10.1021/acs.jctc.5c00190,no,closed,,W4410496829,2026-08-08T00:16:47Z
10.1021/acs.jctc.5c00519,yes,hybrid,https://pubs.acs.org/doi/pdf/10.1021/acs.jctc.5c00519?ref=article_openPDF,W4412068435,2026-08-08T00:16:47Z
10.1021/acs.jctc.5c00582,yes,hybrid,https://pubs.acs.org/doi/pdf/10.1021/acs.jctc.5c00582,W4410804144,2026-08-08T00:16:47Z
10.1021/acs.jctc.5c00899,yes,green,https://arxiv.org/pdf/2506.03304,W4413257160,2026-08-08T00:16:47Z
10.1021/acs.jctc.5c01276,yes,hybrid,https://pubs.acs.org/doi/pdf/10.1021/acs.jctc.5c01276?ref=article_openPDF,W7117361644,2026-08-08T00:16:47Z
10.1021/acs.jctc.5c01321,no,closed,,W4415705632,2026-08-08T00:16:47Z
10.1021/acs.jctc.5c01327,yes,hybrid,https://pubs.acs.org/doi/pdf/10.1021/acs.jctc.5c01327?ref=article_openPDF,W4416508563,2026-08-08T00:16:47Z
10.1021/acs.jctc.5c01336,no,closed,,W4414624827,2026-08-08T00:16:47Z
10.1021/acs.jctc.5c01411,no,closed,,W4415583672,2026-08-08T00:16:47Z
10.1021/acs.jctc.5c01695,yes,hybrid,https://pubs.acs.org/doi/pdf/10.1021/acs.jctc.5c01695?ref=article_openPDF,W7125243526,2026-08-08T00:16:47Z
10.1021/acs.jctc.5c02119,yes,hybrid,https://pubs.acs.org/doi/pdf/10.1021/acs.jctc.5c02119?ref=article_openPDF,W7130513207,2026-08-08T00:16:47Z
10.1021/acs.jctc.6b00609,yes,green,https://pubs.acs.org/doi/10.1021/acs.jctc.6b00609,W2496860491,2026-08-08T00:16:47Z
10.1021/acs.jctc.6b00646,yes,green,https://arxiv.org/pdf/1606.08032,W2463145035,2026-08-08T00:16:47Z
10.1021/acs.jctc.6b00778,yes,hybrid,https://doi.org/10.1021/acs.jctc.6b00778,W2520021794,2026-08-08T00:16:47Z
10.1021/acs.jctc.6b00915,yes,green,https://amu.hal.science/hal-02288755,W2562164133,2026-08-08T00:16:47Z
10.1021/acs.jctc.6b01149,yes,hybrid,https://doi.org/10.1021/acs.jctc.6b01149,W2607948809,2026-08-08T00:16:47Z
10.1021/acs.jctc.7b00379,yes,green,https://arxiv.org/pdf/1709.08052,W2745011718,2026-08-08T00:16:47Z
10.1021/acs.jctc.7b00505,yes,green,https://arxiv.org/pdf/1807.08992,W2741376790,2026-08-08T00:16:47Z
10.1021/acs.jctc.7b00735,yes,hybrid,https://doi.org/10.1021/acs.jctc.7b00735,W2753141982,2026-08-08T00:16:47Z
10.1021/acs.jctc.7b00900,yes,hybrid,https://pubs.acs.org/doi/pdf/10.1021/acs.jctc.7b00900,W2746979517,2026-08-08T00:16:47Z
10.1021/acs.jctc.7b00989,yes,green,https://www.osti.gov/biblio/1468299,W2788141143,2026-08-08T00:16:47Z
10.1021/acs.jctc.7b01035,yes,green,https://researchportal.bath.ac.uk/en/publications/52f332f3-0782-4c0b-a653-dd3364c8df31,W2772758820,2026-08-08T00:16:47Z
10.1021/acs.jctc.7b01072,yes,green,https://arxiv.org/pdf/1802.03134,W2787215940,2026-08-08T00:16:47Z
10.1021/acs.jctc.8b00022,yes,green,https://arxiv.org/pdf/1801.01057,W2782019714,2026-08-08T00:16:47Z
10.1021/acs.jctc.8b00050,yes,green,https://lirias.kuleuven.be/handle/123456789/648589,W2803324132,2026-08-08T00:16:47Z
10.1021/acs.jctc.8b00613,yes,green,https://arxiv.org/pdf/1806.09166,W2811226563,2026-08-08T00:16:47Z
10.1021/acs.jctc.8b00910,yes,green,https://arxiv.org/pdf/1809.02151,W2890466838,2026-08-08T00:16:47Z
10.1021/acs.jctc.8b00969,yes,hybrid,https://pubs.acs.org/doi/pdf/10.1021/acs.jctc.8b00969,W2910527051,2026-08-08T00:16:47Z
10.1021/acs.jctc.8b00988,no,closed,,W2892752186,2026-08-08T00:16:47Z
10.1021/acs.jctc.8b01069,yes,green,https://www.ncbi.nlm.nih.gov/pmc/articles/7096677,W2911863594,2026-08-08T00:16:47Z
10.1021/acs.jctc.8b01205,yes,green,https://arxiv.org/pdf/1811.12861,W2903558328,2026-08-08T00:16:47Z
10.1021/acs.jctc.8b01277,yes,hybrid,https://pubs.acs.org/doi/pdf/10.1021/acs.jctc.8b01277,W2914180558,2026-08-08T00:16:47Z
10.1021/acs.jctc.9b00282,yes,green,https://dspace.lboro.ac.uk/2134/37771,W2943191843,2026-08-08T00:16:47Z
10.1021/acs.jctc.9b00325,yes,hybrid,https://pubs.acs.org/doi/pdf/10.1021/acs.jctc.9b00325,W2947767018,2026-08-08T00:16:47Z
10.1021/acs.jctc.9b00370,yes,green,https://lirias.kuleuven.be/retrieve/6f2437eb-7dda-41fc-b2e3-c4d972ee80d3,W2954895401,2026-08-08T00:16:47Z
10.1021/acs.jctc.9b00396,yes,green,https://amu.hal.science/hal-02288616,W2948407800,2026-08-08T00:16:47Z
10.1021/acs.jctc.9b00534,yes,green,https://arxiv.org/pdf/1905.13316,W2965070608,2026-08-08T00:16:47Z
10.1021/acs.jctc.9b00762,yes,green,https://arxiv.org/pdf/1907.10180,W2962783605,2026-08-08T00:16:47Z
10.1021/acs.jctc.9b00917,yes,hybrid,https://pubs.acs.org/doi/pdf/10.1021/acs.jctc.9b00917,W3016981447,2026-08-08T00:16:47Z
10.1021/acs.jctc.9b00925,yes,green,https://arxiv.org/pdf/1910.04611.pdf,W2983740210,2026-08-08T00:16:47Z
10.1021/acs.jctc.9b00969,yes,green,https://arxiv.org/pdf/1905.01558,W2989131566,2026-08-08T00:16:47Z
10.1021/acs.jctc.9b01255,yes,green,https://arxiv.org/pdf/1912.08379,W2996644751,2026-08-08T00:16:47Z
10.1021/acs.joc.0c00222,yes,hybrid,https://doi.org/10.1021/acs.joc.0c00222,W3004602927,2026-08-08T00:16:47Z
10.1021/acs.joc.3c02103,yes,hybrid,https://pubs.acs.org/doi/pdf/10.1021/acs.joc.3c02103,W4390345854,2026-08-08T00:16:47Z
10.1021/acs.joc.6b02460,yes,green,http://hdl.handle.net/1822/13108,W27788323,2026-08-08T00:16:47Z
10.1021/acs.joc.6c01030,yes,green,https://pmc.ncbi.nlm.nih.gov/articles/PMC13339623/,W7165173266,2026-08-08T00:16:47Z
10.1021/acs.joc.7b02715,yes,hybrid,https://pubs.acs.org/doi/pdf/10.1021/acs.joc.7b02715,W2787467550,2026-08-08T00:16:47Z
10.1021/acs.joc.8b02984,yes,green,http://hdl.handle.net/11336/125147,W2920120853,2026-08-08T00:16:47Z
10.1021/acs.joc.9b01197,yes,green,,W2958737176,2026-08-08T00:16:47Z
10.1021/acs.jpca.0c08029,yes,green,http://rua.ua.es/dspace/bitstream/10045/112549/5/Sanz-Rodrigo_etal_2021_JPhysChemA_preprint.pdf,W3120113734,2026-08-08T00:16:47Z
10.1021/acs.jpca.1c01545,yes,green,https://www.osti.gov/biblio/1843950,W3157233730,2026-08-08T00:16:47Z
10.1021/acs.jpca.1c04595,yes,hybrid,https://doi.org/10.1021/acs.jpca.1c04595,W3205842283,2026-08-08T00:16:47Z
10.1021/acs.jpca.1c05409,yes,green,https://www.osti.gov/servlets/purl/1821610,W3197593438,2026-08-08T00:16:47Z
10.1021/acs.jpca.1c06390,yes,green,https://ocu-omu.repo.nii.ac.jp/records/2020525,W3198558532,2026-08-08T00:16:47Z
10.1021/acs.jpca.1c06402,yes,hybrid,https://pubs.acs.org/doi/pdf/10.1021/acs.jpca.1c06402,W3211156757,2026-08-08T00:16:47Z
10.1021/acs.jpca.1c07108,no,closed,,W4200113171,2026-08-08T00:16:47Z
10.1021/acs.jpca.1c09150,yes,green,https://scholarworks.montana.edu/xmlui/handle/1/480,W34756038,2026-08-08T00:16:47Z
10.1021/acs.jpca.2c02480,yes,green,https://arxiv.org/pdf/2204.05098,W4223510623,2026-08-08T00:16:47Z
10.1021/acs.jpca.2c03314,yes,hybrid,https://doi.org/10.1021/acs.jpca.2c03314,W4294840110,2026-08-08T00:16:47Z
10.1021/acs.jpca.2c03783,yes,hybrid,https://pubs.acs.org/doi/pdf/10.1021/acs.jpca.2c03783,W4288441817,2026-08-08T00:16:47Z
10.1021/acs.jpca.2c04816,yes,hybrid,https://doi.org/10.1021/acs.jpca.2c04816,W4308284274,2026-08-08T00:16:47Z
10.1021/acs.jpca.2c08158,yes,green,https://www.osti.gov/servlets/purl/1993575,W4362506558,2026-08-08T00:16:47Z
10.1021/acs.jpca.3c00485,yes,hybrid,https://pubs.acs.org/doi/pdf/10.1021/acs.jpca.3c00485,W4362506709,2026-08-08T00:16:47Z
10.1021/acs.jpca.3c00766,yes,green,https://hal.science/hal-04103363/document,W4361190869,2026-08-08T00:16:47Z
10.1021/acs.jpca.3c02360,yes,hybrid,https://pubs.acs.org/doi/pdf/10.1021/acs.jpca.3c02360,W4378746524,2026-08-08T00:16:47Z
10.1021/acs.jpca.3c04226,yes,green,https://cris.unibo.it/bitstream/11585/954257/1/IRIS_JPCC_Merocyanine_excitation_energy_revision_06102023.pdf,W4388655842,2026-08-08T00:16:47Z
10.1021/acs.jpca.3c05559,yes,hybrid,https://pubs.acs.org/doi/pdf/10.1021/acs.jpca.3c05559,W4387745042,2026-08-08T00:16:47Z
10.1021/acs.jpca.3c05741,yes,hybrid,https://pubs.acs.org/doi/pdf/10.1021/acs.jpca.3c05741,W4388283044,2026-08-08T00:16:47Z
10.1021/acs.jpca.3c06310,yes,hybrid,https://pubs.acs.org/doi/pdf/10.1021/acs.jpca.3c06310,W4393008544,2026-08-08T00:16:47Z
10.1021/acs.jpca.3c06512,yes,hybrid,https://doi.org/10.1021/acs.jpca.3c06512,W4391844958,2026-08-08T00:16:47Z
10.1021/acs.jpca.3c08043,yes,hybrid,https://pubs.acs.org/doi/pdf/10.1021/acs.jpca.3c08043,W4392286312,2026-08-08T00:16:47Z
10.1021/acs.jpca.4c02697,no,closed,,W39020525,2026-08-08T00:16:47Z
10.1021/acs.jpca.4c04148,yes,green,https://archive-ouverte.unige.ch/unige:184257,W4402765243,2026-08-08T00:16:47Z
10.1021/acs.jpca.4c04639,yes,hybrid,https://pubs.acs.org/doi/pdf/10.1021/acs.jpca.4c04639?ref=article_openPDF,W4406827470,2026-08-08T00:16:47Z
10.1021/acs.jpca.4c06150,yes,hybrid,https://pubs.acs.org/doi/pdf/10.1021/acs.jpca.4c06150?ref=article_openPDF,W4405023720,2026-08-08T00:16:47Z
10.1021/acs.jpca.4c06466,yes,hybrid,https://pubs.acs.org/doi/pdf/10.1021/acs.jpca.4c06466?ref=article_openPDF,W4404763365,2026-08-08T00:16:47Z
10.1021/acs.jpca.4c08109,yes,green,https://amu.hal.science/hal-05336348/document,W4409905234,2026-08-08T00:16:47Z
10.1021/acs.jpca.4c08520,no,closed,,W4409642959,2026-08-08T00:16:47Z
10.1021/acs.jpca.5b03282,yes,hybrid,https://doi.org/10.1021/acs.jpca.5b03282,W2415716483,2026-08-08T00:16:47Z
10.1021/acs.jpca.5c00196,yes,hybrid,https://pubs.acs.org/doi/pdf/10.1021/acs.jpca.5c00196?ref=article_openPDF,W4409093336,2026-08-08T00:16:47Z
10.1021/acs.jpca.5c01107,yes,hybrid,https://doi.org/10.1021/acs.jpca.5c01107,W4410219934,2026-08-08T00:16:47Z
10.1021/acs.jpca.5c01912,no,closed,,W4410244095,2026-08-08T00:16:47Z
10.1021/acs.jpca.5c02571,no,closed,,W4413994610,2026-08-08T00:16:47Z
10.1021/acs.jpca.5c03946,yes,hybrid,https://pubs.acs.org/doi/pdf/10.1021/acs.jpca.5c03946?ref=article_openPDF,W4412726638,2026-08-08T00:16:47Z
10.1021/acs.jpca.5c04385,yes,hybrid,https://pubs.acs.org/doi/pdf/10.1021/acs.jpca.5c04385?ref=article_openPDF,W4413381662,2026-08-08T00:16:47Z
10.1021/acs.jpca.5c04699,yes,hybrid,https://doi.org/10.1021/acs.jpca.5c04699,W4414601816,2026-08-08T00:16:47Z
10.1021/acs.jpca.5c04929,no,closed,,W4415901453,2026-08-08T00:16:47Z
10.1021/acs.jpca.5c05370,no,closed,,W4416332636,2026-08-08T00:16:47Z
10.1021/acs.jpca.5c05510,yes,hybrid,https://pubs.acs.org/doi/pdf/10.1021/acs.jpca.5c05510?ref=article_openPDF,W4414546132,2026-08-08T00:16:47Z
10.1021/acs.jpca.5c05513,no,closed,,W4414536538,2026-08-08T00:16:47Z
10.1021/acs.jpca.5c05650,yes,hybrid,https://doi.org/10.1021/acs.jpca.5c05650,W4414422956,2026-08-08T00:16:47Z
10.1021/acs.jpca.5c06689,no,closed,,W4417429222,2026-08-08T00:16:47Z
10.1021/acs.jpca.5c06695,yes,hybrid,https://pubs.acs.org/doi/pdf/10.1021/acs.jpca.5c06695?ref=article_openPDF,W7122469767,2026-08-08T00:16:47Z
10.1021/acs.jpca.5c07439,yes,hybrid,https://pubs.acs.org/doi/pdf/10.1021/acs.jpca.5c07439?ref=article_openPDF,W7125797799,2026-08-08T00:16:47Z
10.1021/acs.jpca.5c07496,no,closed,,W4417439596,2026-08-08T00:16:47Z
10.1021/acs.jpca.5c07741,yes,hybrid,https://pubs.acs.org/doi/pdf/10.1021/acs.jpca.5c07741?ref=article_openPDF,W7166012864,2026-08-08T00:16:47Z
10.1021/acs.jpca.5c08237,no,closed,,W7132833229,2026-08-08T00:16:47Z
10.1021/acs.jpca.6b05110,yes,green,https://amu.hal.science/hal-02288816,W2483570261,2026-08-08T00:16:47Z
10.1021/acs.jpca.6b05180,yes,green,https://amu.hal.science/hal-02288817,W2512267231,2026-08-08T00:16:47Z
10.1021/acs.jpca.6b10687,yes,green,,W2557536494,2026-08-08T00:16:47Z
10.1021/acs.jpca.6b11930,yes,green,https://dspace.mit.edu/bitstream/1721.1/113022/1/Ioannidis_OA.pdf,W2568191866,2026-08-08T00:16:47Z
10.1021/acs.jpca.6b12448,yes,green,http://hdl.handle.net/11336/48395,W2597419965,2026-08-08T00:16:47Z
10.1021/acs.jpca.6c01999,no,closed,,W7163570672,2026-08-08T00:16:47Z
10.1021/acs.jpca.6c02386,no,closed,,W7167932438,2026-08-08T00:16:47Z
10.1021/acs.jpca.7b12652,yes,green,https://www.osti.gov/servlets/purl/2311183,W2788624090,2026-08-08T00:16:47Z
10.1021/acs.jpca.8b00941,yes,green,https://arxiv.org/pdf/1805.08746,W2803535697,2026-08-08T00:16:47Z
10.1021/acs.jpca.9b01397,yes,green,http://doi.org/10.1021/acs.jpca.9b01397,W2931020913,2026-08-08T00:16:47Z
10.1021/acs.jpca.9b03708,yes,green,https://arxiv.org/pdf/1905.10635,W2963067806,2026-08-08T00:16:47Z
10.1021/acs.jpca.9b04372,yes,green,https://amu.hal.science/hal-02288622,W2955961721,2026-08-08T00:16:47Z
10.1021/acs.jpcb.0c10873,yes,hybrid,https://doi.org/10.1021/acs.jpcb.0c10873,W3127108582,2026-08-08T00:16:47Z
10.1021/acs.jpcc.1c03278,yes,hybrid,https://pubs.acs.org/doi/pdf/10.1021/acs.jpcc.1c03278,W3164416167,2026-08-08T00:16:47Z
10.1021/acs.jpcc.3c08112,yes,hybrid,https://pubs.acs.org/doi/pdf/10.1021/acs.jpcc.3c08112,W4393403874,2026-08-08T00:16:47Z
10.1021/acs.jpcc.4c06912,yes,hybrid,https://doi.org/10.1021/acs.jpcc.4c06912,W4405984784,2026-08-08T00:16:47Z
10.1021/acs.jpcc.6b10391,yes,green,,W2557630530,2026-08-08T00:16:47Z
10.1021/acs.jpcc.7b02302,yes,hybrid,https://doi.org/10.1021/acs.jpcc.7b02302,W2731452388,2026-08-08T00:16:47Z
10.1021/acs.jpcc.7b02685,yes,green,https://www.osti.gov/servlets/purl/1477217,W2604466629,2026-08-08T00:16:47Z
10.1021/acs.jpcc.9b08245,no,closed,,W2982499397,2026-08-08T00:16:47Z
10.1021/acs.jpclett.1c03229,yes,green,https://www.osti.gov/servlets/purl/1968731,W3216230773,2026-08-08T00:16:47Z
10.1021/acs.jpclett.3c01875,no,closed,,W4386046927,2026-08-08T00:16:47Z
10.1021/acs.jpclett.3c03014,yes,green,https://arxiv.org/pdf/2405.17271,W4390743735,2026-08-08T00:16:47Z
10.1021/acs.jpclett.3c03457,yes,hybrid,https://pubs.acs.org/doi/pdf/10.1021/acs.jpclett.3c03457,W4391945661,2026-08-08T00:16:47Z
10.1021/acs.jpclett.4c00826,yes,hybrid,https://pubs.acs.org/doi/pdf/10.1021/acs.jpclett.4c00826,W4393307687,2026-08-08T00:16:47Z
10.1021/acs.jpclett.4c01372,yes,hybrid,https://pubs.acs.org/doi/pdf/10.1021/acs.jpclett.4c01372,W4396881722,2026-08-08T00:16:47Z
10.1021/acs.jpclett.5c01270,no,closed,,W4411984214,2026-08-08T00:16:47Z
10.1021/acs.jpclett.5c02294,no,closed,,W4415473661,2026-08-08T00:16:47Z
10.1021/acs.jpclett.5c02810,yes,green,https://arxiv.org/pdf/2505.23344,W4415812818,2026-08-08T00:16:47Z
10.1021/acs.jpclett.5c03195,no,closed,,W4417297565,2026-08-08T00:16:47Z
10.1021/acs.jpclett.5c03196,yes,green,https://arxiv.org/pdf/2512.00913,W4416956324,2026-08-08T00:16:47Z
10.1021/acs.jpclett.6b00936,yes,green,https://www.osti.gov/biblio/1387977,W2414483381,2026-08-08T00:16:47Z
10.1021/acs.jpclett.6b00970,yes,green,https://durham-repository.worktribe.com/output/1372149,W2460739546,2026-08-08T00:16:47Z
10.1021/acs.jpclett.6b02517,yes,hybrid,https://pubs.acs.org/doi/pdf/10.1021/acs.jpclett.6b02517,W2559947911,2026-08-08T00:16:47Z
10.1021/acs.jpclett.7b01158,no,closed,,W2664148539,2026-08-08T00:16:47Z
10.1021/acs.jpclett.8b00684,yes,green,https://arxiv.org/pdf/1803.01556,W2794279393,2026-08-08T00:16:47Z
10.1021/acs.jpclett.8b00698,yes,green,http://hdl.handle.net/11585/646453,W2802934091,2026-08-08T00:16:47Z
10.1021/acs.jpclett.8b02412,yes,green,https://www.osti.gov/servlets/purl/2479697,W2891599729,2026-08-08T00:16:47Z
10.1021/acs.jpclett.9b02815,yes,green,http://hdl.handle.net/10138/321646,W2981075862,2026-08-08T00:16:47Z
10.1021/acs.organomet.1c00516,yes,green,https://www.osti.gov/biblio/2326974,W3212026209,2026-08-08T00:16:47Z
10.1021/acs.organomet.6c00053,yes,hybrid,https://pubs.acs.org/doi/pdf/10.1021/acs.organomet.6c00053?ref=article_openPDF,W7147367180,2026-08-08T00:16:47Z
10.1021/acsami.4c04347,no,closed,,W4396815262,2026-08-08T00:16:47Z
10.1021/acsearthspacechem.3c00116,yes,hybrid,https://pubs.acs.org/doi/pdf/10.1021/acsearthspacechem.3c00116,W4389565790,2026-08-08T00:16:47Z
10.1021/acsomega.0c01883,yes,gold,https://pubs.acs.org/doi/pdf/10.1021/acsomega.0c01883,W3087331279,2026-08-08T00:16:47Z
10.1021/acsomega.4c00875,yes,gold,https://pubs.acs.org/doi/pdf/10.1021/acsomega.4c00875,W4401353082,2026-08-08T00:16:47Z
10.1021/acsomega.4c04914,yes,gold,https://doi.org/10.1021/acsomega.4c04914,W4401256526,2026-08-08T00:16:47Z
10.1021/acsomega.4c11321,yes,gold,https://doi.org/10.1021/acsomega.4c11321,W4407594097,2026-08-08T00:16:47Z
10.1021/acsomega.5c06364,yes,gold,https://pubs.acs.org/doi/pdf/10.1021/acsomega.5c06364?ref=article_openPDF,W4414929664,2026-08-08T00:16:47Z
10.1021/acsomega.5c10105,yes,gold,https://doi.org/10.1021/acsomega.5c10105,W7165635350,2026-08-08T00:16:47Z
10.1021/acsomega.7b00380,yes,gold,https://doi.org/10.1021/acsomega.7b00380,W2715071205,2026-08-08T00:16:47Z
10.1021/acsomega.7b00766,yes,gold,https://doi.org/10.1021/acsomega.7b00766,W2751369035,2026-08-08T00:16:47Z
10.1021/acsomega.9b01395,yes,gold,https://pubs.acs.org/doi/pdf/10.1021/acsomega.9b01395,W2959789209,2026-08-08T00:16:47Z
10.1021/acsomega.9b01759,yes,gold,https://pubs.acs.org/doi/pdf/10.1021/acsomega.9b01759,W2972343939,2026-08-08T00:16:47Z
10.1021/ct200646r,yes,green,https://hdl.handle.net/10550/106832,W2024774535,2026-08-08T00:16:47Z
10.1021/ct3006166,yes,green,http://dx.doi.org/10.1021/ct3006166,W2002874596,2026-08-08T00:16:47Z
10.1021/ct5003175,yes,green,http://doi.org/10.1021/ct5003175,W2315121928,2026-08-08T00:16:47Z
10.1021/ct5010388,yes,green,https://diposit.ub.edu/dspace/bitstream/2445/175533/1/650773.pdf,W2080554238,2026-08-08T00:16:47Z
10.1021/ct501122z,yes,green,http://hdl.handle.net/11368/2938011,W2038264349,2026-08-08T00:16:47Z
10.1021/ct7003148,yes,green,https://lirias.kuleuven.be/handle/123456789/162248,W2002530679,2026-08-08T00:16:47Z
10.1021/ct800459t,yes,green,https://lup.lub.lu.se/record/1404851,W2030864702,2026-08-08T00:16:47Z
10.1021/ct900282m,yes,green,https://archive-ouverte.unige.ch/unige:6169,W2135362248,2026-08-08T00:16:47Z
10.1021/ct900401z,yes,green,http://hdl.handle.net/10651/35445,W2320303562,2026-08-08T00:16:47Z
10.1021/ic001355m,yes,green,https://archive-ouverte.unige.ch/unige:3526,W2117385466,2026-08-08T00:16:47Z
10.1021/ic011076e,yes,green,https://archive-ouverte.unige.ch/unige:3728,W2153817402,2026-08-08T00:16:47Z
10.1021/ic100866z,yes,green,https://lirias.kuleuven.be/handle/123456789/282903,W2335267576,2026-08-08T00:16:47Z
10.1021/ic501435a,yes,green,https://researchportal.port.ac.uk/portal/en/publications/multiply-bonded-metalii-acetate-rhodium-ruthenium-and-molybdenum-complexes-with-the-trans12bisnmethylimidazol2ylethylene-ligand(b291fac5-21b8-41b6-aa4c-4ed2a7353ad4).html,W1965058772,2026-08-08T00:16:47Z
10.1021/ja066615z,yes,green,https://archive-ouverte.unige.ch/unige:3636,W2012990566,2026-08-08T00:16:47Z
10.1021/ja073628j,yes,green,http://hdl.handle.net/11858/00-001M-0000-0012-E2BE-D,W2095407146,2026-08-08T00:16:47Z
10.1021/ja077322o,yes,green,https://archive-ouverte.unige.ch/unige:69,W1971929671,2026-08-08T00:16:47Z
10.1021/ja0774414,yes,green,https://www.ncbi.nlm.nih.gov/pmc/articles/2901111,W1974747211,2026-08-08T00:16:47Z
10.1021/ja106329t,yes,green,https://digital.library.unt.edu/ark:/67531/metadc71806/m2/1/high_res_d/ja106329t.pdf,W2042297306,2026-08-08T00:16:47Z
10.1021/ja109494b,yes,green,https://www.ncbi.nlm.nih.gov/pmc/articles/3048850,W2035690749,2026-08-08T00:16:47Z
10.1021/ja308146e,yes,green,https://research.rug.nl/en/publications/0538f4e9-496c-4de1-a42c-35fcdc265cf6,W2321893305,2026-08-08T00:16:47Z
10.1021/ja505403j,yes,bronze,https://pubs.acs.org/doi/pdf/10.1021/ja505403j,W2314861442,2026-08-08T00:16:47Z
10.1021/ja506151p,yes,hybrid,https://pubs.acs.org/doi/pdf/10.1021/ja506151p,W2005794897,2026-08-08T00:16:47Z
10.1021/ja8029416,yes,green,https://lirias.kuleuven.be/handle/123456789/214205,W2040593414,2026-08-08T00:16:47Z
10.1021/ja808424b,yes,green,http://infoscience.epfl.ch/record/150323,W2043499485,2026-08-08T00:16:47Z
10.1021/ja809624w,yes,green,https://figshare.com/articles/Decamethylytterbocene_Complexes_of_Bipyridines_and_Diazabutadienes_Multiconfigurational_Ground_States_and_Open_Shell_Singlet_Formation/2857483,W1529886842,2026-08-08T00:16:47Z
10.1021/jacs.0c02487,yes,green,https://www.ncbi.nlm.nih.gov/pmc/articles/7201867,W3014999256,2026-08-08T00:16:47Z
10.1021/jacs.1c05099,yes,green,https://www.osti.gov/biblio/1840951,W3184847668,2026-08-08T00:16:47Z
10.1021/jacs.1c07431,yes,hybrid,https://pubs.acs.org/doi/pdf/10.1021/jacs.1c07431,W3196700573,2026-08-08T00:16:47Z
10.1021/jacs.2c02818,yes,green,https://discovery.ucl.ac.uk/10151110/1/manuscript.pdf,W4280532200,2026-08-08T00:16:47Z
10.1021/jacs.3c05452,yes,hybrid,https://pubs.acs.org/doi/pdf/10.1021/jacs.3c05452,W4386211448,2026-08-08T00:16:47Z
10.1021/jacs.3c07625,yes,hybrid,https://pubs.acs.org/doi/pdf/10.1021/jacs.3c07625,W4386700056,2026-08-08T00:16:47Z
10.1021/jacs.3c07978,yes,hybrid,https://pubs.acs.org/doi/pdf/10.1021/jacs.3c07978,W4388977430,2026-08-08T00:16:47Z
10.1021/jacs.3c08117,yes,green,https://pmc.ncbi.nlm.nih.gov/articles/PMC11175169/pdf/nihms-1999446.pdf,W4388974706,2026-08-08T00:16:47Z
10.1021/jacs.3c11517,yes,hybrid,https://pubs.acs.org/doi/pdf/10.1021/jacs.3c11517,W4390412534,2026-08-08T00:16:47Z
10.1021/jacs.3c12427,yes,hybrid,https://pubs.acs.org/doi/pdf/10.1021/jacs.3c12427,W4391321990,2026-08-08T00:16:47Z
10.1021/jacs.4c01930,yes,hybrid,https://pubs.acs.org/doi/pdf/10.1021/jacs.4c01930,W4396948987,2026-08-08T00:16:47Z
10.1021/jacs.5b00382,yes,green,https://www.osti.gov/servlets/purl/2311154,W2110275123,2026-08-08T00:16:47Z
10.1021/jacs.5b03805,yes,hybrid,https://pubs.acs.org/doi/pdf/10.1021/jacs.5b03805?ref=article_openPDF,W2242126778,2026-08-08T00:16:47Z
10.1021/jacs.5b05739,yes,hybrid,https://doi.org/10.1021/jacs.5b05739,W2414402924,2026-08-08T00:16:47Z
10.1021/jacs.5c03770,no,closed,,W4410286619,2026-08-08T00:16:47Z
10.1021/jacs.5c11362,yes,green,https://doi.org/10.5445/ir/1000187295,W4415351205,2026-08-08T00:16:47Z
10.1021/jacs.5c15650,no,closed,,W4416084540,2026-08-08T00:16:47Z
10.1021/jacs.5c20377,yes,hybrid,https://pubs.acs.org/doi/pdf/10.1021/jacs.5c20377?ref=article_openPDF,W7134971856,2026-08-08T00:16:47Z
10.1021/jacs.5c20971,yes,green,https://research.manchester.ac.uk/en/publications/30874da7-964d-4fe1-8a6d-503eb861bbef,W7160547651,2026-08-08T00:16:47Z
10.1021/jacs.6b08661,yes,hybrid,https://doi.org/10.1021/jacs.6b08661,W2547503467,2026-08-08T00:16:47Z
10.1021/jacs.6c00579,yes,hybrid,https://pubs.acs.org/doi/pdf/10.1021/jacs.6c00579?ref=article_openPDF,W7154349007,2026-08-08T00:16:47Z
10.1021/jacs.7b05569,yes,hybrid,https://pubs.acs.org/doi/pdf/10.1021/jacs.7b05569,W2746679464,2026-08-08T00:16:47Z
10.1021/jacs.7b10714,yes,hybrid,https://doi.org/10.1021/jacs.7b10714,W2784584363,2026-08-08T00:16:47Z
10.1021/jacs.7b11535,yes,hybrid,https://doi.org/10.1021/jacs.7b11535,W2768547812,2026-08-08T00:16:47Z
10.1021/jacs.9b09616,yes,green,https://www.ncbi.nlm.nih.gov/pmc/articles/7262786,W3000016614,2026-08-08T00:16:47Z
10.1021/jacs.9b11715,yes,hybrid,https://pubs.acs.org/doi/pdf/10.1021/jacs.9b11715,W2995293418,2026-08-08T00:16:47Z
10.1021/jacsau.1c00417,yes,gold,https://doi.org/10.1021/jacsau.1c00417,W3209042210,2026-08-08T00:16:47Z
10.1021/jacsau.2c00306,yes,gold,https://pubs.acs.org/doi/pdf/10.1021/jacsau.2c00306,W4294073886,2026-08-08T00:16:47Z
10.1021/jacsau.2c00490,no,closed,,W36465545,2026-08-08T00:16:47Z
10.1021/jacsau.3c00542,yes,gold,https://doi.org/10.1021/jacsau.3c00542,W4389726490,2026-08-08T00:16:47Z
10.1021/jacsau.3c00670,yes,gold,https://pubs.acs.org/doi/pdf/10.1021/jacsau.3c00670,W4389490184,2026-08-08T00:16:47Z
10.1021/jacsau.5c01188,yes,gold,https://pubs.acs.org/doi/pdf/10.1021/jacsau.5c01188?ref=article_openPDF,W7117134781,2026-08-08T00:16:47Z
10.1021/jacsau.5c01496,yes,gold,https://pubs.acs.org/doi/pdf/10.1021/jacsau.5c01496?ref=article_openPDF,W7163417873,2026-08-08T00:16:47Z
10.1021/jacsau.5c01536,yes,gold,https://pubs.acs.org/doi/pdf/10.1021/jacsau.5c01536?ref=article_openPDF,W7127992286,2026-08-08T00:16:47Z
10.1021/jacsau.6c00314,yes,gold,https://pubs.acs.org/doi/pdf/10.1021/jacsau.6c00314?ref=article_openPDF,W7167329625,2026-08-08T00:16:47Z
10.1021/jo062420y,yes,green,https://archive-ouverte.unige.ch/unige:3197,W1976482384,2026-08-08T00:16:47Z
10.1021/jo0711687,yes,green,https://www.ncbi.nlm.nih.gov/pmc/articles/2528068,W2029165265,2026-08-08T00:16:47Z
10.1021/jo502041f,yes,hybrid,https://pubs.acs.org/doi/pdf/10.1021/jo502041f?ref=article_openPDF,W2315078173,2026-08-08T00:16:47Z
10.1021/jp012888z,yes,green,https://archive-ouverte.unige.ch/unige:3729,W2145664121,2026-08-08T00:16:47Z
10.1021/jp045614v,yes,green,http://doi.org/10.1021/jp045614v,W1970840181,2026-08-08T00:16:47Z
10.1021/jp0509257,yes,green,https://lirias.kuleuven.be/handle/123456789/46014,W1995256991,2026-08-08T00:16:47Z
10.1021/jp051858j,yes,green,https://lirias.kuleuven.be/handle/123456789/46124,W2040414349,2026-08-08T00:16:47Z
10.1021/jp056791e,yes,green,https://archive-ouverte.unige.ch/unige:3631,W2119956272,2026-08-08T00:16:47Z
10.1021/jp057071a,yes,green,http://hdl.handle.net/1887/3480007,W1988166735,2026-08-08T00:16:47Z
10.1021/jp103098r,yes,green,https://lup.lub.lu.se/record/1610251,W2029385951,2026-08-08T00:16:47Z
10.1021/jp108977x,yes,green,http://hdl.handle.net/11858/00-001M-0000-0012-035B-0,W1967219452,2026-08-08T00:16:47Z
10.1021/jp111311k,yes,green,https://digital.library.unt.edu/ark:/67531/metadc71811/m2/1/high_res_d/jp111311k.pdf,W2113553389,2026-08-08T00:16:47Z
10.1021/jp200297z,yes,green,http://doi.org/10.1021/jp200297z,W2319127394,2026-08-08T00:16:47Z
10.1021/jp204497p,yes,green,http://doi.org/10.1021/jp204497p,W2314803754,2026-08-08T00:16:47Z
10.1021/jp206991v,no,closed,,W2326680964,2026-08-08T00:16:47Z
10.1021/jp207947x,yes,green,https://arxiv.org/pdf/2103.13786,W2315522759,2026-08-08T00:16:47Z
10.1021/jp300583h,yes,green,http://doi.org/10.1021/jp300583h,W1974663363,2026-08-08T00:16:47Z
10.1021/jp305593h,yes,green,http://hdl.handle.net/10486/13520,W2029995456,2026-08-08T00:16:47Z
10.1021/jp306218z,yes,green,https://diposit.ub.edu/dspace/bitstream/2445/163617/1/617283.pdf,W2323243234,2026-08-08T00:16:47Z
10.1021/jp306357d,no,closed,,W2041802286,2026-08-08T00:16:47Z
10.1021/jp3091599,yes,green,http://doi.org/10.1021/jp3091599,W2327772152,2026-08-08T00:16:47Z
10.1021/jp400401f,yes,hybrid,https://doi.org/10.1021/jp400401f,W2018552635,2026-08-08T00:16:47Z
10.1021/jp401128k,yes,bronze,https://pubs.acs.org/doi/pdf/10.1021/jp401128k,W2105237940,2026-08-08T00:16:47Z
10.1021/jp403508v,yes,green,http://doi.org/10.1021/jp403508v,W2314655278,2026-08-08T00:16:47Z
10.1021/jp407592r,yes,green,https://www.ncbi.nlm.nih.gov/pmc/articles/3914675,W2001333208,2026-08-08T00:16:47Z
10.1021/jp410740u,no,closed,,W2328602329,2026-08-08T00:16:47Z
10.1021/jp412347k,no,closed,,W24571272,2026-08-08T00:16:47Z
10.1021/jp502996t,no,closed,,W2088313160,2026-08-08T00:16:47Z
10.1021/jp509561v,yes,green,,W2329654758,2026-08-08T00:16:47Z
10.1021/jp803213j,yes,green,,W2045238539,2026-08-08T00:16:47Z
10.1021/jp8037335,no,closed,,W2016465083,2026-08-08T00:16:47Z
10.1021/jp806075b,yes,green,https://ruj.uj.edu.pl/xmlui/handle/item/79582,W1997933922,2026-08-08T00:16:47Z
10.1021/jp807172h,yes,green,,W2054504985,2026-08-08T00:16:47Z
10.1021/jp810247u,yes,green,https://lup.lub.lu.se/record/1392482,W2056748221,2026-08-08T00:16:47Z
10.1021/jp8110315,yes,bronze,https://pubs.acs.org/doi/pdf/10.1021/jp8110315,W2139453279,2026-08-08T00:16:47Z
10.1021/jp900484s,yes,green,https://stars.library.ucf.edu/facultybib2000/1546,W2049104045,2026-08-08T00:16:47Z
10.1021/jp902028g,yes,green,https://hal.science/hal-00875602,W2284127168,2026-08-08T00:16:47Z
10.1021/jp904868b,yes,green,https://repositorio.uam.es/bitstream/10486/7486/1/42166_Sanchez_Sanz_09_JPCA_CsCaBr3_YbII_multipleEmission.pdf,W1611654704,2026-08-08T00:16:47Z
10.1021/jp905462b,yes,green,https://digital.library.unt.edu/ark:/67531/metadc71812/m2/1/high_res_d/jp905462b.pdf,W2074929265,2026-08-08T00:16:47Z
10.1021/jp910220r,yes,green,https://ruj.uj.edu.pl/xmlui/handle/item/71845,W1972987768,2026-08-08T00:16:47Z
10.1021/jp994036t,yes,green,https://estudogeral.uc.pt/bitstream/10316/10467/1/MRCI%20Calculation%2c%20Scaling%20of%20the%20External%20Correlation.pdf,W2071124362,2026-08-08T00:16:47Z
10.1021/om300876b,yes,green,https://www.osti.gov/biblio/1165114,W2023522154,2026-08-08T00:16:47Z
10.1021/om400528d,yes,green,https://www.osti.gov/biblio/1163867,W2002420765,2026-08-08T00:16:47Z
10.1021/om701153t,yes,green,https://archive-ouverte.unige.ch/unige:65,W2086497411,2026-08-08T00:16:47Z
10.1021/om900750t,yes,green,https://archive-ouverte.unige.ch/unige:4800,W2038477082,2026-08-08T00:16:47Z
10.1038/nchem.1896,yes,green,https://in2p3.hal.science/in2p3-00966875,W2137396062,2026-08-08T00:16:47Z
10.1038/nchem.2692,yes,green,https://eprints.lancs.ac.uk/id/eprint/83370/1/NatureChem_Pulsed_2016_AIP_final.pdf,W2565978403,2026-08-08T00:16:47Z
10.1038/ncomms10467,yes,gold,https://www.nature.com/articles/ncomms10467.pdf,W2278356249,2026-08-08T00:16:47Z
10.1038/ncomms14137,yes,gold,https://www.nature.com/articles/ncomms14137.pdf,W2584411359,2026-08-08T00:16:47Z
10.1038/s41467-017-00069-7,yes,gold,https://www.nature.com/articles/s41467-017-00069-7.pdf,W2542614087,2026-08-08T00:16:47Z
10.1038/s41467-018-05587-6,yes,gold,https://www.nature.com/articles/s41467-018-05587-6.pdf,W2885895997,2026-08-08T00:16:47Z
10.1038/s41467-018-06615-1,yes,gold,https://www.nature.com/articles/s41467-018-06615-1.pdf,W2890496617,2026-08-08T00:16:47Z
10.1038/s41467-020-16909-y,yes,gold,https://www.nature.com/articles/s41467-020-16909-y.pdf,W3036016487,2026-08-08T00:16:47Z
10.1038/s41467-021-27576-y,yes,gold,https://www.nature.com/articles/s41467-021-27576-y.pdf,W4200089368,2026-08-08T00:16:47Z
10.1038/s41467-022-31288-2,yes,gold,https://www.nature.com/articles/s41467-022-31288-2.pdf,W4283361857,2026-08-08T00:16:47Z
10.1038/s41467-023-39626-8,yes,gold,https://www.nature.com/articles/s41467-023-39626-8.pdf,W4384663156,2026-08-08T00:16:47Z
10.1038/s41467-023-44526-y,yes,gold,https://www.nature.com/articles/s41467-023-44526-y.pdf,W4390577239,2026-08-08T00:16:47Z
10.1038/s41467-024-55474-6,yes,gold,https://www.nature.com/articles/s41467-024-55474-6.pdf,W4407342659,2026-08-08T00:16:47Z
10.1038/s41467-024-55524-z,yes,gold,https://www.nature.com/articles/s41467-024-55524-z.pdf,W4406016933,2026-08-08T00:16:47Z
10.1038/s41524-023-00965-1,yes,gold,https://www.nature.com/articles/s41524-023-00965-1.pdf,W4317660909,2026-08-08T00:16:47Z
10.1038/s41524-024-01361-z,yes,gold,https://www.nature.com/articles/s41524-024-01361-z.pdf,W4401626049,2026-08-08T00:16:47Z
10.1038/s41524-025-01813-0,yes,gold,https://www.nature.com/articles/s41524-025-01813-0.pdf,W4416413010,2026-08-08T00:16:47Z
10.1038/s41524-026-01987-1,yes,gold,https://www.nature.com/articles/s41524-026-01987-1_reference.pdf,W4414770833,2026-08-08T00:16:47Z
10.1038/s41535-026-00888-2,yes,gold,https://www.nature.com/articles/s41535-026-00888-2_reference.pdf,W7160562793,2026-08-08T00:16:47Z
10.1038/s41557-018-0014-y,yes,green,https://kclpure.kcl.ac.uk/ws/files/88835424/Evidence_for_a_vibrational_phase_SCHNEDERMANN_Publishedonline19March2018_GREEN_AAM.pdf,W2792632729,2026-08-08T00:16:47Z
10.1038/s41557-019-0252-7,yes,green,https://arxiv.org/pdf/1810.02900,W2937798275,2026-08-08T00:16:47Z
10.1038/s41586-020-2479-2,yes,green,https://www.osti.gov/servlets/purl/2370431,W3042494034,2026-08-08T00:16:47Z
10.1038/s41597-024-03019-3,yes,gold,https://www.nature.com/articles/s41597-024-03019-3.pdf,W4391983993,2026-08-08T00:16:47Z
10.1038/srep10761,yes,gold,https://www.nature.com/articles/srep10761.pdf,W2419640309,2026-08-08T00:16:47Z
10.1038/srep26768,yes,gold,https://www.nature.com/articles/srep26768.pdf,W2405190963,2026-08-08T00:16:47Z
10.1039/b505346c,no,closed,,W1976974676,2026-08-08T00:16:47Z
10.1039/b810744k,yes,bronze,https://pubs.rsc.org/en/content/articlepdf/2008/cp/b810744k,W2036295707,2026-08-08T00:16:47Z
10.1039/b926608a,yes,green,http://infoscience.epfl.ch/record/150325,W2006018602,2026-08-08T00:16:47Z
10.1039/c0cp01901a,yes,green,https://hdl.handle.net/2115/47361,W2150840493,2026-08-08T00:16:47Z
10.1039/c0cp02554b,yes,green,https://ebuah.uah.es/dspace/bitstream/10017/59432/6/First_Marazzi_PhysChem_2011.pdf,W2034298297,2026-08-08T00:16:47Z
10.1039/c0cp02996c,yes,green,https://nrc-publications.canada.ca/eng/view/accepted/?id=ae896fc4-1247-472d-b49b-d6d7668c7ed3,W2025963040,2026-08-08T00:16:47Z
10.1039/c1cp22239b,yes,bronze,https://pubs.rsc.org/en/content/articlepdf/2011/cp/c1cp22239b,W2099962686,2026-08-08T00:16:47Z
10.1039/c2cp41387f,yes,green,https://research.utwente.nl/en/publications/120f053f-1aa7-4a73-896e-bdc96e41c424,W2114610393,2026-08-08T00:16:47Z
10.1039/c2cp42709e,yes,hybrid,https://pubs.rsc.org/en/content/articlepdf/2012/cp/c2cp42709e,W2082335069,2026-08-08T00:16:47Z
10.1039/c2jm31631e,no,closed,,W2038569036,2026-08-08T00:16:47Z
10.1039/c2jm34479c,no,closed,,W1978498529,2026-08-08T00:16:47Z
10.1039/c2sc22013j,yes,green,https://www.osti.gov/servlets/purl/1164377,W2019570753,2026-08-08T00:16:47Z
10.1039/c3cp50343g,yes,green,https://digital.csic.es/bitstream/10261/379269/4/Miciarelli_Bende_et_al_2013__Benzyluracil_excited_states.pdf,W2051485675,2026-08-08T00:16:47Z
10.1039/c3cp51440d,no,closed,,W23748912,2026-08-08T00:16:47Z
10.1039/c3cp51617b,yes,green,https://eprints.lib.hokudai.ac.jp/dspace/bitstream/2115/56717/1/PCCP_15_12322.pdf,W2117343091,2026-08-08T00:16:47Z
10.1039/c3cp54418d,yes,hybrid,https://pubs.rsc.org/en/content/articlepdf/2014/cp/c3cp54418d,W2074138336,2026-08-08T00:16:47Z
10.1039/c3dt52279b,yes,hybrid,https://pubs.rsc.org/en/content/articlepdf/2013/dt/c3dt52279b,W2036873101,2026-08-08T00:16:47Z
10.1039/c3ra22712j,yes,bronze,https://pubs.rsc.org/en/content/articlepdf/2013/ra/c3ra22712j,W2019980491,2026-08-08T00:16:47Z
10.1039/c3ra47088a,yes,hybrid,https://pubs.rsc.org/en/content/articlepdf/2014/ra/c3ra47088a,W2100352694,2026-08-08T00:16:47Z
10.1039/c4cp00662c,no,closed,,W1965125867,2026-08-08T00:16:47Z
10.1039/c4cp04593a,yes,hybrid,https://pubs.rsc.org/en/content/articlepdf/2015/cp/c4cp04593a,W2052831922,2026-08-08T00:16:47Z
10.1039/c4cp04748f,yes,bronze,https://pubs.rsc.org/en/content/articlepdf/2015/cp/c4cp04748f,W1971461823,2026-08-08T00:16:47Z
10.1039/c4cp05278a,yes,hybrid,https://pubs.rsc.org/en/content/articlepdf/2015/cp/c4cp05278a,W2131618696,2026-08-08T00:16:47Z
10.1039/c4cp05751a,yes,green,https://arxiv.org/pdf/1611.01916,W2042859255,2026-08-08T00:16:47Z
10.1039/c5cp00101c,yes,hybrid,https://pubs.rsc.org/en/content/articlepdf/2015/cp/c5cp00101c,W2031310230,2026-08-08T00:16:47Z
10.1039/c5cp02650d,yes,hybrid,https://pubs.rsc.org/en/content/articlepdf/2015/cp/c5cp02650d,W1911795537,2026-08-08T00:16:47Z
10.1039/c5cp04690d,yes,hybrid,https://pubs.rsc.org/en/content/articlepdf/2016/cp/c5cp04690d,W2222860091,2026-08-08T00:16:47Z
10.1039/c5cp07452e,yes,hybrid,https://pubs.rsc.org/en/content/articlepdf/2016/cp/c5cp07452e,W2223984243,2026-08-08T00:16:47Z
10.1039/c5dt00600g,yes,hybrid,https://pubs.rsc.org/en/content/articlepdf/2015/dt/c5dt00600g,W2171054233,2026-08-08T00:16:47Z
10.1039/c5dt02162f,yes,hybrid,https://pubs.rsc.org/en/content/articlepdf/2015/dt/c5dt02162f,W1924454284,2026-08-08T00:16:47Z
10.1039/c5sc02342d,yes,diamond,https://pubs.rsc.org/en/content/articlepdf/2015/sc/c5sc02342d,W2114888214,2026-08-08T00:16:47Z
10.1039/c5sc04461h,yes,diamond,https://pubs.rsc.org/en/content/articlepdf/2016/sc/c5sc04461h,W2194352041,2026-08-08T00:16:47Z
10.1039/c6cp01063f,yes,green,https://escholarship.org/uc/item/1sv4v9v3,W2321243581,2026-08-08T00:16:47Z
10.1039/c6cp03541h,yes,hybrid,https://pubs.rsc.org/en/content/articlepdf/2016/cp/c6cp03541h,W2507969315,2026-08-08T00:16:47Z
10.1039/c6cp08154a,yes,green,http://dx.doi.org/10.1039/c6cp08154a,W2564734301,2026-08-08T00:16:47Z
10.1039/c6dt02537d,yes,hybrid,https://pubs.rsc.org/en/content/articlepdf/2016/dt/c6dt02537d,W2516345736,2026-08-08T00:16:47Z
10.1039/c6dt03752f,yes,hybrid,https://pubs.rsc.org/en/content/articlepdf/2016/dt/c6dt03752f,W2534966425,2026-08-08T00:16:47Z
10.1039/c6fd00135a,yes,green,https://hdl.handle.net/20.500.11820/fbfb6010-6704-4ac7-b465-816476bcb90e,W2408827486,2026-08-08T00:16:47Z
10.1039/c6ob00204h,yes,green,https://www.ncbi.nlm.nih.gov/pmc/articles/4814336,W2292987758,2026-08-08T00:16:47Z
10.1039/c6sc00278a,yes,diamond,https://pubs.rsc.org/en/content/articlepdf/2016/sc/c6sc00278a,W2268601013,2026-08-08T00:16:47Z
10.1039/c6sc01469k,yes,diamond,https://pubs.rsc.org/en/content/articlepdf/2016/sc/c6sc01469k,W2416648101,2026-08-08T00:16:47Z
10.1039/c6sc02035f,yes,diamond,https://pubs.rsc.org/en/content/articlepdf/2016/sc/c6sc02035f,W2439570865,2026-08-08T00:16:47Z
10.1039/c6sc03621j,yes,diamond,https://pubs.rsc.org/en/content/articlepdf/2017/sc/c6sc03621j,W2527752769,2026-08-08T00:16:47Z
10.1039/c6sc05188j,yes,diamond,https://pubs.rsc.org/en/content/articlepdf/2017/sc/c6sc05188j,W2588800132,2026-08-08T00:16:47Z
10.1039/c7cp01331k,yes,hybrid,https://doi.org/10.1039/c7cp01331k,W2602313709,2026-08-08T00:16:47Z
10.1039/c7cp01642e,yes,green,http://dx.doi.org/10.1039/c7cp01642e,W2611031733,2026-08-08T00:16:47Z
10.1039/c7cp04885h,yes,green,http://dx.doi.org/10.1039/c7cp04885h,W2767018253,2026-08-08T00:16:47Z
10.1039/c7cp08472b,yes,bronze,https://pubs.rsc.org/en/content/articlepdf/2018/cp/c7cp08472b,W2787329441,2026-08-08T00:16:47Z
10.1039/c7dt00750g,yes,green,http://hdl.handle.net/2183/21417,W2742009400,2026-08-08T00:16:47Z
10.1039/c7dt03441e,yes,hybrid,https://pubs.rsc.org/en/content/articlepdf/2017/dt/c7dt03441e,W2767057727,2026-08-08T00:16:47Z
10.1039/c7dt04256f,yes,hybrid,https://pubs.rsc.org/en/content/articlepdf/2018/dt/c7dt04256f,W2780841626,2026-08-08T00:16:47Z
10.1039/c7fd00202e,yes,green,https://hdl.handle.net/10550/106563,W2765798707,2026-08-08T00:16:47Z
10.1039/c7pp00299h,yes,hybrid,https://pubs.rsc.org/en/content/articlepdf/2018/pp/c7pp00299h,W2766877326,2026-08-08T00:16:47Z
10.1039/c7ra00506g,yes,gold,https://pubs.rsc.org/en/content/articlepdf/2017/ra/c7ra00506g,W2583236413,2026-08-08T00:16:47Z
10.1039/c7ra12614j,yes,gold,https://pubs.rsc.org/en/content/articlepdf/2018/ra/c7ra12614j,W2787723571,2026-08-08T00:16:47Z
10.1039/c7sc01998j,yes,diamond,https://pubs.rsc.org/en/content/articlepdf/2017/sc/c7sc01998j,W2730611881,2026-08-08T00:16:47Z
10.1039/c7sc04342b,yes,diamond,https://pubs.rsc.org/en/content/articlepdf/2018/sc/c7sc04342b,W2786190540,2026-08-08T00:16:47Z
10.1039/c7sc05034h,yes,diamond,https://pubs.rsc.org/en/content/articlepdf/2018/sc/c7sc05034h,W2774720784,2026-08-08T00:16:47Z
10.1039/c8cp00602d,yes,green,,W2788209667,2026-08-08T00:16:47Z
10.1039/c8cp00657a,yes,green,https://amu.hal.science/hal-02079633,W2799887372,2026-08-08T00:16:47Z
10.1039/c8cp05693e,yes,hybrid,https://pubs.rsc.org/en/content/articlepdf/2019/cp/c8cp05693e,W2902420468,2026-08-08T00:16:47Z
10.1039/c8dt03965h,yes,bronze,https://pubs.rsc.org/en/content/articlepdf/2019/dt/c8dt03965h,W2908011140,2026-08-08T00:16:47Z
10.1039/c8dt04041a,yes,bronze,https://pubs.rsc.org/en/content/articlepdf/2018/dt/c8dt04041a,W2901872305,2026-08-08T00:16:47Z
10.1039/c8sc02599a,yes,diamond,https://pubs.rsc.org/en/content/articlepdf/2019/sc/c8sc02599a,W2899607422,2026-08-08T00:16:47Z
10.1039/c8sc02820f,yes,diamond,https://pubs.rsc.org/en/content/articlepdf/2018/sc/c8sc02820f,W2891343486,2026-08-08T00:16:47Z
10.1039/c8sc03569e,yes,diamond,https://pubs.rsc.org/en/content/articlepdf/2019/sc/c8sc03569e,W2886362076,2026-08-08T00:16:47Z
10.1039/c8sc04384a,yes,diamond,https://pubs.rsc.org/en/content/articlepdf/2019/sc/c8sc04384a,W2900315202,2026-08-08T00:16:47Z
10.1039/c9cp00105k,yes,green,https://ruj.uj.edu.pl/xmlui/handle/item/72074,W2913961631,2026-08-08T00:16:47Z
10.1039/c9cp03208h,yes,hybrid,https://pubs.rsc.org/en/content/articlepdf/2019/cp/c9cp03208h,W2978750051,2026-08-08T00:16:47Z
10.1039/c9cp03308d,yes,green,https://research.rug.nl/en/publications/c1820f44-1923-4de8-a258-8bfb6ad14694,W2977006791,2026-08-08T00:16:47Z
10.1039/c9cp05259c,yes,hybrid,https://pubs.rsc.org/en/content/articlepdf/2019/cp/c9cp05259c,W2977007993,2026-08-08T00:16:47Z
10.1039/c9cp06085e,yes,hybrid,https://pubs.rsc.org/en/content/articlepdf/2020/cp/c9cp06085e,W2987978795,2026-08-08T00:16:47Z
10.1039/c9dt01069f,yes,green,https://research.manchester.ac.uk/en/publications/797b1794-bce6-4b4b-b2d1-ef03946d392d,W2945154241,2026-08-08T00:16:47Z
10.1039/c9dt04486h,yes,green,https://arxiv.org/pdf/1911.09780,W2994927503,2026-08-08T00:16:47Z
10.1039/d0cp00306a,yes,green,https://www.osti.gov/servlets/purl/1766438,W3009950897,2026-08-08T00:16:47Z
10.1039/d0cp02077j,yes,green,https://hdl.handle.net/10550/85357,W3034433424,2026-08-08T00:16:47Z
10.1039/d0cp04056h,yes,green,https://arxiv.org/pdf/2007.15798,W3046349162,2026-08-08T00:16:47Z
10.1039/d0dt00315h,yes,green,https://univ-rennes.hal.science/hal-02533160,W3011049025,2026-08-08T00:16:47Z
10.1039/d0dt02747b,yes,gold,https://ibn.idsi.md/vizualizare_articol/115499,W3094408344,2026-08-08T00:16:47Z
10.1039/d0dt04168h,yes,bronze,https://pubs.rsc.org/en/content/articlepdf/2021/dt/d0dt04168h,W3133990202,2026-08-08T00:16:47Z
10.1039/d0fd00110d,yes,green,https://ueaeprints.uea.ac.uk/id/eprint/100480/1/D0FD00110D.pdf,W3096086284,2026-08-08T00:16:47Z
10.1039/d0qi00854k,yes,hybrid,https://pubs.rsc.org/en/content/articlepdf/2020/qi/d0qi00854k,W3083587694,2026-08-08T00:16:47Z
10.1039/d0ra05777k,yes,gold,https://pubs.rsc.org/en/content/articlepdf/2020/ra/d0ra05777k,W3095292469,2026-08-08T00:16:47Z
10.1039/d0sc02294b,yes,diamond,https://pubs.rsc.org/en/content/articlepdf/2020/sc/d0sc02294b,W3048769630,2026-08-08T00:16:47Z
10.1039/d1cp01101d,yes,hybrid,https://pubs.rsc.org/en/content/articlepdf/2021/cp/d1cp01101d,W3156241714,2026-08-08T00:16:47Z
10.1039/d1cp01695d,yes,green,https://dx.doi.org/10.1039/d1cp01695d,W3166859828,2026-08-08T00:16:47Z
10.1039/d1cp03232a,yes,bronze,https://pubs.rsc.org/en/content/articlepdf/2021/cp/d1cp03232a,W3203436260,2026-08-08T00:16:47Z
10.1039/d1cp04335h,no,closed,,W4205549733,2026-08-08T00:16:47Z
10.1039/d1cp04885f,yes,green,https://www.osti.gov/servlets/purl/1978763,W4220717888,2026-08-08T00:16:47Z
10.1039/d1cp05785e,yes,hybrid,https://pubs.rsc.org/en/content/articlepdf/2022/cp/d1cp05785e,W4210641446,2026-08-08T00:16:47Z
10.1039/d1dt00260k,yes,green,https://hal.science/hal-03193285,W3129789227,2026-08-08T00:16:47Z
10.1039/d1dt01007g,yes,green,https://www.ncbi.nlm.nih.gov/pmc/articles/8214398,W3157582910,2026-08-08T00:16:47Z
10.1039/d1dt02038b,yes,green,,W3187986025,2026-08-08T00:16:47Z
10.1039/d1dt02346b,yes,hybrid,https://pubs.rsc.org/en/content/articlepdf/2021/dt/d1dt02346b,W3203446879,2026-08-08T00:16:47Z
10.1039/d2cc00097k,yes,hybrid,https://pubs.rsc.org/en/content/articlepdf/2022/cc/d2cc00097k,W4225420887,2026-08-08T00:16:47Z
10.1039/d2cc03238d,yes,green,https://www.osti.gov/biblio/1877941,W4285818649,2026-08-08T00:16:47Z
10.1039/d2cp02941c,no,closed,,W4307179396,2026-08-08T00:16:47Z
10.1039/d2cp03051a,yes,hybrid,https://pubs.rsc.org/en/content/articlepdf/2022/cp/d2cp03051a,W4296836638,2026-08-08T00:16:47Z
10.1039/d2cp03643f,yes,hybrid,https://pubs.rsc.org/en/content/articlepdf/2022/cp/d2cp03643f,W4295540268,2026-08-08T00:16:47Z
10.1039/d2cp03791b,no,closed,,W4307500049,2026-08-08T00:16:47Z
10.1039/d2cp04401c,yes,green,https://dx.doi.org/10.1039/d2cp04401c,W4309511557,2026-08-08T00:16:47Z
10.1039/d2qi00275b,yes,hybrid,https://pubs.rsc.org/en/content/articlepdf/2022/qi/d2qi00275b,W4226087386,2026-08-08T00:16:47Z
10.1039/d2ra03004g,yes,gold,https://pubs.rsc.org/en/content/articlepdf/2022/ra/d2ra03004g,W4285113275,2026-08-08T00:16:47Z
10.1039/d2sc03592h,yes,diamond,https://pubs.rsc.org/en/content/articlepdf/2022/sc/d2sc03592h,W4293762069,2026-08-08T00:16:47Z
10.1039/d2sc04187a,yes,diamond,https://pubs.rsc.org/en/content/articlepdf/2022/sc/d2sc04187a,W4296701831,2026-08-08T00:16:47Z
10.1039/d2sc05839a,yes,diamond,https://pubs.rsc.org/en/content/articlepdf/2023/sc/d2sc05839a,W4315780705,2026-08-08T00:16:47Z
10.1039/d2sc06933d,yes,diamond,https://pubs.rsc.org/en/content/articlepdf/2023/sc/d2sc06933d,W4320008496,2026-08-08T00:16:47Z
10.1039/d3cp01243c,no,closed,,W4367721402,2026-08-08T00:16:47Z
10.1039/d3cp01426f,yes,hybrid,https://pubs.rsc.org/en/content/articlepdf/2023/cp/d3cp01426f,W4387718996,2026-08-08T00:16:47Z
10.1039/d3cp01464a,yes,green,https://www.osti.gov/servlets/purl/2007361,W4376133274,2026-08-08T00:16:47Z
10.1039/d3cp02959j,yes,hybrid,http://dx.doi.org/10.1039/d3cp02959j,W4387082690,2026-08-08T00:16:47Z
10.1039/d3cp05695c,yes,hybrid,https://pubs.rsc.org/en/content/articlepdf/2024/cp/d3cp05695c,W4391547407,2026-08-08T00:16:47Z
10.1039/d3cp06039j,yes,hybrid,https://pubs.rsc.org/en/content/articlepdf/2024/cp/d3cp06039j,W4390968481,2026-08-08T00:16:47Z
10.1039/d3dd00051f,yes,diamond,https://pubs.rsc.org/en/content/articlepdf/2023/dd/d3dd00051f,W4381799222,2026-08-08T00:16:47Z
10.1039/d3dt03557c,yes,hybrid,https://pubs.rsc.org/en/content/articlepdf/2024/dt/d3dt03557c,W4390291761,2026-08-08T00:16:47Z
10.1039/d3nr05811e,yes,hybrid,https://doi.org/10.1039/d3nr05811e,W4391166041,2026-08-08T00:16:47Z
10.1039/d3ra01885g,yes,gold,https://pubs.rsc.org/en/content/articlepdf/2023/ra/d3ra01885g,W4377239367,2026-08-08T00:16:47Z
10.1039/d4cp00830h,yes,hybrid,https://pubs.rsc.org/en/content/articlepdf/2024/cp/d4cp00830h,W4394835851,2026-08-08T00:16:47Z
10.1039/d4cp00968a,yes,hybrid,https://pubs.rsc.org/en/content/articlepdf/2024/cp/d4cp00968a,W4396563993,2026-08-08T00:16:47Z
10.1039/d4cp02179g,yes,hybrid,https://pubs.rsc.org/en/content/articlepdf/2024/cp/d4cp02179g,W4401375386,2026-08-08T00:16:47Z
10.1039/d4cp02505a,yes,green,https://www.osti.gov/biblio/2440078,W4402049631,2026-08-08T00:16:47Z
10.1039/d4cp02619e,yes,hybrid,https://pubs.rsc.org/en/content/articlepdf/2024/cp/d4cp02619e,W4403430126,2026-08-08T00:16:47Z
10.1039/d4cp04873c,yes,hybrid,https://doi.org/10.1039/d4cp04873c,W7106800866,2026-08-08T00:16:47Z
10.1039/d4cy00999a,yes,hybrid,https://pubs.rsc.org/en/content/articlepdf/2025/cy/d4cy00999a,W4406309912,2026-08-08T00:16:47Z
10.1039/d4dt00582a,yes,green,https://hal.science/hal-04651744/document,W4399813571,2026-08-08T00:16:47Z
10.1039/d4dt01588f,yes,hybrid,https://pubs.rsc.org/en/content/articlepdf/2024/dt/d4dt01588f,W4400678804,2026-08-08T00:16:47Z
10.1039/d4ra02387k,yes,gold,https://pubs.rsc.org/en/content/articlepdf/2024/ra/d4ra02387k,W4402172345,2026-08-08T00:16:47Z
10.1039/d5cp00603a,yes,hybrid,https://pubs.rsc.org/en/content/articlepdf/2025/cp/d5cp00603a,W4411385665,2026-08-08T00:16:47Z
10.1039/d5cp00881f,yes,hybrid,https://pubs.rsc.org/en/content/articlepdf/2025/cp/d5cp00881f,W4411874770,2026-08-08T00:16:47Z
10.1039/d5cp01525a,yes,hybrid,https://pubs.rsc.org/en/content/articlepdf/2025/cp/d5cp01525a,W4412584375,2026-08-08T00:16:47Z
10.1039/d5dt01004g,yes,hybrid,https://pubs.rsc.org/en/content/articlepdf/2025/dt/d5dt01004g,W4410902126,2026-08-08T00:16:47Z
10.1039/d5dt01381j,yes,hybrid,https://pubs.rsc.org/en/content/articlepdf/2025/dt/d5dt01381j,W4413757703,2026-08-08T00:16:47Z
10.1039/d5sc02544c,yes,diamond,https://pubs.rsc.org/en/content/articlepdf/2025/sc/d5sc02544c,W4411275083,2026-08-08T00:16:47Z
10.1039/d5sc07711g,yes,diamond,https://pubs.rsc.org/en/content/articlepdf/2026/sc/d5sc07711g,W7128476320,2026-08-08T00:16:47Z
10.1039/d5sc09498d,no,closed,,W7160992629,2026-08-08T00:16:47Z
10.1039/d6cp01598k,yes,hybrid,https://doi.org/10.1039/d6cp01598k,W7171356465,2026-08-08T00:16:47Z
10.1039/d6qi00728g,yes,hybrid,https://doi.org/10.1039/d6qi00728g,W7154639117,2026-08-08T00:16:47Z
10.1051/0004-6361/202348473,yes,diamond,https://www.aanda.org/articles/aa/pdf/2024/05/aa48473-23.pdf,W4392502766,2026-08-08T00:16:47Z
10.1051/0004-6361:20000149,yes,bronze,https://www.aanda.org/articles/aa/pdf/2001/03/aah2399.pdf,W2077195574,2026-08-08T00:16:47Z
10.1051/e3sconf/202016505025,yes,diamond,https://www.e3s-conferences.org/articles/e3sconf/pdf/2020/25/e3sconf_caes2020_05025.pdf,W3020966551,2026-08-08T00:16:47Z
10.1051/epjconf/201713203048,yes,diamond,https://www.epj-conferences.org/articles/epjconf/pdf/2017/01/epjconf_spectro2017_03048.pdf,W2559266539,2026-08-08T00:16:47Z
10.1063/1.1305744,yes,bronze,https://pubs.aip.org/aip/jcp/article-pdf/113/7/2662/10829643/2662_1_online.pdf,W2051010459,2026-08-08T00:16:47Z
10.1063/1.1321768,yes,bronze,https://pubs.aip.org/aip/jcp/article-pdf/113/21/9586/10828490/9586_1_online.pdf,W1223086347,2026-08-08T00:16:47Z
10.1063/1.1327263,yes,bronze,https://pubs.aip.org/aip/jcp/article-pdf/113/24/10983/10829952/10983_1_online.pdf,W1637036156,2026-08-08T00:16:47Z
10.1063/1.1346577,yes,bronze,https://pubs.aip.org/aip/jcp/article-pdf/114/7/2879/10834122/2879_1_online.pdf,W1626538226,2026-08-08T00:16:47Z
10.1063/1.1355986,yes,bronze,https://aip.scitation.org/doi/pdf/10.1063/1.1355986,W2084250155,2026-08-08T00:16:47Z
10.1063/1.1381010,yes,bronze,https://pubs.aip.org/aip/jcp/article-pdf/115/6/2540/10837680/2540_1_online.pdf,W1608975447,2026-08-08T00:16:47Z
10.1063/1.1381011,yes,bronze,https://aip.scitation.org/doi/pdf/10.1063/1.1381011,W2017995413,2026-08-08T00:16:47Z
10.1063/1.1381012,yes,bronze,https://pubs.aip.org/aip/jcp/article-pdf/115/3/1287/10836920/1287_1_online.pdf,W1586596226,2026-08-08T00:16:47Z
10.1063/1.1385151,yes,green,https://diposit.ub.edu/dspace/bitstream/2445/164268/1/188614.pdf,W1993273103,2026-08-08T00:16:47Z
10.1063/1.1398101,yes,bronze,https://aip.scitation.org/doi/pdf/10.1063/1.1398101,W1986957985,2026-08-08T00:16:47Z
10.1063/1.1398103,yes,bronze,https://aip.scitation.org/doi/pdf/10.1063/1.1398103,W1577239455,2026-08-08T00:16:47Z
10.1063/1.1408298,yes,bronze,https://aip.scitation.org/doi/pdf/10.1063/1.1408298,W1667779756,2026-08-08T00:16:47Z
10.1063/1.1408301,yes,bronze,https://aip.scitation.org/doi/pdf/10.1063/1.1408301,W2318011093,2026-08-08T00:16:47Z
10.1063/1.1411998,yes,bronze,https://pubs.aip.org/aip/jcp/article-pdf/115/19/8758/10835295/8758_1_online.pdf,W2139367368,2026-08-08T00:16:47Z
10.1063/1.1427714,yes,bronze,https://aip.scitation.org/doi/pdf/10.1063/1.1427714,W2089533823,2026-08-08T00:16:47Z
10.1063/1.1482706,yes,green,http://hdl.handle.net/10550/12946,W2069819498,2026-08-08T00:16:47Z
10.1063/1.1484384,yes,bronze,https://pubs.aip.org/aip/jcp/article-pdf/117/2/680/10843783/680_1_online.pdf,W1987986806,2026-08-08T00:16:47Z
10.1063/1.1554271,yes,bronze,https://aip.scitation.org/doi/pdf/10.1063/1.1554271,W1564664773,2026-08-08T00:16:47Z
10.1063/1.1604378,yes,bronze,https://pubs.aip.org/aip/jcp/article-pdf/119/13/6524/10850951/6524_1_online.pdf,W2092499906,2026-08-08T00:16:47Z
10.1063/1.1615766,yes,bronze,https://pubs.aip.org/aip/jcp/article-pdf/119/18/9504/10851592/9504_1_online.pdf,W1636201503,2026-08-08T00:16:47Z
10.1063/1.1704639,yes,green,https://hiroshima.repo.nii.ac.jp/records/2007265,W1998887703,2026-08-08T00:16:47Z
10.1063/1.1710046,yes,bronze,https://pubs.aip.org/aip/jcp/article-pdf/120/20/9473/10856822/9473_1_online.pdf,W1545715709,2026-08-08T00:16:47Z
10.1063/1.1772357,yes,bronze,https://pubs.aip.org/aip/jcp/article-pdf/121/9/4127/10864854/4127_1_online.pdf,W2093696848,2026-08-08T00:16:47Z
10.1063/1.1810135,yes,bronze,https://pubs.aip.org/aip/jcp/article-pdf/121/22/11000/10860897/11000_1_online.pdf,W2020659146,2026-08-08T00:16:47Z
10.1063/1.2121567,yes,bronze,https://pubs.aip.org/aip/jcp/article-pdf/doi/10.1063/1.2121567/15379097/204502_1_online.pdf,W1649894989,2026-08-08T00:16:47Z
10.1063/1.2180772,yes,bronze,https://aip.scitation.org/doi/pdf/10.1063/1.2180772,W1613767290,2026-08-08T00:16:47Z
10.1063/1.2187974,yes,bronze,https://aip.scitation.org/doi/pdf/10.1063/1.2187974,W1972598001,2026-08-08T00:16:47Z
10.1063/1.2202738,yes,bronze,https://aip.scitation.org/doi/pdf/10.1063/1.2202738,W2009567571,2026-08-08T00:16:47Z
10.1063/1.2646522,yes,bronze,https://aip.scitation.org/doi/pdf/10.1063/1.2646522,W2034274286,2026-08-08T00:16:47Z
10.1063/1.2710268,yes,bronze,https://aip.scitation.org/doi/pdf/10.1063/1.2710268,W1614289379,2026-08-08T00:16:47Z
10.1063/1.2800020,yes,green,https://estudogeral.uc.pt/bitstream/10316/17930/1/J.Chem.Phys.%2c%20127%20%282007%29%20164320.pdf,W1628972969,2026-08-08T00:16:47Z
10.1063/1.2800023,yes,bronze,https://aip.scitation.org/doi/pdf/10.1063/1.2800023,W2050402562,2026-08-08T00:16:47Z
10.1063/1.2883976,yes,green,https://arxiv.org/pdf/0712.2475,W2069560102,2026-08-08T00:16:47Z
10.1063/1.2920188,yes,bronze,https://pubs.aip.org/aip/jcp/article-pdf/doi/10.1063/1.2920188/13482411/204109_1_online.pdf,W2160052848,2026-08-08T00:16:47Z
10.1063/1.2943147,yes,bronze,https://aip.scitation.org/doi/pdf/10.1063/1.2943147,W1981397671,2026-08-08T00:16:47Z
10.1063/1.3122542,yes,bronze,https://aip.scitation.org/doi/pdf/10.1063/1.3122542,W1648036190,2026-08-08T00:16:47Z
10.1063/1.3148366,yes,bronze,https://pubs.aip.org/aip/jcp/article-pdf/doi/10.1063/1.3148366/13294774/024304_1_online.pdf,W1992834044,2026-08-08T00:16:47Z
10.1063/1.3238234,yes,green,http://hdl.handle.net/10550/2370,W2066042012,2026-08-08T00:16:47Z
10.1063/1.3292572,yes,bronze,https://pubs.aip.org/aip/jcp/article-pdf/doi/10.1063/1.3292572/14746639/024312_1_online.pdf,W2041834598,2026-08-08T00:16:47Z
10.1063/1.3295047,yes,green,https://www.osti.gov/servlets/purl/992194,W2068870660,2026-08-08T00:16:47Z
10.1063/1.3426315,yes,green,http://dx.doi.org/10.1063/1.3426315,W1987813516,2026-08-08T00:16:47Z
10.1063/1.3432764,yes,green,https://arxiv.org/pdf/0909.2215,W2012960076,2026-08-08T00:16:47Z
10.1063/1.3442374,yes,bronze,https://pubs.aip.org/aip/jcp/article-pdf/doi/10.1063/1.3442374/16124413/244306_1_online.pdf,W1994759132,2026-08-08T00:16:47Z
10.1063/1.3474571,yes,bronze,https://aip.scitation.org/doi/pdf/10.1063/1.3474571,W2035215402,2026-08-08T00:16:47Z
10.1063/1.3479395,yes,bronze,https://pubs.aip.org/aip/jcp/article-pdf/doi/10.1063/1.3479395/13342687/124311_1_online.pdf,W1619312465,2026-08-08T00:16:47Z
10.1063/1.3491264,yes,bronze,https://aip.scitation.org/doi/pdf/10.1063/1.3491264,W1973087785,2026-08-08T00:16:47Z
10.1063/1.3549143,yes,bronze,https://pubs.aip.org/aip/jcp/article-pdf/doi/10.1063/1.3549143/15433420/074510_1_online.pdf,W2094368805,2026-08-08T00:16:47Z
10.1063/1.3635403,yes,bronze,https://pubs.aip.org/aip/jcp/article-pdf/doi/10.1063/1.3635403/15440269/104311_1_online.pdf,W1979304993,2026-08-08T00:16:47Z
10.1063/1.3636084,yes,bronze,https://aip.scitation.org/doi/pdf/10.1063/1.3636084,W2076646343,2026-08-08T00:16:47Z
10.1063/1.3651536,yes,bronze,https://aip.scitation.org/doi/pdf/10.1063/1.3651536,W1983551502,2026-08-08T00:16:47Z
10.1063/1.3660356,yes,bronze,https://pubs.aip.org/aip/jcp/article-pdf/doi/10.1063/1.3660356/15445604/194305_1_online.pdf,W2093601950,2026-08-08T00:16:47Z
10.1063/1.3695371,yes,bronze,https://pubs.aip.org/aip/jcp/article-pdf/doi/10.1063/1.3695371/15448328/114312_1_online.pdf,W2067309662,2026-08-08T00:16:47Z
10.1063/1.449649,yes,bronze,https://pubs.aip.org/aip/jcp/article-pdf/83/11/5735/7519791/5735_1_online.pdf,W2079780924,2026-08-08T00:16:47Z
10.1063/1.451042,yes,bronze,https://pubs.aip.org/aip/jcp/article-pdf/85/5/2836/13936701/2836_1_online.pdf,W3175546333,2026-08-08T00:16:47Z
10.1063/1.451610,yes,bronze,https://pubs.aip.org/aip/jcp/article-pdf/85/1/354/11127330/354_1_online.pdf,W2085525001,2026-08-08T00:16:47Z
10.1063/1.464549,yes,bronze,https://pubs.aip.org/aip/jcp/article-pdf/98/10/7951/10989461/7951_1_online.pdf,W1981218302,2026-08-08T00:16:47Z
10.1063/1.465071,yes,green,http://hdl.handle.net/10550/12988,W2150875231,2026-08-08T00:16:47Z
10.1063/1.468587,yes,bronze,https://aip.scitation.org/doi/pdf/10.1063/1.468587,W2059855561,2026-08-08T00:16:47Z
10.1063/1.469899,yes,bronze,https://pubs.aip.org/aip/jcp/article-pdf/103/24/10492/8104621/10492_1_online.pdf,W2036816885,2026-08-08T00:16:47Z
10.1063/1.4705428,yes,green,http://dx.doi.org/10.1063/1.4705428,W2054184880,2026-08-08T00:16:47Z
10.1063/1.470583,yes,green,https://ntrs.nasa.gov/api/citations/19970001865/downloads/19970001865.pdf,W2063243745,2026-08-08T00:16:47Z
10.1063/1.470619,yes,bronze,https://aip.scitation.org/doi/pdf/10.1063/1.470619,W1972218488,2026-08-08T00:16:47Z
10.1063/1.470629,yes,green,https://ntrs.nasa.gov/api/citations/19980018173/downloads/19980018173.pdf,W2071168313,2026-08-08T00:16:47Z
10.1063/1.470953,yes,green,https://archive-ouverte.unige.ch/unige:2968,W2068395071,2026-08-08T00:16:47Z
10.1063/1.471880,no,closed,,W2050907621,2026-08-08T00:16:47Z
10.1063/1.472376,no,closed,,W2032511693,2026-08-08T00:16:47Z
10.1063/1.472857,yes,bronze,https://pubs.aip.org/aip/jcp/article-pdf/105/22/9921/9439124/9921_1_online.pdf,W2027933049,2026-08-08T00:16:47Z
10.1063/1.473161,yes,green,https://research.rug.nl/en/publications/ac3cad96-de68-4770-a0c5-b85d2562d36b,W2119983744,2026-08-08T00:16:47Z
10.1063/1.4734595,yes,bronze,https://pubs.aip.org/aip/jcp/article-pdf/doi/10.1063/1.4734595/15451942/034309_1_online.pdf,W2039613704,2026-08-08T00:16:47Z
10.1063/1.4735018,yes,bronze,https://pubs.aip.org/aip/jcp/article-pdf/doi/10.1063/1.4735018/15451482/034104_1_online.pdf,W2075557019,2026-08-08T00:16:47Z
10.1063/1.473887,yes,bronze,https://pubs.aip.org/aip/jcp/article-pdf/106/19/8093/10783825/8093_1_online.pdf,W2043319671,2026-08-08T00:16:47Z
10.1063/1.4752411,yes,bronze,https://pubs.aip.org/aip/jcp/article-pdf/doi/10.1063/1.4752411/15452992/124303_1_online.pdf,W2012822097,2026-08-08T00:16:47Z
10.1063/1.475610,yes,bronze,https://pubs.aip.org/aip/jcp/article-pdf/108/5/2005/6681789/2005_1_online.pdf,W1667476507,2026-08-08T00:16:47Z
10.1063/1.4789416,yes,bronze,https://pubs.aip.org/aip/jcp/article-pdf/doi/10.1063/1.4789416/13309631/054308_1_online.pdf,W2016315233,2026-08-08T00:16:47Z
10.1063/1.480180,yes,bronze,https://pubs.aip.org/aip/jcp/article-pdf/111/18/8384/10802096/8384_1_online.pdf,W2068668400,2026-08-08T00:16:47Z
10.1063/1.480854,yes,bronze,https://aip.scitation.org/doi/pdf/10.1063/1.480854,W1554453990,2026-08-08T00:16:47Z
10.1063/1.481234,yes,bronze,https://pubs.aip.org/aip/jcp/article-pdf/112/15/6608/10805327/6608_1_online.pdf,W2080870617,2026-08-08T00:16:47Z
10.1063/1.4817199,yes,green,http://hdl.handle.net/10261/215816,W2031736620,2026-08-08T00:16:47Z
10.1063/1.4818727,yes,bronze,https://aip.scitation.org/doi/pdf/10.1063/1.4818727,W1990088943,2026-08-08T00:16:47Z
10.1063/1.4833563,yes,bronze,https://aip.scitation.org/doi/pdf/10.1063/1.4833563,W1992559052,2026-08-08T00:16:47Z
10.1063/1.4853655,yes,bronze,https://aip.scitation.org/doi/pdf/10.1063/1.4853655,W2035901698,2026-08-08T00:16:47Z
10.1063/1.4858412,yes,bronze,https://pubs.aip.org/aip/jcp/article-pdf/doi/10.1063/1.4858412/15472869/034305_1_online.pdf,W2057303726,2026-08-08T00:16:47Z
10.1063/1.4875695,yes,bronze,https://aip.scitation.org/doi/pdf/10.1063/1.4875695,W2111716638,2026-08-08T00:16:47Z
10.1063/1.4875810,yes,bronze,https://pubs.aip.org/aip/jcp/article-pdf/doi/10.1063/1.4875810/9542729/194105_1_online.pdf,W1975511274,2026-08-08T00:16:47Z
10.1063/1.4880275,yes,bronze,https://pubs.aip.org/aip/jcp/article-pdf/doi/10.1063/1.4880275/13646031/224316_1_online.pdf,W1985602149,2026-08-08T00:16:47Z
10.1063/1.4901328,yes,bronze,https://aip.scitation.org/doi/pdf/10.1063/1.4901328,W2073732130,2026-08-08T00:16:47Z
10.1063/1.4902384,yes,green,https://arxiv.org/pdf/1411.3512,W2075672979,2026-08-08T00:16:47Z
10.1063/1.4922920,yes,green,https://arxiv.org/pdf/1506.08720,W3121750444,2026-08-08T00:16:47Z
10.1063/1.4928588,yes,hybrid,https://aip.scitation.org/doi/pdf/10.1063/1.4928588,W2149945995,2026-08-08T00:16:47Z
10.1063/1.4935375,yes,green,https://www.osti.gov/servlets/purl/1224351,W2212064569,2026-08-08T00:16:47Z
10.1063/1.4941606,yes,bronze,https://aip.scitation.org/doi/pdf/10.1063/1.4941606,W2208958082,2026-08-08T00:16:47Z
10.1063/1.4941608,yes,bronze,https://aip.scitation.org/doi/pdf/10.1063/1.4941608,W2287666696,2026-08-08T00:16:47Z
10.1063/1.4945623,yes,green,https://arxiv.org/pdf/1509.06657,W2341214123,2026-08-08T00:16:47Z
10.1063/1.4948648,yes,bronze,https://aip.scitation.org/doi/pdf/10.1063/1.4948648,W2379539743,2026-08-08T00:16:47Z
10.1063/1.4948956,yes,hybrid,https://aip.scitation.org/doi/pdf/10.1063/1.4948956,W2394874500,2026-08-08T00:16:47Z
10.1063/1.4971856,yes,bronze,https://aip.scitation.org/doi/pdf/10.1063/1.4971856,W2566389515,2026-08-08T00:16:47Z
10.1063/1.4972812,yes,hybrid,https://aip.scitation.org/doi/pdf/10.1063/1.4972812,W2561748236,2026-08-08T00:16:47Z
10.1063/1.4983704,yes,bronze,https://aip.scitation.org/doi/pdf/10.1063/1.4983704,W2618097110,2026-08-08T00:16:47Z
10.1063/1.4983813,yes,green,https://www.ncbi.nlm.nih.gov/pmc/articles/5451298,W2619410558,2026-08-08T00:16:47Z
10.1063/1.4984591,yes,green,https://arxiv.org/pdf/1703.07204,W2608482576,2026-08-08T00:16:47Z
10.1063/1.4986975,yes,bronze,https://aip.scitation.org/doi/pdf/10.1063/1.4986975,W2677667036,2026-08-08T00:16:47Z
10.1063/1.4989465,yes,hybrid,https://aip.scitation.org/doi/pdf/10.1063/1.4989465,W2709439784,2026-08-08T00:16:47Z
10.1063/1.4990661,yes,bronze,https://aip.scitation.org/doi/pdf/10.1063/1.4990661,W2752338593,2026-08-08T00:16:47Z
10.1063/1.4993648,yes,gold,https://doi.org/10.1063/1.4993648,W2765728662,2026-08-08T00:16:47Z
10.1063/1.4994725,yes,green,https://www.osti.gov/servlets/purl/1535331,W2750581623,2026-08-08T00:16:47Z
10.1063/1.4998256,yes,green,https://www.osti.gov/servlets/purl/1512954,W2765822382,2026-08-08T00:16:47Z
10.1063/1.5019735,yes,green,https://arxiv.org/pdf/1712.02339,W2773945081,2026-08-08T00:16:47Z
10.1063/1.5025942,yes,bronze,https://aip.scitation.org/doi/pdf/10.1063/1.5025942,W2801422235,2026-08-08T00:16:47Z
10.1063/1.5036594,yes,green,https://arxiv.org/pdf/1804.06470,W2798263563,2026-08-08T00:16:47Z
10.1063/1.5064716,yes,bronze,https://aip.scitation.org/doi/pdf/10.1063/1.5064716,W2907805243,2026-08-08T00:16:47Z
10.1063/1.5092613,yes,hybrid,https://aip.scitation.org/doi/pdf/10.1063/1.5092613,W2944258949,2026-08-08T00:16:47Z
10.1063/1.5094644,yes,bronze,https://aip.scitation.org/doi/pdf/10.1063/1.5094644,W2945883321,2026-08-08T00:16:47Z
10.1063/1.5110477,yes,green,https://arxiv.org/pdf/1905.06833,W2945369414,2026-08-08T00:16:47Z
10.1063/1.5115819,yes,hybrid,https://aip.scitation.org/doi/pdf/10.1063/1.5115819,W2973348934,2026-08-08T00:16:47Z
10.1063/1.5129029,yes,hybrid,https://aip.scitation.org/doi/pdf/10.1063/1.5129029,W3011447792,2026-08-08T00:16:47Z
10.1063/1.5131753,yes,green,https://www.research.unipd.it/bitstream/11577/3325485/1/JCP_proofs.pdf,W3000103216,2026-08-08T00:16:47Z
10.1063/1.5140086,yes,green,https://arxiv.org/pdf/1911.11042,W3004496785,2026-08-08T00:16:47Z
10.1063/1.5143747,yes,green,https://arxiv.org/pdf/2001.02206,W2999956771,2026-08-08T00:16:47Z
10.1063/5.0004835,yes,hybrid,https://aip.scitation.org/doi/pdf/10.1063/5.0004835,W3033513062,2026-08-08T00:16:47Z
10.1063/5.0007040,yes,green,https://research.manchester.ac.uk/en/publications/3522f6fc-84d7-43ca-9559-603f8e0918df,W3041093158,2026-08-08T00:16:47Z
10.1063/5.0010019,yes,hybrid,https://aip.scitation.org/doi/pdf/10.1063/5.0010019,W3033717708,2026-08-08T00:16:47Z
10.1063/5.0010068,yes,green,https://www.osti.gov/biblio/1631882,W3033880303,2026-08-08T00:16:47Z
10.1063/5.0011948,yes,gold,https://doi.org/10.1063/5.0011948,W3046534471,2026-08-08T00:16:47Z
10.1063/5.0014406,yes,green,https://www.osti.gov/servlets/purl/1800018,W3081324902,2026-08-08T00:16:47Z
10.1063/5.0023353,yes,green,https://arxiv.org/pdf/2008.00220,W3046462445,2026-08-08T00:16:47Z
10.1063/5.0024134,yes,green,https://www.osti.gov/biblio/1664436,W3085402209,2026-08-08T00:16:47Z
10.1063/5.0030944,yes,hybrid,https://aip.scitation.org/doi/pdf/10.1063/5.0030944,W3119100192,2026-08-08T00:16:47Z
10.1063/5.0031208,yes,green,https://www.osti.gov/servlets/purl/1853774,W3120060997,2026-08-08T00:16:47Z
10.1063/5.0038047,yes,bronze,https://aip.scitation.org/doi/pdf/10.1063/5.0038047,W3126055729,2026-08-08T00:16:47Z
10.1063/5.0038281,yes,bronze,https://aip.scitation.org/doi/pdf/10.1063/5.0038281,W3131583483,2026-08-08T00:16:47Z
10.1063/5.0048146,yes,bronze,https://aip.scitation.org/doi/pdf/10.1063/5.0048146,W3172094016,2026-08-08T00:16:47Z
10.1063/5.0051211,yes,hybrid,https://aip.scitation.org/doi/pdf/10.1063/5.0051211,W3169885071,2026-08-08T00:16:47Z
10.1063/5.0051218,yes,hybrid,https://doi.org/10.1063/5.0051218,W3169228067,2026-08-08T00:16:47Z
10.1063/5.0054743,yes,hybrid,https://aip.scitation.org/doi/pdf/10.1063/5.0054743,W3154176672,2026-08-08T00:16:47Z
10.1063/5.0072129,yes,hybrid,https://doi.org/10.1063/5.0072129,W3212105578,2026-08-08T00:16:47Z
10.1063/5.0076010,yes,hybrid,https://doi.org/10.1063/5.0076010,W3215419071,2026-08-08T00:16:47Z
10.1063/5.0085081,yes,hybrid,https://aip.scitation.org/doi/pdf/10.1063/5.0085081,W4214930369,2026-08-08T00:16:47Z
10.1063/5.0085515,yes,green,https://doi.org/10.48550/arxiv.2201.06514,W4223456215,2026-08-08T00:16:47Z
10.1063/5.0087743,yes,hybrid,https://aip.scitation.org/doi/pdf/10.1063/5.0087743,W4224864023,2026-08-08T00:16:47Z
10.1063/5.0090129,yes,green,https://hal.science/hal-03711124,W4280619364,2026-08-08T00:16:47Z
10.1063/5.0090342,yes,green,https://arxiv.org/pdf/2301.00668,W4280497489,2026-08-08T00:16:47Z
10.1063/5.0090447,yes,hybrid,https://pubs.aip.org/aip/jcp/article-pdf/doi/10.1063/5.0090447/16684026/204104_1_online.pdf,W4221141629,2026-08-08T00:16:47Z
10.1063/5.0097451,yes,green,https://arxiv.org/pdf/2206.03540,W4281724724,2026-08-08T00:16:47Z
10.1063/5.0101838,yes,green,https://arxiv.org/pdf/2206.01989,W4281892773,2026-08-08T00:16:47Z
10.1063/5.0106422,yes,green,https://portal.findresearcher.sdu.dk/da/publications/675f0d8b-586d-4838-bf04-4b2efd3b6332,W4297996670,2026-08-08T00:16:47Z
10.1063/5.0112556,yes,hybrid,https://aip.scitation.org/doi/pdf/10.1063/5.0112556,W4301394822,2026-08-08T00:16:47Z
10.1063/5.0125460,yes,green,https://roderic.uv.es/bitstreams/283b197f-cbf2-498a-840d-9a7cebc25435/download,W4308434679,2026-08-08T00:16:47Z
10.1063/5.0143793,no,closed,,W4366996515,2026-08-08T00:16:47Z
10.1063/5.0147611,no,closed,,W4372295564,2026-08-08T00:16:47Z
10.1063/5.0159246,yes,bronze,https://pubs.aip.org/aip/jcp/article-pdf/doi/10.1063/5.0159246/18129579/114117_1_5.0159246.pdf,W4386845898,2026-08-08T00:16:47Z
10.1063/5.0165769,no,closed,,W38127380,2026-08-08T00:16:47Z
10.1063/5.0183568,yes,bronze,https://pubs.aip.org/aip/jcp/article-pdf/doi/10.1063/5.0183568/19717535/104101_1_5.0183568.pdf,W4392596617,2026-08-08T00:16:47Z
10.1063/5.0197895,yes,bronze,https://pubs.aip.org/aip/jcp/article-pdf/doi/10.1063/5.0197895/19750846/114303_1_5.0197895.pdf,W4392863947,2026-08-08T00:16:47Z
10.1063/5.0203105,yes,hybrid,https://pubs.aip.org/aip/jcp/article-pdf/doi/10.1063/5.0203105/19873879/144305_1_5.0203105.pdf,W4394608676,2026-08-08T00:16:47Z
10.1063/5.0203550,yes,bronze,https://pubs.aip.org/aip/jcp/article-pdf/doi/10.1063/5.0203550/20025823/011103_1_5.0203550.pdf,W4400248302,2026-08-08T00:16:47Z
10.1063/5.0203667,yes,hybrid,https://pubs.aip.org/aip/jcp/article-pdf/doi/10.1063/5.0203667/19969876/204307_1_5.0203667.pdf,W4391901280,2026-08-08T00:16:47Z
10.1063/5.0203683,yes,hybrid,https://pubs.aip.org/aip/jcp/article-pdf/doi/10.1063/5.0203683/19899747/164310_1_5.0203683.pdf,W4395463914,2026-08-08T00:16:47Z
10.1063/5.0215697,yes,green,https://www.osti.gov/biblio/2403625,W4400200856,2026-08-08T00:16:47Z
10.1063/5.0246270,yes,hybrid,https://pubs.aip.org/aip/jcp/article-pdf/doi/10.1063/5.0246270/20417640/094102_1_5.0246270.pdf,W4408115116,2026-08-08T00:16:47Z
10.1063/5.0262473,yes,hybrid,https://doi.org/10.1063/5.0262473,W4409368624,2026-08-08T00:16:47Z
10.1063/5.0277568,yes,gold,https://pubs.aip.org/aip/adv/article-pdf/doi/10.1063/5.0277568/20854663/015102_1_5.0277568.pdf,W7118020300,2026-08-08T00:16:47Z
10.1063/5.0292616,no,closed,,W4416853397,2026-08-08T00:16:47Z
10.1063/5.0293294,yes,hybrid,https://pubs.aip.org/aip/jcp/article-pdf/doi/10.1063/5.0293294/20824116/214305_1_5.0293294.pdf,W4416917679,2026-08-08T00:16:47Z
10.1063/5.0294497,no,closed,,W4416277340,2026-08-08T00:16:47Z
10.1063/5.0297328,no,closed,,W4417497383,2026-08-08T00:16:47Z
10.1063/5.0313345,no,closed,,W7131388947,2026-08-08T00:16:47Z
10.1063/5.0313670,no,closed,,W7147506679,2026-08-08T00:16:47Z
10.1063/5.0317597,no,closed,,W7154619742,2026-08-08T00:16:47Z
10.1063/5.0320535,yes,hybrid,https://doi.org/10.1063/5.0320535,W7155198180,2026-08-08T00:16:47Z
10.1063/5.0320566,yes,hybrid,https://pubs.aip.org/aip/jcp/article-pdf/doi/10.1063/5.0320566/21014957/204303_1_5.0320566.pdf,W7162076998,2026-08-08T00:16:47Z
10.1063/5.0324882,no,closed,,W7163704918,2026-08-08T00:16:47Z
10.1063/5.0327441,yes,hybrid,https://doi.org/10.1063/5.0327441,W7164914603,2026-08-08T00:16:47Z
10.1073/pnas.1001603107,yes,bronze,https://www.pnas.org/doi/pdf/10.1073/pnas.1001603107,W1535436850,2026-08-08T00:16:47Z
10.1073/pnas.2419413121,yes,hybrid,https://doi.org/10.1073/pnas.2419413121,W4405896123,2026-08-08T00:16:47Z
10.1080/00268970009483311,yes,green,https://durham-repository.worktribe.com/output/1450557,W2171511331,2026-08-08T00:16:47Z
10.1080/00268970110112327,yes,bronze,https://www.tandfonline.com/doi/abs/10.1080/00268970110112327,W2113939091,2026-08-08T00:16:47Z
10.1080/00268970701549389,yes,green,https://hal.science/hal-00513126,W2131383545,2026-08-08T00:16:47Z
10.1080/00268970701604689,yes,green,https://hal.science/hal-00513135,W1995092221,2026-08-08T00:16:47Z
10.1080/00268976.2010.503666,yes,green,http://dx.doi.org/10.1080/00268976.2010.503666,W2035436070,2026-08-08T00:16:47Z
10.1080/00268976.2012.697585,yes,green,http://dx.doi.org/10.1080/00268976.2012.697585,W2080079019,2026-08-08T00:16:47Z
10.1080/00268976.2015.1025880,yes,hybrid,https://www.tandfonline.com/doi/pdf/10.1080/00268976.2015.1025880?needAccess=true,W1854933703,2026-08-08T00:16:47Z
10.1080/00268976.2016.1164348,yes,green,,W2324347976,2026-08-08T00:16:47Z
10.1080/00268976.2016.1201600,yes,green,,W2466175445,2026-08-08T00:16:47Z
10.1080/00268976.2016.1213436,yes,green,,W2487248808,2026-08-08T00:16:47Z
10.1080/00268976.2016.1225994,yes,green,https://arxiv.org/pdf/1609.05073,W2520570608,2026-08-08T00:16:47Z
10.1080/00268976.2018.1457807,yes,green,https://arxiv.org/pdf/1802.00096,W2786938554,2026-08-08T00:16:47Z
10.1080/00268976.2020.1802072,yes,green,https://arxiv.org/pdf/2007.11939,W3047010313,2026-08-08T00:16:47Z
10.1080/00268976.2024.2318016,yes,green,https://dipot.ulb.ac.be/dspace/bitstream/2013/373140/3/Demaison_2024_NO2.pdf,W4391927193,2026-08-08T00:16:47Z
10.1080/00268976.2025.2563030,yes,green,,W4414848445,2026-08-08T00:16:47Z
10.1086/309178,yes,bronze,https://iopscience.iop.org/article/10.1086/309178/pdf,W2018302707,2026-08-08T00:16:47Z
10.1086/591486,yes,bronze,https://iopscience.iop.org/article/10.1086/591486/pdf,W2007234316,2026-08-08T00:16:47Z
10.1088/0953-4075/48/18/185104,yes,green,https://arxiv.org/pdf/1503.08679,W2255339198,2026-08-08T00:16:47Z
10.1088/0953-4075/49/8/084001,yes,bronze,https://iopscience.iop.org/article/10.1088/0953-4075/49/8/084001/pdf,W1981894814,2026-08-08T00:16:47Z
10.1088/0953-8984/24/5/055502,yes,bronze,https://iopscience.iop.org/article/10.1088/0953-8984/24/5/055502/pdf,W1981252313,2026-08-08T00:16:47Z
10.1088/1361-6455/ac8213,yes,green,https://www.osti.gov/servlets/purl/2475591,W4285800420,2026-08-08T00:16:47Z
10.1088/1361-6455/ad9a2f,yes,hybrid,https://doi.org/10.1088/1361-6455/ad9a2f,W4404942744,2026-08-08T00:16:47Z
10.1088/1367-2630/abd50d,yes,gold,https://doi.org/10.1088/1367-2630/abd50d,W3128581346,2026-08-08T00:16:47Z
10.1088/1402-4896/ad2145,yes,hybrid,https://doi.org/10.1088/1402-4896/ad2145,W4391095463,2026-08-08T00:16:47Z
10.1088/1674-1056/ac5607,yes,bronze,https://iopscience.iop.org/article/10.1088/1674-1056/ac5607/pdf,W4212850856,2026-08-08T00:16:47Z
10.1088/1674-1056/ae12df,yes,hybrid,https://doi.org/10.1088/1674-1056/ae12df,W4415167915,2026-08-08T00:16:47Z
10.1088/1742-6596/2734/1/012052,yes,diamond,https://iopscience.iop.org/article/10.1088/1742-6596/2734/1/012052/pdf,W4394624704,2026-08-08T00:16:47Z
10.1088/1742-6596/388/2/022017,yes,diamond,https://iopscience.iop.org/article/10.1088/1742-6596/388/2/022017/pdf,W1983762859,2026-08-08T00:16:47Z
10.1088/1742-6596/61/1/051,yes,diamond,https://iopscience.iop.org/article/10.1088/1742-6596/61/1/051/pdf,W2150080435,2026-08-08T00:16:47Z
10.1088/1742-6596/869/1/012001,yes,diamond,https://iopscience.iop.org/article/10.1088/1742-6596/869/1/012001/pdf,W2734662114,2026-08-08T00:16:47Z
10.1088/1755-1315/358/3/032038,yes,diamond,https://iopscience.iop.org/article/10.1088/1755-1315/358/3/032038/pdf,W3010316305,2026-08-08T00:16:47Z
10.1088/1757-899x/80/1/012025,yes,diamond,https://iopscience.iop.org/article/10.1088/1757-899X/80/1/012025/pdf,W2015596727,2026-08-08T00:16:47Z
10.1088/2399-6528/aac3f8,yes,gold,https://doi.org/10.1088/2399-6528/aac3f8,W2801999717,2026-08-08T00:16:47Z
10.1093/mnras/stac2004,yes,hybrid,https://academic.oup.com/mnras/article-pdf/516/1/1158/45687712/stac2004.pdf,W4286789997,2026-08-08T00:16:47Z
10.1093/mnras/stae1340,yes,gold,https://academic.oup.com/mnras/article-pdf/531/3/3023/58108538/stae1340.pdf,W4399395240,2026-08-08T00:16:47Z
10.1093/mnras/stag985,yes,gold,https://doi.org/10.1093/mnras/stag985,W7162304630,2026-08-08T00:16:47Z
10.1093/mnras/stw1969,yes,bronze,https://academic.oup.com/mnras/article-pdf/463/1/771/18756550/stw1969.pdf,W2507470918,2026-08-08T00:16:47Z
10.1093/mnras/stx630,yes,green,https://arxiv.org/pdf/1702.07777,W2592076447,2026-08-08T00:16:47Z
10.1093/mnras/sty2050,yes,hybrid,https://academic.oup.com/mnras/article-pdf/480/3/3397/25508720/sty2050.pdf,W2886109603,2026-08-08T00:16:47Z
10.1093/ptep/ptt118,yes,gold,https://doi.org/10.1093/ptep/ptt118,W2138166233,2026-08-08T00:16:47Z
10.1098/rsta.2016.0194,yes,bronze,https://royalsocietypublishing.org/doi/pdf/10.1098/rsta.2016.0194,W2598842853,2026-08-08T00:16:47Z
10.1098/rsta.2016.0202,yes,green,https://arxiv.org/pdf/1611.01047,W2547842445,2026-08-08T00:16:47Z
10.1103/physreva.90.012509,yes,green,https://arxiv.org/pdf/1403.4061,W1726345452,2026-08-08T00:16:47Z
10.1103/physreva.99.042702,yes,green,https://arxiv.org/pdf/1810.02295,W2895215784,2026-08-08T00:16:47Z
10.1103/physreva.99.063420,yes,hybrid,http://link.aps.org/pdf/10.1103/PhysRevA.99.063420,W2922150769,2026-08-08T00:16:47Z
10.1103/physrevb.103.014115,yes,green,https://arxiv.org/pdf/2008.10156,W3080535524,2026-08-08T00:16:47Z
10.1103/physrevb.111.115103,yes,green,https://infoscience.epfl.ch/handle/20.500.14299/249112,W4408109230,2026-08-08T00:16:47Z
10.1103/physrevb.53.1138,yes,bronze,http://link.aps.org/pdf/10.1103/PhysRevB.53.1138,W2080355049,2026-08-08T00:16:47Z
10.1103/physrevb.67.035117,no,closed,,W2046450112,2026-08-08T00:16:47Z
10.1103/physrevb.67.115112,no,closed,,W2789816319,2026-08-08T00:16:47Z
10.1103/physrevb.68.054101,yes,bronze,http://link.aps.org/pdf/10.1103/PhysRevB.68.054101,W1980352371,2026-08-08T00:16:47Z
10.1103/physrevb.72.054109,no,closed,,W2134556541,2026-08-08T00:16:47Z
10.1103/physrevb.76.104109,yes,bronze,http://link.aps.org/pdf/10.1103/PhysRevB.76.104109,W1975082466,2026-08-08T00:16:47Z
10.1103/physrevb.82.064114,no,closed,,W1965636923,2026-08-08T00:16:47Z
10.1103/physrevb.82.184118,no,closed,,W1990639884,2026-08-08T00:16:47Z
10.1103/physrevb.85.155143,yes,bronze,http://link.aps.org/pdf/10.1103/PhysRevB.85.155143,W2148536073,2026-08-08T00:16:47Z
10.1103/physrevlett.99.153001,yes,bronze,http://link.aps.org/pdf/10.1103/PhysRevLett.99.153001,W2000157121,2026-08-08T00:16:47Z
10.1107/s2052252521008290,yes,gold,https://journals.iucr.org/m/issues/2021/05/00/lt5038/lt5038.pdf,W3197422747,2026-08-08T00:16:47Z
10.1107/s2052520617008083,yes,bronze,http://journals.iucr.org/b/issues/2017/04/00/lc5084/lc5084.pdf,W2740897582,2026-08-08T00:16:47Z
10.1107/s2052520617008241,yes,bronze,http://journals.iucr.org/b/issues/2017/04/00/xf5001/xf5001.pdf,W2740774593,2026-08-08T00:16:47Z
10.1111/j.1365-2958.2008.06311.x-i1,yes,bronze,https://academic.oup.com/mnras/article-pdf/303/2/235/18630394/303-2-235.pdf,W2147041323,2026-08-08T00:16:47Z
10.1111/php.13832,yes,hybrid,https://onlinelibrary.wiley.com/doi/pdfdirect/10.1111/php.13832,W4383302668,2026-08-08T00:16:47Z
10.1126/sciadv.aed8682,yes,gold,https://doi.org/10.1126/sciadv.aed8682,W7159797647,2026-08-08T00:16:47Z
10.1139/cjc-2016-0264,yes,green,https://utoronto.scholaris.ca/bitstreams/61a70ca6-194b-47a6-9530-012402eb61ea/download,W2535160901,2026-08-08T00:16:47Z
10.1139/cjc-2018-0047,yes,green,https://jyx.jyu.fi/bitstreams/11920c73-8359-4686-ac5d-5b9bd74877f5/download,W2800209943,2026-08-08T00:16:47Z
10.1139/cjc-2022-0267,yes,hybrid,https://doi.org/10.1139/cjc-2022-0267,W4362661538,2026-08-08T00:16:47Z
10.1139/v94-046,yes,bronze,https://cdnsciencepub.com/doi/pdf/10.1139/v94-046,W2950391370,2026-08-08T00:16:47Z
10.1155/2013/734354,yes,hybrid,https://downloads.hindawi.com/archive/2013/734354.pdf,W2070492690,2026-08-08T00:16:47Z
10.1155/2014/874102,yes,gold,https://downloads.hindawi.com/journals/ijp/2014/874102.pdf,W2109039998,2026-08-08T00:16:47Z
10.1155/2018/9802369,yes,gold,http://downloads.hindawi.com/journals/jnt/2018/9802369.pdf,W2794634033,2026-08-08T00:16:47Z
10.11606/d.43.2021.tde-05042021-113659,yes,gold,http://www.teses.usp.br/teses/disponiveis/43/43134/tde-05042021-113659/publico/dissertacao_final.pdf,W3173226121,2026-08-08T00:16:47Z
10.11606/d.46.2018.tde-21092018-100103,yes,gold,http://www.teses.usp.br/teses/disponiveis/46/46132/tde-21092018-100103/publico/ANDRE_LUIS_GOIS_RODRIGUES_MESTRADO.pdf,W2889906338,2026-08-08T00:16:47Z
10.11606/d.59.2022.tde-27012023-110514,yes,gold,http://www.teses.usp.br/teses/disponiveis/59/59138/tde-27012023-110514/publico/Dissertacao_final_bruno_corrigida.pdf,W4318618262,2026-08-08T00:16:47Z
10.11606/t.46.2024.tde-15052025-121207,yes,gold,http://www.teses.usp.br/teses/disponiveis/46/46136/tde-15052025-121207/publico/Leonardo_Miguel_Farias_de_Oliveira_Tese_Corrigida.pdf,W4411268858,2026-08-08T00:16:47Z
10.12688/openreseurope.14073.2,yes,gold,https://doi.org/10.12688/openreseurope.14073.2,W4220768503,2026-08-08T00:16:47Z
10.13097/archive-ouverte/unige:104838,yes,green,https://archive-ouverte.unige.ch/unige:104838,W2807141029,2026-08-08T00:16:47Z
10.13140/rg.2.2.30611.64807,yes,gold,https://doi.org/10.13140/rg.2.2.30611.64807,W7162552591,2026-08-08T00:16:47Z
10.1351/pac-con-08-08-30,yes,bronze,https://www.degruyter.com/document/doi/10.1351/PAC-CON-08-08-30/pdf,W2169333028,2026-08-08T00:16:47Z
10.1351/pac-con-08-08-31,yes,bronze,https://www.degruyter.com/document/doi/10.1351/PAC-CON-08-08-31/pdf,W2109144641,2026-08-08T00:16:47Z
10.1360/ssc-2019-0114,yes,bronze,https://engine.scichina.com/doi/pdf/FD899BC8D35A436F9B64AA378F48F904,W2988351150,2026-08-08T00:16:47Z
10.1371/journal.pcbi.1000034,yes,gold,https://journals.plos.org/ploscompbiol/article/file?id=10.1371/journal.pcbi.1000034&type=printable,W2062963396,2026-08-08T00:16:47Z
10.14201/gredos.22603,yes,gold,https://gredos.usal.es/bitstream/10366/22603/1/DQFI_Superficies%20de%20energia%20potencial%20MRCI.pdf,W1590019190,2026-08-08T00:16:47Z
10.14233/ajchem.2014.17891,yes,diamond,https://asianpubs.org/index.php/ajchem/article/download/26_26_35/28681,W2494113721,2026-08-08T00:16:47Z
10.15278/isms.2016.tk10,yes,gold,https://www.ideals.illinois.edu/items/97855/bitstreams/313687/data.pdf,W2509094501,2026-08-08T00:16:47Z
10.1590/s0100-40422013000200012,yes,gold,https://www.scielo.br/j/qn/a/r7wRRYvxT557MBwWGsq966R/?lang=pt&format=pdf,W2131394563,2026-08-08T00:16:47Z
10.17223/24135542/32/7,yes,green,https://vital.lib.tsu.ru/vital/access/services/Download/koha:001130201/SOURCE1,W7131820007,2026-08-08T00:16:47Z
10.17344/acsi.2017.4040,yes,diamond,https://journals.matheo.si/index.php/ACSi/article/download/4040/1845,W2885577143,2026-08-08T00:16:47Z
10.17632/yr9trm7ysx.1,yes,green,https://doi.org/10.17632/yr9trm7ysx.1,W7167685201,2026-08-08T00:16:47Z
10.17863/cam.21653,yes,green,https://arxiv.org/pdf/1609.03496,W2952743493,2026-08-08T00:16:47Z
10.18297/etd/3316,yes,gold,https://ir.library.louisville.edu/cgi/viewcontent.cgi?article=4555&context=etd,W3010246226,2026-08-08T00:16:47Z
10.18297/etd/782,yes,gold,https://ir.library.louisville.edu/cgi/viewcontent.cgi?article=1781&context=etd,W2215624575,2026-08-08T00:16:47Z
10.19142/rpq.v6i11.156,yes,hybrid,http://ojs.rpqsenai.org.br/index.php/rpq_n1/article/download/156/147,W2947933838,2026-08-08T00:16:47Z
10.20900/qmr20200003,yes,gold,https://qmr.hapres.com/UpLoad/PdfFile/QMR_1203.pdf,W3003087271,2026-08-08T00:16:47Z
10.20944/preprints201611.0077.v1,yes,green,https://www.preprints.org/manuscript/201611.0077/v1/download,W3121447074,2026-08-08T00:16:47Z
10.20944/preprints202308.0664.v1,yes,green,https://www.preprints.org/manuscript/202308.0664/v1/download,W4385706718,2026-08-08T00:16:47Z
10.21203/rs.3.rs-1368759/v1,yes,green,https://www.researchsquare.com/article/rs-1368759/latest.pdf,W4214558319,2026-08-08T00:16:47Z
10.21203/rs.3.rs-320873/v1,yes,green,https://www.researchsquare.com/article/rs-320873/latest.pdf,W3138432165,2026-08-08T00:16:47Z
10.21203/rs.3.rs-5795718/v1,yes,green,https://www.researchsquare.com/article/rs-5795718/latest.pdf,W4406418885,2026-08-08T00:16:47Z
10.21203/rs.3.rs-6547757/v1,yes,green,https://www.researchsquare.com/article/rs-6547757/latest.pdf,W4410416390,2026-08-08T00:16:47Z
10.21203/rs.3.rs-6722143/v1,yes,green,https://www.researchsquare.com/article/rs-6722143/latest.pdf,W7131797215,2026-08-08T00:16:47Z
10.21203/rs.3.rs-7102700/v1,yes,green,https://www.researchsquare.com/article/rs-7102700/latest.pdf,W4412515009,2026-08-08T00:16:47Z
10.21203/rs.3.rs-8689370/v1,yes,green,https://www.researchsquare.com/article/rs-8689370/latest.pdf,W7125801984,2026-08-08T00:16:47Z
10.21203/rs.3.rs-970279/v1,yes,green,https://www.researchsquare.com/article/rs-970279/latest.pdf,W3214244917,2026-08-08T00:16:47Z
10.2139/ssrn.4423096,yes,green,http://dx.doi.org/10.2139/ssrn.4423096,W4366396706,2026-08-08T00:16:47Z
10.2139/ssrn.4431879,yes,green,http://dx.doi.org/10.2139/ssrn.4431879,W4367358247,2026-08-08T00:16:47Z
10.2139/ssrn.4526625,yes,green,http://dx.doi.org/10.2139/ssrn.4526625,W4385521937,2026-08-08T00:16:47Z
10.2139/ssrn.4676451,yes,green,http://dx.doi.org/10.2139/ssrn.4676451,W4390224321,2026-08-08T00:16:47Z
10.2139/ssrn.4770712,yes,green,http://dx.doi.org/10.2139/ssrn.4770712,W4393130919,2026-08-08T00:16:47Z
10.2139/ssrn.4832814,yes,green,http://dx.doi.org/10.2139/ssrn.4832814,W4397030279,2026-08-08T00:16:47Z
10.2139/ssrn.5234300,yes,green,https://doi.org/10.2139/ssrn.5234300,W4409879312,2026-08-08T00:16:47Z
10.2139/ssrn.5245276,yes,green,https://doi.org/10.2139/ssrn.5245276,W4410156535,2026-08-08T00:16:47Z
10.2139/ssrn.5279277,yes,green,https://doi.org/10.2139/ssrn.5279277,W4410949048,2026-08-08T00:16:47Z
10.2139/ssrn.5289323,yes,green,https://doi.org/10.2139/ssrn.5289323,W4411210428,2026-08-08T00:16:47Z
10.2139/ssrn.5396713,yes,green,https://doi.org/10.2139/ssrn.5396713,W4413331618,2026-08-08T00:16:47Z
10.2139/ssrn.5396947,yes,green,https://doi.org/10.2139/ssrn.5396947,W4413304212,2026-08-08T00:16:47Z
10.2139/ssrn.5655502,yes,green,https://doi.org/10.2139/ssrn.5655502,W4415531093,2026-08-08T00:16:47Z
10.2139/ssrn.5781607,yes,green,https://doi.org/10.2139/ssrn.5781607,W4416465426,2026-08-08T00:16:47Z
10.2139/ssrn.6297255,yes,green,https://doi.org/10.2139/ssrn.6297255,W7131286678,2026-08-08T00:16:47Z
10.2139/ssrn.6814820,yes,green,https://doi.org/10.2139/ssrn.6814820,W7162109200,2026-08-08T00:16:47Z
10.2139/ssrn.6816223,yes,green,https://doi.org/10.2139/ssrn.6816223,W7162080781,2026-08-08T00:16:47Z
10.2139/ssrn.6919244,yes,green,https://doi.org/10.2139/ssrn.6919244,W7164300004,2026-08-08T00:16:47Z
10.2139/ssrn.7094198,yes,green,https://doi.org/10.2139/ssrn.7094198,W7168174609,2026-08-08T00:16:47Z
10.21883/os.2021.10.51492.2427-21,yes,bronze,https://journals.ioffe.ru/articles/viewPDF/51492,W3184911769,2026-08-08T00:16:47Z
10.2477/jccj.2014-0013,yes,bronze,https://www.jstage.jst.go.jp/article/jccj/13/4/13_2014-0013/_pdf,W2329946464,2026-08-08T00:16:47Z
10.2478/s11534-013-0174-8,yes,hybrid,https://www.degruyter.com/document/doi/10.2478/s11534-013-0174-8/pdf,W2058034569,2026-08-08T00:16:47Z
10.26434/chemrxiv-2021-3p2sx,yes,green,https://doi.org/10.26434/chemrxiv-2021-3p2sx,W4238927677,2026-08-08T00:16:47Z
10.26434/chemrxiv-2021-6csxm,yes,green,https://chemrxiv.org/engage/api-gateway/chemrxiv/assets/orp/resource/item/61a7f48e6d4e8f1aa2a6bb85/original/excited-state-distortions-control-the-reactivities-and-regioselectivities-of-photochemical-4p-electrocyclizations-of-fluorobenzenes.pdf,W4200421027,2026-08-08T00:16:47Z
10.26434/chemrxiv-2021-9ww0c-v2,yes,green,https://chemrxiv.org/engage/api-gateway/chemrxiv/assets/orp/resource/item/60e77cd2b95bddddd4604574/original/communication-multi-reference-approach-to-the-computation-of-double-core-hole-spectra.pdf,W4234353272,2026-08-08T00:16:47Z
10.26434/chemrxiv-2021-dnhxj,yes,green,https://doi.org/10.26434/chemrxiv-2021-dnhxj,W4243134563,2026-08-08T00:16:47Z
10.26434/chemrxiv-2021-h3qk7,yes,green,https://doi.org/10.26434/chemrxiv-2021-h3qk7,W4254674698,2026-08-08T00:16:47Z
10.26434/chemrxiv-2021-pjvv1-v3,yes,green,https://doi.org/10.26434/chemrxiv-2021-pjvv1-v3,W4249451042,2026-08-08T00:16:47Z
10.26434/chemrxiv-2021-xr3x5,yes,green,https://doi.org/10.26434/chemrxiv-2021-xr3x5,W4250745118,2026-08-08T00:16:47Z
10.26434/chemrxiv-2021-xtlzj-v2,yes,green,https://doi.org/10.26434/chemrxiv-2021-xtlzj-v2,W4240468233,2026-08-08T00:16:47Z
10.26434/chemrxiv-2022-14tkm,yes,green,https://chemrxiv.org/engage/api-gateway/chemrxiv/assets/orp/resource/item/638ba261b103af8ddb09c127/original/ring-strain-release-and-pseudo-anti-aromaticities-control-photochemical-reactivities-in-photoclick-reactions-of-solvated-cyclopropenones.pdf,W4311529000,2026-08-08T00:16:47Z
10.26434/chemrxiv-2022-2sqgf,yes,green,https://chemrxiv.org/engage/api-gateway/chemrxiv/assets/orp/resource/item/624171c3202c065d31e45660/original/identical-spin-multi-state-reactivity-towards-c-h-bond-activation-in-high-valent-fe-mn-oxo-hydroxo-species.pdf,W4224305469,2026-08-08T00:16:47Z
10.26434/chemrxiv-2022-59f1v,yes,green,https://chemrxiv.org/engage/api-gateway/chemrxiv/assets/orp/resource/item/627ecc7ea42e9c06ec3ff7f4/original/multireference-study-of-optically-addressable-vanadium-based-molecular-qubit-candidates.pdf,W4280618551,2026-08-08T00:16:47Z
10.26434/chemrxiv-2022-5v0tt,yes,green,https://chemrxiv.org/engage/api-gateway/chemrxiv/assets/orp/resource/item/62bb90b0f5193952db778b6a/original/together-not-separately-oh-and-o3-oxidize-hg-0-to-hg-ii-in-the-atmosphere.pdf,W4283697889,2026-08-08T00:16:47Z
10.26434/chemrxiv-2022-8mc2h-v2,yes,green,https://chemrxiv.org/engage/api-gateway/chemrxiv/assets/orp/resource/item/63317c0efee74e6c544af272/original/a-multiconfigurational-approach-to-the-electronic-structure-of-electro-generated-species-of-the-re2-ph2pch2p-ph2-s2cn-et2-4-complex.pdf,W4297425336,2026-08-08T00:16:47Z
10.26434/chemrxiv-2022-8r90r-v3,yes,green,https://chemrxiv.org/engage/api-gateway/chemrxiv/assets/orp/resource/item/630d11a5521cb784ceab1436/original/boronated-cyanometallates.pdf,W4293567642,2026-08-08T00:16:47Z
10.26434/chemrxiv-2022-9g7fd,yes,green,https://chemrxiv.org/engage/api-gateway/chemrxiv/assets/orp/resource/item/62a95c0604a3a9132b476088/original/large-scale-benchmarking-of-multireference-vertical-excitation-calculations-via-automated-active-space-selection.pdf,W4282963918,2026-08-08T00:16:47Z
10.26434/chemrxiv-2022-b6078,yes,green,https://chemrxiv.org/engage/api-gateway/chemrxiv/assets/orp/resource/item/631a14ca5351a31fd1f34fbb/original/photoisomerization-of-phytochrome-chromophore-models-an-xms-caspt2-study.pdf,W4297848954,2026-08-08T00:16:47Z
10.26434/chemrxiv-2022-c6tz8-v2,yes,green,https://chemrxiv.org/engage/api-gateway/chemrxiv/assets/orp/resource/item/6401ff6d63e8d44e594e43bf/original/impact-of-spin-phonon-coupling-on-magnetic-relaxation-of-a-co-ii-single-molecule-magnet.pdf,W4323315980,2026-08-08T00:16:47Z
10.26434/chemrxiv-2022-cncp2,yes,green,https://chemrxiv.org/engage/api-gateway/chemrxiv/assets/orp/resource/item/627a576f7087673ae24d6f44/original/mo-bio-tools-a-toolkit-to-setup-qm-mm-calculations.pdf,W4280651083,2026-08-08T00:16:47Z
10.26434/chemrxiv-2022-cz4fr,yes,green,https://chemrxiv.org/engage/api-gateway/chemrxiv/assets/orp/resource/item/62305644702f04ffa4bcc7e5/original/multi-reference-approach-to-normal-and-resonant-auger-spectra-based-on-the-one-center-approximation.pdf,W4220757830,2026-08-08T00:16:47Z
10.26434/chemrxiv-2022-f7tc8,yes,green,https://chemrxiv.org/engage/api-gateway/chemrxiv/assets/orp/resource/item/62150fbfde88802811f164fd/original/the-nature-of-metal-metal-bonding-in-re-and-os-corrole-dimer.pdf,W4214737454,2026-08-08T00:16:47Z
10.26434/chemrxiv-2022-kc0k3,yes,green,https://chemrxiv.org/engage/api-gateway/chemrxiv/assets/orp/resource/item/62a3ac2fb749a05eb99f26a8/original/an-analytic-linear-vibronic-coupling-method-for-first-principles-spin-dynamics-calculations-in-single-molecule-magnets.pdf,W4283031636,2026-08-08T00:16:47Z
10.26434/chemrxiv-2022-ls796,yes,green,https://chemrxiv.org/engage/api-gateway/chemrxiv/assets/orp/resource/item/62744531809e32c78b84b98d/original/multiconfiguration-pair-density-functional-theory-for-chromium-iv-molecular-qubits.pdf,W4229042550,2026-08-08T00:16:47Z
10.26434/chemrxiv-2022-w1t0g-v2,yes,green,https://chemrxiv.org/engage/api-gateway/chemrxiv/assets/orp/resource/item/628f113c6cae1c9c2118002b/original/analytic-first-order-derivatives-of-x-ms-xdw-and-rms-variants-of-the-caspt2-and-raspt2-methods.pdf,W4281568148,2026-08-08T00:16:47Z
10.26434/chemrxiv-2022-w3x91-v2,yes,green,https://chemrxiv.org/engage/api-gateway/chemrxiv/assets/orp/resource/item/637d274d9b5b807394d1d08f/original/multiconfigurational-calculations-and-photodynamics-describe-norbornadiene-photochemistry.pdf,W4309834098,2026-08-08T00:16:47Z
10.26434/chemrxiv-2022-wgdf7,yes,green,https://chemrxiv.org/engage/api-gateway/chemrxiv/assets/orp/resource/item/638589294b1a5f25a090e82e/original/kylin-1-0-an-ab-initio-density-matrix-renormalization-group-quantum-chemistry-program.pdf,W4310250818,2026-08-08T00:16:47Z
10.26434/chemrxiv-2022-zm9hv-v2,yes,green,https://chemrxiv.org/engage/api-gateway/chemrxiv/assets/orp/resource/item/638c586c92f084781826bfa9/original/algorithm-for-analytic-nuclear-energy-gradients-of-state-averaged-dmrg-casscf-theory-with-newly-derived-coupled-perturbed-equations.pdf,W4311706302,2026-08-08T00:16:47Z
10.26434/chemrxiv-2023-clcrj,yes,green,https://chemrxiv.org/engage/api-gateway/chemrxiv/assets/orp/resource/item/644036f971383d0921f8ca9d/original/high-spin-blatter-s-triradicals.pdf,W4366771401,2026-08-08T00:16:47Z
10.26434/chemrxiv-2023-f7qnk,yes,green,https://chemrxiv.org/engage/api-gateway/chemrxiv/assets/orp/resource/item/64ca1564dfabaf06ff925ee2/original/local-oxidation-states-in-fe-no-6-8-porphyrins-insights-from-dmrg-casscf-caspt2-calculations.pdf,W4385492755,2026-08-08T00:16:47Z
10.26434/chemrxiv-2023-m5s0w-v2,yes,green,https://chemrxiv.org/engage/api-gateway/chemrxiv/assets/orp/resource/item/652da604bda59ceb9ab83596/original/characterising-conical-intersections-in-dna-rna-nucleobases-with-multiconfigurational-wave-functions-of-varying-active-space-size.pdf,W4387703562,2026-08-08T00:16:47Z
10.26434/chemrxiv-2023-nplbq,yes,green,https://chemrxiv.org/engage/api-gateway/chemrxiv/assets/orp/resource/item/64f83c1279853bbd78337173/original/investigating-the-interplay-between-spin-vibrational-coupling-and-blocking-temperature-in-designing-high-performance-pseudo-d5h-dy-iii-single-ion-magnets.pdf,W4386477446,2026-08-08T00:16:47Z
10.26434/chemrxiv-2023-p9w5c,yes,green,https://chemrxiv.org/engage/api-gateway/chemrxiv/assets/orp/resource/item/650398fc99918fe537f6e6f3/original/gas-phase-and-solid-state-electronic-structure-analysis-and-dft-benchmarking-of-hf-co.pdf,W4386772820,2026-08-08T00:16:47Z
10.26434/chemrxiv-2023-rn9bj-v2,yes,green,https://chemrxiv.org/engage/api-gateway/chemrxiv/assets/orp/resource/item/665e0020418a5379b001966b/original/efficient-method-for-achieving-electronic-coupling-in-tempo-tempo-system.pdf,W4399330480,2026-08-08T00:16:47Z
10.26434/chemrxiv-2023-rs2xc-v2,yes,green,https://chemrxiv.org/engage/api-gateway/chemrxiv/assets/orp/resource/item/657031b1cf8b3c3cd7e56da0/original/zero-field-splitting-tensor-of-the-triplet-excited-states-of-aromatic-molecules-a-valence-full-complete-active-space-self-consistent-field-study.pdf,W4389392841,2026-08-08T00:16:47Z
10.26434/chemrxiv-2023-s0xl4,yes,green,https://chemrxiv.org/engage/api-gateway/chemrxiv/assets/orp/resource/item/64c3a985ce23211b20b29fc6/original/towards-a-stochastic-complete-active-space-second-order-perturbation-theory.pdf,W4385341960,2026-08-08T00:16:47Z
10.26434/chemrxiv-2023-wpc4r,yes,green,https://chemrxiv.org/engage/api-gateway/chemrxiv/assets/orp/resource/item/651bb371006594091255f0fc/original/pushing-boundaries-in-single-molecule-magnets-an-ab-initio-perspective-on-harnessing-unusual-oxidation-states-for-unprecedented-lanthanide-smm-performance.pdf,W4387334180,2026-08-08T00:16:47Z
10.26434/chemrxiv-2023-xn5l3,yes,green,http://dx.doi.org/10.26434/chemrxiv-2023-xn5l3,W4388456388,2026-08-08T00:16:47Z
10.26434/chemrxiv-2024-363tw,yes,green,https://doi.org/10.26434/chemrxiv-2024-363tw,W4400837826,2026-08-08T00:16:47Z
10.26434/chemrxiv-2024-5m8m7,yes,green,https://chemrxiv.org/engage/api-gateway/chemrxiv/assets/orp/resource/item/675099535a82cea2fafdf033/original/heterometallic-cu-cd-and-cu2zn-complexes-with-o-vanillin-and-its-schiff-base-derivative-slow-magnetic-relaxation-and-catalytic-activity-associated-with-cu-ii-centers.pdf,W4405200252,2026-08-08T00:16:47Z
10.26434/chemrxiv-2024-7zqx1,yes,green,https://chemrxiv.org/engage/api-gateway/chemrxiv/assets/orp/resource/item/65d592f566c138172923eb4f/original/quasi-degenerate-extension-of-local-n-electron-valence-state-perturbation-theory-with-pair-natural-orbital-method-based-on-localized-virtual-molecular-orbitals.pdf,W4392051448,2026-08-08T00:16:47Z
10.26434/chemrxiv-2024-brh89,yes,green,https://chemrxiv.org/engage/api-gateway/chemrxiv/assets/orp/resource/item/669932f4c9c6a5c07a9c4314/original/a-constrained-casscf-2-2-approach-to-study-electron-transfer-between-a-molecule-and-metal-cluster.pdf,W4400830622,2026-08-08T00:16:47Z
10.26434/chemrxiv-2024-dcpqv-v2,yes,green,https://chemrxiv.org/engage/api-gateway/chemrxiv/assets/orp/resource/item/675f32a3085116a133812367/original/no-oxidation-states-in-nonheme-iron-nitrosyls-a-dmrg-casscf-study-of-fe-no-6-10-complexes.pdf,W4405455336,2026-08-08T00:16:47Z
10.26434/chemrxiv-2024-htvk4,yes,green,https://chemrxiv.org/engage/api-gateway/chemrxiv/assets/orp/resource/item/66bd1a97f3f4b05290e355c6/original/spin-state-energetics-for-hydride-and-helium-models-of-transition-metal-complexes-a-benchmark-study-of-wave-function-quantum-chemistry-methods.pdf,W4401649530,2026-08-08T00:16:47Z
10.26434/chemrxiv-2024-nsj0f,yes,green,https://chemrxiv.org/engage/api-gateway/chemrxiv/assets/orp/resource/item/67671fd86dde43c908ec6761/original/automated-multireference-vertical-excitations-for-transition-metal-compounds.pdf,W4405822336,2026-08-08T00:16:47Z
10.26434/chemrxiv-2024-t5m4d-v2,yes,green,https://chemrxiv.org/engage/api-gateway/chemrxiv/assets/orp/resource/item/66723603c9c6a5c07acbf83a/original/investigation-of-the-non-radiative-photo-processes-of-unnatural-dna-base-7-2-thienyl-imidazo-4-5-b-pyridine-ds-a-computational-study.pdf,W4399814653,2026-08-08T00:16:47Z
10.26434/chemrxiv-2024-wtrg5,yes,green,https://chemrxiv.org/engage/api-gateway/chemrxiv/assets/orp/resource/item/673339bef9980725cff0eabe/original/photodissociation-dynamics-of-indole-using-multi-configuration-time-dependent-hartree-method.pdf,W4404365081,2026-08-08T00:16:47Z
10.26434/chemrxiv-2024-zzjlx,yes,green,https://chemrxiv.org/engage/api-gateway/chemrxiv/assets/orp/resource/item/67226948f9980725cf9a2638/original/intramolecular-magnetic-exchange-interaction-in-dichalcogenide-substituted-organic-diradical-dications.pdf,W4404083642,2026-08-08T00:16:47Z
10.26434/chemrxiv-2025-03dcw,yes,green,https://chemrxiv.org/engage/api-gateway/chemrxiv/assets/orp/resource/item/686205741a8f9bdab5b33df2/original/molecular-models-of-layered-ternary-cu2mo-s4-reveal-sulfur-based-h2-evolution-pathway.pdf,W4412003660,2026-08-08T00:16:47Z
10.26434/chemrxiv-2025-0xsfn,yes,green,https://chemrxiv.org/engage/api-gateway/chemrxiv/assets/orp/resource/item/6864cf8cc1cb1ecda09f9921/original/computational-evidence-of-a-bifurcation-in-a-cope-rearrangement-proximate-to-a-forbidden-electrocyclization.pdf,W4412035282,2026-08-08T00:16:47Z
10.26434/chemrxiv-2025-4r3vx-v2,yes,green,https://chemrxiv.org/engage/api-gateway/chemrxiv/assets/orp/resource/item/686bf63ec1cb1ecda08bd922/original/modeling-oxidative-dehydrogenation-of-propane-with-supported-vanadia-catalysts-using-multireference-methods.pdf,W4412121488,2026-08-08T00:16:47Z
10.26434/chemrxiv-2025-6m8l9,yes,green,https://chemrxiv.org/engage/api-gateway/chemrxiv/assets/orp/resource/item/689f5958728bf9025e9b324c/original/evaluating-ms-ani-vs-ss-ani-for-surface-hopping-simulations-a-cyclohexadiene-photochemical-ring-opening-case-study.pdf,W4413339290,2026-08-08T00:16:47Z
10.26434/chemrxiv-2025-cmd6s,yes,green,https://chemrxiv.org/engage/api-gateway/chemrxiv/assets/orp/resource/item/687cad54728bf9025e59fb62/original/nonadiabatic-dynamics-of-the-molecular-tully-models-with-the-mixed-reference-spin-flip-time-dependent-density-functional-theory.pdf,W4412572672,2026-08-08T00:16:47Z
10.26434/chemrxiv-2025-dl4sb,yes,green,https://chemrxiv.org/engage/api-gateway/chemrxiv/assets/orp/resource/item/689caa1a23be8e43d6096498/original/capturing-electron-correlation-with-machine-learning-through-a-data-driven-caspt2-framework.pdf,W4413289814,2026-08-08T00:16:47Z
10.26434/chemrxiv-2025-dr4jc,yes,green,https://chemrxiv.org/engage/api-gateway/chemrxiv/assets/orp/resource/item/687a0420728bf9025e193882/original/ab-initio-study-of-photodissociation-and-isomerization-pathways-on-the-singlet-and-triplet-manifolds-of-1-nitropropene.pdf,W4412539087,2026-08-08T00:16:47Z
10.26434/chemrxiv-2025-gbcfl-v2,yes,green,https://doi.org/10.26434/chemrxiv-2025-gbcfl-v2,W7118143680,2026-08-08T00:16:47Z
10.26434/chemrxiv-2025-h2pbh,yes,green,https://doi.org/10.26434/chemrxiv-2025-h2pbh,W4415202067,2026-08-08T00:16:47Z
10.26434/chemrxiv-2025-jc6dp-v2,yes,green,https://chemrxiv.org/engage/api-gateway/chemrxiv/assets/orp/resource/item/68c257783e708a76495465c7/original/surface-hopping-with-fully-correlated-methods.pdf,W4414250211,2026-08-08T00:16:47Z
10.26434/chemrxiv-2025-lwh8m,yes,green,https://chemrxiv.org/engage/api-gateway/chemrxiv/assets/orp/resource/item/67bdb4ccfa469535b9dcdeed/original/realizing-the-magneto-structural-correlation-of-a-highly-anisotropic-fe-iii-porphyrin-complex-through-ab-initio-approaches.pdf,W4407979009,2026-08-08T00:16:47Z
10.26434/chemrxiv-2025-nd968,yes,green,https://doi.org/10.26434/chemrxiv-2025-nd968,W7116659154,2026-08-08T00:16:47Z
10.26434/chemrxiv-2025-q6rfm-v2,yes,green,https://chemrxiv.org/engage/api-gateway/chemrxiv/assets/orp/resource/item/684356b53ba0887c337ebae7/original/modeling-strong-light-matter-coupling-in-correlated-systems-state-averaged-cavity-quantum-electrodynamics-complete-active-space-self-consistent-field-theory.pdf,W4411223459,2026-08-08T00:16:47Z
10.26434/chemrxiv-2025-rz7bq,yes,green,https://chemrxiv.org/engage/api-gateway/chemrxiv/assets/orp/resource/item/67d8a50381d2151a02bf94b8/original/density-matrix-embedding-pair-density-functional-theory-for-molecules.pdf,W4408656138,2026-08-08T00:16:47Z
10.26434/chemrxiv-2025-s9zgq-v2,yes,green,https://doi.org/10.26434/chemrxiv-2025-s9zgq-v2,W4414447487,2026-08-08T00:16:47Z
10.26434/chemrxiv-2025-wzkst,yes,green,https://chemrxiv.org/engage/api-gateway/chemrxiv/assets/orp/resource/item/6833d4e61a8f9bdab5e6b8b7/original/a-descriptor-is-all-you-need-accurate-machine-learning-of-nonadiabatic-coupling-vectors.pdf,W4410869863,2026-08-08T00:16:47Z
10.26434/chemrxiv-2025-x6c3j,yes,green,https://chemrxiv.org/engage/api-gateway/chemrxiv/assets/orp/resource/item/6889de5f728bf9025e088725/original/large-scale-modeling-of-proton-coupled-electron-transfer-based-on-absolutely-localized-molecular-orbitals.pdf,W4412837608,2026-08-08T00:16:47Z
10.26434/chemrxiv.10001518/v1,yes,green,https://chemrxiv.org/doi/pdf/10.26434/chemrxiv.10001518/v1,W7125474687,2026-08-08T00:16:47Z
10.26434/chemrxiv.10001752/v1,yes,green,https://chemrxiv.org/doi/pdf/10.26434/chemrxiv.10001752/v1,W7126159567,2026-08-08T00:16:47Z
10.26434/chemrxiv.10059809.v1,yes,green,https://chemrxiv.org/engage/api-gateway/chemrxiv/assets/orp/resource/item/60c7458dee301cead1c7936d/original/ligand-redox-non-innocence-in-co-taml-0-complexes-affects-nitrene-formation.pdf,W3214322595,2026-08-08T00:16:47Z
10.26434/chemrxiv.11446224.v1,yes,green,https://chemrxiv.org/ndownloader/files/20411364,W2998328894,2026-08-08T00:16:47Z
10.26434/chemrxiv.11472627.v1,yes,green,https://chemrxiv.org/ndownloader/files/20476293,W4234730062,2026-08-08T00:16:47Z
10.26434/chemrxiv.11618127.v2,yes,green,https://chemrxiv.org/ndownloader/files/21633156,W3212697169,2026-08-08T00:16:47Z
10.26434/chemrxiv.11828256.v2,yes,green,https://chemrxiv.org/engage/api-gateway/chemrxiv/assets/orp/resource/item/60c74cc5bdbb896b6ba39875/original/hole-hole-tamm-dancoff-approximated-density-functional-theory-a-highly-efficient-electronic-structure-method-incorporating-dynamic-and-static-correlation.pdf,W4241668775,2026-08-08T00:16:47Z
10.26434/chemrxiv.12385940.v1,yes,green,https://chemrxiv.org/engage/api-gateway/chemrxiv/assets/orp/resource/item/60c74bddee301c24d6c79f71/original/multiconfigurational-static-and-dynamic-calculations-explain-tricyclo-4-2-0-02-5-octa-3-7-diene-photochemistry.pdf,W3208491084,2026-08-08T00:16:47Z
10.26434/chemrxiv.12605333.v1,yes,green,https://chemrxiv.org/engage/api-gateway/chemrxiv/assets/orp/resource/item/60c74d414c891948d5ad37a5/original/ligand-mediated-spin-state-changes-in-a-cobalt-dipyrrin-bisphenol-complex.pdf,W3204531904,2026-08-08T00:16:47Z
10.26434/chemrxiv.12776222.v2,yes,green,https://doi.org/10.26434/chemrxiv.12776222.v2,W4210273454,2026-08-08T00:16:47Z
10.26434/chemrxiv.12917930.v1,yes,green,https://doi.org/10.26434/chemrxiv.12917930.v1,W4235233820,2026-08-08T00:16:47Z
10.26434/chemrxiv.12941702.v1,yes,green,https://chemrxiv.org/engage/api-gateway/chemrxiv/assets/orp/resource/item/60c74fcaee301c20cec7a765/original/structural-causes-of-singlet-triplet-preferences-of-norrish-type-ii-reactions-in-carbonyls.pdf,W3210556915,2026-08-08T00:16:47Z
10.26434/chemrxiv.13110212.v1,yes,green,https://doi.org/10.26434/chemrxiv.13110212.v1,W4254812617,2026-08-08T00:16:47Z
10.26434/chemrxiv.13150820.v1,yes,green,https://doi.org/10.26434/chemrxiv.13150820.v1,W3199790810,2026-08-08T00:16:47Z
10.26434/chemrxiv.13302098.v1,yes,green,https://chemrxiv.org/engage/api-gateway/chemrxiv/assets/orp/resource/item/60c75281bb8c1a6f023dbeaf/original/isomerization-and-fragmentation-reactions-on-the-c2sh4-potential-energy-surface-the-metastable-thione-s-methylide-isomer.pdf,W3199686332,2026-08-08T00:16:47Z
10.26434/chemrxiv.13317902.v1,yes,green,https://chemrxiv.org/engage/api-gateway/chemrxiv/assets/orp/resource/item/60c7528a702a9b240118c183/original/a-theoretical-stereoselectivity-model-of-photochemical-denitrogenations-of-diazoalkanes-towards-strained-1-3-dihalogenated-bicyclobutanes.pdf,W3201745751,2026-08-08T00:16:47Z
10.26434/chemrxiv.13513881.v1,yes,green,https://doi.org/10.26434/chemrxiv.13513881.v1,W4230486782,2026-08-08T00:16:47Z
10.26434/chemrxiv.14103740.v2,yes,green,https://doi.org/10.26434/chemrxiv.14103740.v2,W4238985669,2026-08-08T00:16:47Z
10.26434/chemrxiv.14197457.v3,yes,green,https://doi.org/10.26434/chemrxiv.14197457.v3,W4241207011,2026-08-08T00:16:47Z
10.26434/chemrxiv.14254289.v1,yes,green,https://doi.org/10.26434/chemrxiv.14254289.v1,W4251025491,2026-08-08T00:16:47Z
10.26434/chemrxiv.14420255.v1,yes,green,https://doi.org/10.26434/chemrxiv.14420255.v1,W3206171724,2026-08-08T00:16:47Z
10.26434/chemrxiv.14455983.v1,yes,green,https://chemrxiv.org/engage/api-gateway/chemrxiv/assets/orp/resource/item/60c757bdbdbb89f799a3ac6e/original/actinide-arene-metalates-ion-pairing-effects-on-the-electronic-structure-of-unsupported-uranium-arene-sandwich-complexes.pdf,W4243896582,2026-08-08T00:16:47Z
10.26434/chemrxiv.14524977.v1,yes,green,https://doi.org/10.26434/chemrxiv.14524977.v1,W3164079141,2026-08-08T00:16:47Z
10.26434/chemrxiv.14775096.v1,yes,green,https://doi.org/10.26434/chemrxiv.14775096.v1,W3170110028,2026-08-08T00:16:47Z
10.26434/chemrxiv.15000617/v1,yes,green,https://chemrxiv.org/doi/pdf/10.26434/chemrxiv.15000617/v1,W7133956661,2026-08-08T00:16:47Z
10.26434/chemrxiv.15000689/v1,yes,green,https://chemrxiv.org/doi/pdf/10.26434/chemrxiv.15000689/v1,W7134254503,2026-08-08T00:16:47Z
10.26434/chemrxiv.15000853/v1,yes,green,https://chemrxiv.org/doi/pdf/10.26434/chemrxiv.15000853/v1,W7135073035,2026-08-08T00:16:47Z
10.26434/chemrxiv.15001672/v1,yes,green,https://chemrxiv.org/doi/pdf/10.26434/chemrxiv.15001672/v1,W7150817998,2026-08-08T00:16:47Z
10.26434/chemrxiv.15001736/v1,yes,green,https://chemrxiv.org/doi/pdf/10.26434/chemrxiv.15001736/v1,W7152001626,2026-08-08T00:16:47Z
10.26434/chemrxiv.15002064/v1,yes,green,https://chemrxiv.org/doi/pdf/10.26434/chemrxiv.15002064/v1,W7154588629,2026-08-08T00:16:47Z
10.26434/chemrxiv.15002579/v2,yes,green,https://chemrxiv.org/doi/pdf/10.26434/chemrxiv.15002579/v2,W7164903904,2026-08-08T00:16:47Z
10.26434/chemrxiv.15003702/v1,yes,green,https://doi.org/10.26434/chemrxiv.15003702/v1,W7161967300,2026-08-08T00:16:47Z
10.26434/chemrxiv.15004889/v1,yes,green,https://doi.org/10.26434/chemrxiv.15004889/v1,W7165158664,2026-08-08T00:16:47Z
10.26434/chemrxiv.15005009/v1,yes,green,https://doi.org/10.26434/chemrxiv.15005009/v1,W7165515508,2026-08-08T00:16:47Z
10.26434/chemrxiv.15005727/v1,yes,green,https://chemrxiv.org/doi/pdf/10.26434/chemrxiv.15005727/v1,W7167631966,2026-08-08T00:16:47Z
10.26434/chemrxiv.15006148/v1,yes,green,https://doi.org/10.26434/chemrxiv.15006148/v1,W7168543584,2026-08-08T00:16:47Z
10.26434/chemrxiv.5373964.v1,yes,green,https://chemrxiv.org/articles/Ethynamine_-_Ketenimine_-_Acetonitrile_-_Rearrangements_A_computational_Study_of_Flash_Vacuum_Pyrolysis_Processes/5373964/files/9244534.pdf,W2755809068,2026-08-08T00:16:47Z
10.26434/chemrxiv.7195370.v1,yes,green,https://doi.org/10.26434/chemrxiv.7195370.v1,W4255059988,2026-08-08T00:16:47Z
10.26434/chemrxiv.7665620.v1,yes,green,https://doi.org/10.26434/chemrxiv.7665620.v1,W3213713336,2026-08-08T00:16:47Z
10.26434/chemrxiv.7985657.v1,yes,green,https://doi.org/10.26434/chemrxiv.7985657.v1,W4230879412,2026-08-08T00:16:47Z
10.26434/chemrxiv.8298776.v2,yes,green,https://chemrxiv.org/ndownloader/files/16763279,W4245457148,2026-08-08T00:16:47Z
10.26434/chemrxiv.9108527.v1,yes,green,https://doi.org/10.26434/chemrxiv.9108527.v1,W4253843485,2026-08-08T00:16:47Z
10.26434/chemrxiv.9750872.v1,yes,green,https://doi.org/10.26434/chemrxiv.9750872.v1,W3201708119,2026-08-08T00:16:47Z
10.26434/chemrxiv.9992402.v1,yes,green,https://chemrxiv.org/engage/api-gateway/chemrxiv/assets/orp/resource/item/60c7453d0f50dbb541396229/original/probing-the-inverse-trans-influence-in-americium-and-lanthanide-tribromide-tris-tricyclohexylphosphine-oxide.pdf,W4232426864,2026-08-08T00:16:47Z
10.31185/jwsm.517,yes,diamond,http://jwsm.uowasit.edu.iq/index.php/jwsm/article/download/517/503,W4407078696,2026-08-08T00:16:47Z
10.31635/ccschem.020.202000489,yes,diamond,https://doi.org/10.31635/ccschem.020.202000489,W3094084527,2026-08-08T00:16:47Z
10.31857/s0044460x23100086,yes,bronze,https://journals.rcsi.science/0044-460X/article/download/247200/225295,W4394815253,2026-08-08T00:16:47Z
10.31857/s0132344x24110014,yes,bronze,https://journals.rcsi.science/0132-344X/article/download/273426/252412,W4405481751,2026-08-08T00:16:47Z
10.31857/s0207401x23100035,yes,bronze,https://journals.rcsi.science/0207-401X/article/download/139931/117874,W4394973821,2026-08-08T00:16:47Z
10.3389/fchem.2015.00029,yes,gold,https://www.frontiersin.org/articles/10.3389/fchem.2015.00029/pdf,W2065556839,2026-08-08T00:16:47Z
10.3389/fchem.2021.664693,yes,gold,https://www.frontiersin.org/articles/10.3389/fchem.2021.664693/pdf,W3161135093,2026-08-08T00:16:47Z
10.3390/chemistry5010044,yes,gold,https://www.mdpi.com/2624-8549/5/1/44/pdf?version=1678523014,W4324049352,2026-08-08T00:16:47Z
10.3390/chemistry6060085,yes,gold,https://www.mdpi.com/2624-8549/6/6/85/pdf?version=1731580722,W4404375365,2026-08-08T00:16:47Z
10.3390/chemistry6060095,yes,gold,https://doi.org/10.3390/chemistry6060095,W4405072541,2026-08-08T00:16:47Z
10.3390/cryst10121130,yes,gold,https://www.mdpi.com/2073-4352/10/12/1130/pdf?version=1608791436,W3110659107,2026-08-08T00:16:47Z
10.3390/cryst13081217,yes,gold,https://www.mdpi.com/2073-4352/13/8/1217/pdf?version=1691315086,W4385611144,2026-08-08T00:16:47Z
10.3390/i5040196,yes,gold,https://www.mdpi.com/1422-0067/5/4/196/pdf?version=1403128991,W1996242835,2026-08-08T00:16:47Z
10.3390/ijms13078189,yes,gold,https://www.mdpi.com/1422-0067/13/7/8189/pdf?version=1403144449,W1971526888,2026-08-08T00:16:47Z
10.3390/ijms24032906,yes,gold,https://www.mdpi.com/1422-0067/24/3/2906/pdf?version=1675332539,W4319159601,2026-08-08T00:16:47Z
10.3390/ijms24044001,yes,gold,https://www.mdpi.com/1422-0067/24/4/4001/pdf?version=1676597552,W4321092762,2026-08-08T00:16:47Z
10.3390/ijms24087070,yes,gold,https://www.mdpi.com/1422-0067/24/8/7070/pdf?version=1681281908,W4365146942,2026-08-08T00:16:47Z
10.3390/ijms241713224,yes,gold,https://www.mdpi.com/1422-0067/24/17/13224/pdf?version=1692967455,W4386162152,2026-08-08T00:16:47Z
10.3390/ijms27031577,yes,gold,https://doi.org/10.3390/ijms27031577,W7127892053,2026-08-08T00:16:47Z
10.3390/ijms27156627,yes,gold,https://doi.org/10.3390/ijms27156627,W7171378304,2026-08-08T00:16:47Z
10.3390/inorganics10080116,yes,gold,https://www.mdpi.com/2304-6740/10/8/116/pdf?version=1660526761,W4291465569,2026-08-08T00:16:47Z
10.3390/inorganics11060245,yes,gold,https://www.mdpi.com/2304-6740/11/6/245/pdf?version=1686063759,W4379801764,2026-08-08T00:16:47Z
10.3390/inorganics13070214,yes,gold,https://www.mdpi.com/2304-6740/13/7/214/pdf?version=1750853350,W4411624867,2026-08-08T00:16:47Z
10.3390/inorganics14050126,yes,gold,https://www.mdpi.com/2304-6740/14/5/126/pdf?version=1778737713,W7160164708,2026-08-08T00:16:47Z
10.3390/inorganics3040482,yes,gold,https://www.mdpi.com/2304-6740/3/4/482/pdf?version=1447068376,W2101111489,2026-08-08T00:16:47Z
10.3390/inorganics4040028,yes,gold,https://www.mdpi.com/2304-6740/4/4/28/pdf?version=1474536376,W2521374571,2026-08-08T00:16:47Z
10.3390/inorganics7040052,yes,gold,https://www.mdpi.com/2304-6740/7/4/52/pdf?version=1556000215,W2939577324,2026-08-08T00:16:47Z
10.3390/ma10030249,yes,gold,https://www.mdpi.com/1996-1944/10/3/249/pdf?version=1488539493,W2591862321,2026-08-08T00:16:47Z
10.3390/ma10121342,yes,gold,https://www.mdpi.com/1996-1944/10/12/1342/pdf?version=1511447007,W2770867823,2026-08-08T00:16:47Z
10.3390/magnetochemistry11040034,yes,gold,https://www.mdpi.com/2312-7481/11/4/34/pdf?version=1744712251,W4409458120,2026-08-08T00:16:47Z
10.3390/magnetochemistry11090073,yes,gold,https://www.mdpi.com/2312-7481/11/9/73/pdf?version=1756019566,W4413480778,2026-08-08T00:16:47Z
10.3390/magnetochemistry5030046,yes,gold,https://www.mdpi.com/2312-7481/5/3/46/pdf?version=1564747368,W2966203361,2026-08-08T00:16:47Z
10.3390/magnetochemistry5040058,yes,gold,https://www.mdpi.com/2312-7481/5/4/58/pdf?version=1571997991,W2981077766,2026-08-08T00:16:47Z
10.3390/magnetochemistry6040066,yes,gold,https://www.mdpi.com/2312-7481/6/4/66/pdf?version=1606466210,W3107777068,2026-08-08T00:16:47Z
10.3390/magnetochemistry8110153,yes,gold,https://www.mdpi.com/2312-7481/8/11/153/pdf?version=1667986175,W4308869741,2026-08-08T00:16:47Z
10.3390/magnetochemistry9050122,yes,gold,https://www.mdpi.com/2312-7481/9/5/122/pdf?version=1683531384,W4381710976,2026-08-08T00:16:47Z
10.3390/magnetochemistry9050130,yes,gold,https://www.mdpi.com/2312-7481/9/5/130/pdf?version=1684158713,W4376956697,2026-08-08T00:16:47Z
10.3390/magnetochemistry9110229,yes,gold,https://www.mdpi.com/2312-7481/9/11/229/pdf?version=1700128868,W4388722992,2026-08-08T00:16:47Z
10.3390/molecules21121666,yes,gold,https://www.mdpi.com/1420-3049/21/12/1666/pdf?version=1480761711,W2560348368,2026-08-08T00:16:47Z
10.3390/molecules21121681,yes,gold,https://www.mdpi.com/1420-3049/21/12/1681/pdf?version=1481182726,W2560718800,2026-08-08T00:16:47Z
10.3390/molecules22010060,yes,gold,https://www.mdpi.com/1420-3049/22/1/60/pdf?version=1483169215,W2564295448,2026-08-08T00:16:47Z
10.3390/molecules24010209,yes,gold,https://www.mdpi.com/1420-3049/24/1/209/pdf?version=1546939145,W2908524173,2026-08-08T00:16:47Z
10.3390/molecules25020277,yes,gold,https://www.mdpi.com/1420-3049/25/2/277/pdf?version=1579433026,W2998952615,2026-08-08T00:16:47Z
10.3390/molecules25030543,yes,gold,https://www.mdpi.com/1420-3049/25/3/543/pdf?version=1580136610,W3001872961,2026-08-08T00:16:47Z
10.3390/molecules25092230,yes,gold,https://www.mdpi.com/1420-3049/25/9/2230/pdf?version=1589263641,W3023529713,2026-08-08T00:16:47Z
10.3390/molecules25215021,yes,gold,https://www.mdpi.com/1420-3049/25/21/5021/pdf?version=1604060198,W3096118270,2026-08-08T00:16:47Z
10.3390/molecules26030521,yes,gold,https://www.mdpi.com/1420-3049/26/3/521/pdf?version=1611298959,W3124450702,2026-08-08T00:16:47Z
10.3390/molecules26092724,yes,gold,https://doi.org/10.3390/molecules26092724,W3158842676,2026-08-08T00:16:47Z
10.3390/molecules26102945,yes,gold,https://www.mdpi.com/1420-3049/26/10/2945/pdf?version=1621070161,W3162729913,2026-08-08T00:16:47Z
10.3390/molecules26144296,yes,gold,https://www.mdpi.com/1420-3049/26/14/4296/pdf?version=1626847080,W3182714791,2026-08-08T00:16:47Z
10.3390/molecules26175191,yes,gold,https://www.mdpi.com/1420-3049/26/17/5191/pdf?version=1630051797,W3196581525,2026-08-08T00:16:47Z
10.3390/molecules27030912,yes,gold,https://www.mdpi.com/1420-3049/27/3/912/pdf?version=1643376322,W4213333472,2026-08-08T00:16:47Z
10.3390/molecules27248673,yes,gold,https://www.mdpi.com/1420-3049/27/24/8673/pdf?version=1670493217,W4311960688,2026-08-08T00:16:47Z
10.3390/molecules28041668,yes,gold,https://www.mdpi.com/1420-3049/28/4/1668/pdf?version=1675947446,W4319984943,2026-08-08T00:16:47Z
10.3390/molecules28134994,yes,gold,https://www.mdpi.com/1420-3049/28/13/4994/pdf?version=1687761546,W4382060087,2026-08-08T00:16:47Z
10.3390/molecules28227652,yes,gold,https://www.mdpi.com/1420-3049/28/22/7652/pdf?version=1700289901,W4388831245,2026-08-08T00:16:47Z
10.3390/molecules29143274,yes,gold,https://www.mdpi.com/1420-3049/29/14/3274/pdf?version=1720686524,W4400534826,2026-08-08T00:16:47Z
10.3390/molecules29235562,yes,gold,https://www.mdpi.com/1420-3049/29/23/5562/pdf?version=1732529986,W4404695927,2026-08-08T00:16:47Z
10.3390/molecules30020338,yes,gold,https://www.mdpi.com/1420-3049/30/2/338/pdf?version=1737007686,W4406472336,2026-08-08T00:16:47Z
10.3390/molecules30112435,yes,gold,https://www.mdpi.com/1420-3049/30/11/2435/pdf?version=1748853711,W4410960321,2026-08-08T00:16:47Z
10.3390/molecules30132874,yes,gold,https://www.mdpi.com/1420-3049/30/13/2874/pdf?version=1751968976,W4412094238,2026-08-08T00:16:47Z
10.3390/nano15120938,yes,gold,https://www.mdpi.com/2079-4991/15/12/938/pdf?version=1750145591,W4411382486,2026-08-08T00:16:47Z
10.3390/org3020007,yes,gold,https://www.mdpi.com/2673-401X/3/2/7/pdf?version=1652351627,W4280629462,2026-08-08T00:16:47Z
10.3390/photochem1020018,yes,gold,https://www.mdpi.com/2673-7256/1/2/18/pdf?version=1631266474,W3201157272,2026-08-08T00:16:47Z
10.3390/polym12051019,yes,gold,https://www.mdpi.com/2073-4360/12/5/1019/pdf?version=1588232212,W3022576070,2026-08-08T00:16:47Z
10.3390/reactions4020016,yes,gold,https://www.mdpi.com/2624-781X/4/2/16/pdf?version=1684899668,W4377292921,2026-08-08T00:16:47Z
10.3390/reactions5040039,yes,gold,https://www.mdpi.com/2624-781X/5/4/39/pdf?version=1728961480,W4403485886,2026-08-08T00:16:47Z
10.3390/reactions6010021,yes,gold,https://www.mdpi.com/2624-781X/6/1/21/pdf?version=1741772876,W4408343890,2026-08-08T00:16:47Z
10.3762/bjoc.9.86,yes,diamond,https://www.beilstein-journals.org/bjoc/content/pdf/1860-5397-9-86.pdf,W2145174371,2026-08-08T00:16:47Z
10.3847/1538-4357/aa719f,yes,bronze,https://iopscience.iop.org/article/10.3847/1538-4357/aa719f/pdf,W2644474465,2026-08-08T00:16:47Z
10.3847/1538-4357/aab5b9,yes,bronze,https://iopscience.iop.org/article/10.3847/1538-4357/aab5b9/pdf,W2795860007,2026-08-08T00:16:47Z
10.3847/1538-4357/aafa76,yes,bronze,https://iopscience.iop.org/article/10.3847/1538-4357/aafa76/pdf,W2912325344,2026-08-08T00:16:47Z
10.3847/1538-4357/ab1088,yes,hybrid,https://iopscience.iop.org/article/10.3847/1538-4357/ab1088/pdf,W2936588650,2026-08-08T00:16:47Z
10.3847/1538-4357/ab35ea,yes,bronze,https://iopscience.iop.org/article/10.3847/1538-4357/ab35ea/pdf,W2963671011,2026-08-08T00:16:47Z
10.3929/ethz-b-000671971,yes,green,https://arxiv.org/pdf/2402.10410,W4391940707,2026-08-08T00:16:47Z
10.4236/jmp.2011.210146,yes,diamond,http://www.scirp.org/journal/PaperDownload.aspx?paperID=8207,W1985531935,2026-08-08T00:16:47Z
10.4236/jmp.2015.613194,yes,diamond,http://www.scirp.org/journal/PaperDownload.aspx?paperID=60703,W2199342085,2026-08-08T00:16:47Z
10.48550/arxiv.1407.6063,yes,green,https://arxiv.org/pdf/1407.6063,W1464821508,2026-08-08T00:16:47Z
10.48550/arxiv.1502.07239,yes,green,https://arxiv.org/pdf/1502.07239,W2098887942,2026-08-08T00:16:47Z
10.48550/arxiv.1604.04875,yes,green,https://arxiv.org/pdf/1604.04875,W2340610320,2026-08-08T00:16:47Z
10.48550/arxiv.1709.06911,yes,green,https://arxiv.org/pdf/1709.06911,W4301972749,2026-08-08T00:16:47Z
10.48550/arxiv.2004.05845,yes,green,https://arxiv.org/pdf/2004.05845,W3015531885,2026-08-08T00:16:47Z
10.48550/arxiv.2004.10600,yes,green,https://arxiv.org/pdf/2004.10600,W3017791820,2026-08-08T00:16:47Z
10.48550/arxiv.2007.06125,yes,green,https://arxiv.org/pdf/2007.06125,W3040714351,2026-08-08T00:16:47Z
10.48550/arxiv.2009.12472,yes,green,https://arxiv.org/pdf/2009.12472,W3088435364,2026-08-08T00:16:47Z
10.48550/arxiv.2110.14901,yes,green,https://arxiv.org/pdf/2110.14901,W4301371821,2026-08-08T00:16:47Z
10.48550/arxiv.2111.04859,yes,green,http://arxiv.org/pdf/2111.04859.pdf,W3214891742,2026-08-08T00:16:47Z
10.48550/arxiv.2210.05702,yes,green,https://arxiv.org/pdf/2210.05702,W4306176109,2026-08-08T00:16:47Z
10.48550/arxiv.2211.05909,yes,green,https://arxiv.org/pdf/2211.05909,W4309044509,2026-08-08T00:16:47Z
10.48550/arxiv.2301.11731,yes,green,https://arxiv.org/pdf/2301.11731,W4318620953,2026-08-08T00:16:47Z
10.48550/arxiv.2304.00942,yes,green,https://arxiv.org/pdf/2304.00942,W4362598769,2026-08-08T00:16:47Z
10.48550/arxiv.2308.04932,yes,green,https://arxiv.org/pdf/2308.04932,W4385750304,2026-08-08T00:16:47Z
10.48550/arxiv.2309.09349,yes,green,https://arxiv.org/pdf/2309.09349,W4386875659,2026-08-08T00:16:47Z
10.48550/arxiv.2311.08672,yes,green,https://arxiv.org/pdf/2311.08672,W4388747918,2026-08-08T00:16:47Z
10.48550/arxiv.2401.06673,yes,green,https://arxiv.org/pdf/2401.06673,W4390897913,2026-08-08T00:16:47Z
10.48550/arxiv.2401.10053,yes,green,https://arxiv.org/pdf/2401.10053,W4391047334,2026-08-08T00:16:47Z
10.48550/arxiv.2402.11090,yes,green,https://arxiv.org/pdf/2402.11090,W4392011822,2026-08-08T00:16:47Z
10.48550/arxiv.2404.14512,yes,green,https://arxiv.org/pdf/2404.14512,W4395444134,2026-08-08T00:16:47Z
10.48550/arxiv.2404.18877,yes,green,https://arxiv.org/pdf/2404.18877,W4396570293,2026-08-08T00:16:47Z
10.48550/arxiv.2409.00302,yes,green,https://arxiv.org/pdf/2409.00302,W4402953348,2026-08-08T00:16:47Z
10.48550/arxiv.2411.10779,yes,green,https://arxiv.org/pdf/2411.10779,W4404570115,2026-08-08T00:16:47Z
10.48550/arxiv.2505.20055,yes,green,https://doi.org/10.48550/arxiv.2505.20055,W4414588024,2026-08-08T00:16:47Z
10.48550/arxiv.2506.02201,yes,green,https://arxiv.org/pdf/2506.02201,W4415130779,2026-08-08T00:16:47Z
10.48550/arxiv.2511.03567,yes,green,https://doi.org/10.48550/arxiv.2511.03567,W7104249039,2026-08-08T00:16:47Z
10.48550/arxiv.2512.07537,yes,green,https://doi.org/10.48550/arxiv.2512.07537,W7111024810,2026-08-08T00:16:47Z
10.48550/arxiv.2512.14630,yes,green,https://arxiv.org/pdf/2512.14630,W4417474203,2026-08-08T00:16:47Z
10.48550/arxiv.2601.01040,yes,green,https://doi.org/10.48550/arxiv.2601.01040,W7118973940,2026-08-08T00:16:47Z
10.48550/arxiv.2601.11936,yes,green,https://doi.org/10.48550/arxiv.2601.11936,W7125122752,2026-08-08T00:16:47Z
10.48550/arxiv.2601.19699,yes,green,,W7125943486,2026-08-08T00:16:47Z
10.48550/arxiv.2602.04420,yes,green,,W7128057212,2026-08-08T00:16:47Z
10.48550/arxiv.2602.07746,yes,green,,W7128540746,2026-08-08T00:16:47Z
10.48550/arxiv.2602.24236,yes,green,,W7133209380,2026-08-08T00:16:47Z
10.48550/arxiv.2603.07089,yes,green,,W7134851058,2026-08-08T00:16:47Z
10.48550/arxiv.2603.10546,yes,green,https://doi.org/10.48550/arxiv.2603.10546,W7135079366,2026-08-08T00:16:47Z
10.48550/arxiv.2604.17925,yes,green,https://doi.org/10.48550/arxiv.2604.17925,W7155070098,2026-08-08T00:16:47Z
10.48550/arxiv.2604.25603,yes,green,https://doi.org/10.48550/arxiv.2604.25603,W7157983514,2026-08-08T00:16:47Z
10.48550/arxiv.2604.26428,yes,green,https://doi.org/10.48550/arxiv.2604.26428,W7158618190,2026-08-08T00:16:47Z
10.48550/arxiv.2605.14617,yes,green,https://doi.org/10.48550/arxiv.2605.14617,W7161302089,2026-08-08T00:16:47Z
10.48550/arxiv.2605.22394,yes,green,https://doi.org/10.48550/arxiv.2605.22394,W7162134413,2026-08-08T00:16:47Z
10.48550/arxiv.2606.02917,yes,green,https://doi.org/10.48550/arxiv.2606.02917,W7163325257,2026-08-08T00:16:47Z
10.48550/arxiv.2606.07879,yes,green,https://doi.org/10.48550/arxiv.2606.07879,W7164063996,2026-08-08T00:16:47Z
10.48550/arxiv.2606.17761,yes,green,https://doi.org/10.48550/arxiv.2606.17761,W7165043808,2026-08-08T00:16:47Z
10.48550/arxiv.2607.05786,yes,green,https://doi.org/10.48550/arxiv.2607.05786,W7167746251,2026-08-08T00:16:47Z
10.48550/arxiv.2607.08178,yes,green,https://doi.org/10.48550/arxiv.2607.08178,W7167974851,2026-08-08T00:16:47Z
10.5012/bkcs.2004.25.2.260,yes,bronze,http://koreascience.or.kr:80/article/JAKO200402727310347.pdf,W2171078375,2026-08-08T00:16:47Z
10.5012/bkcs.2014.35.5.1511,yes,bronze,http://koreascience.or.kr:80/article/JAKO201416760764807.pdf,W2044560135,2026-08-08T00:16:47Z
10.5267/j.ccl.2015.10.003,yes,diamond,https://doi.org/10.5267/j.ccl.2015.10.003,W2201334635,2026-08-08T00:16:47Z
10.5281/zenodo.21277815,yes,green,https://doi.org/10.5281/zenodo.21277815,W7167838971,2026-08-08T00:16:47Z
10.53941/ps.2026.100011,yes,hybrid,https://doi.org/10.53941/ps.2026.100011,W7140277076,2026-08-08T00:16:47Z
10.5445/ir/1000187885,yes,green,https://publikationen.bibliothek.kit.edu/1000187885/179559695,W7155069273,2026-08-08T00:16:47Z
10.5539/apr.v6n2p69,yes,diamond,https://ccsenet.org/journal/index.php/apr/article/download/34558/19679,W2097544143,2026-08-08T00:16:47Z
10.5539/mas.v10n11p192,yes,hybrid,http://www.ccsenet.org/journal/index.php/mas/article/download/62389/33476,W2507307044,2026-08-08T00:16:47Z
10.5539/mas.v11n9p14,yes,diamond,http://www.ccsenet.org/journal/index.php/mas/article/download/69832/38048,W2743775173,2026-08-08T00:16:47Z
10.5539/mas.v12n3p132,yes,diamond,http://www.ccsenet.org/journal/index.php/mas/article/download/73874/40647,W2612923944,2026-08-08T00:16:47Z
10.5562/cca2770,yes,diamond,https://doi.org/10.5562/cca2770,W2344492140,2026-08-08T00:16:47Z
10.5562/cca3172,yes,diamond,https://doi.org/10.5562/cca3172,W2745480307,2026-08-08T00:16:47Z
10.55959/msu0579-9384-2-2025-66-4-292-302,yes,bronze,https://doi.org/10.55959/msu0579-9384-2-2025-66-4-292-302,W4411149384,2026-08-08T00:16:47Z
10.5897/ijps.9000589,yes,green,https://academicjournals.org/journal/IJPS/article-abstract/279438A28097,W3195289124,2026-08-08T00:16:47Z
10.62684/uhjs3297,yes,bronze,https://journal.topitalianscientists.org/images/c/cd/DFT_Study_on_the_Photoisomerization_of_Carvone.pdf,W7125610045,2026-08-08T00:16:47Z
10.70675/df50e74bzd850z4bdfz8059zb185e981c9b9,no,closed,,W7147729842,2026-08-08T00:16:47Z
10.7498/aps.60.027106,yes,hybrid,https://doi.org/10.7498/aps.60.027106,W865043709,2026-08-08T00:16:47Z
10.7498/aps.61.033101,yes,hybrid,https://doi.org/10.7498/aps.61.033101,W3117753905,2026-08-08T00:16:47Z
10.7498/aps.65.033101,yes,hybrid,https://doi.org/10.7498/aps.65.033101,W3111729790,2026-08-08T00:16:47Z
10.7498/aps.66.103101,yes,hybrid,https://doi.org/10.7498/aps.66.103101,W3113953953,2026-08-08T00:16:47Z
10.7498/aps.67.20172409,yes,diamond,https://doi.org/10.7498/aps.67.20172409,W3112626419,2026-08-08T00:16:47Z
10.7498/aps.67.20181469,yes,diamond,https://doi.org/10.7498/aps.67.20181469,W3118218009,2026-08-08T00:16:47Z
10.7498/aps.68.20191341,yes,diamond,https://doi.org/10.7498/aps.68.20191341,W3035244709,2026-08-08T00:16:47Z
10.7498/aps.71.20212108,yes,diamond,https://wulixb.iphy.ac.cn/pdf-content/10.7498/aps.71.20212108.pdf,W4210383796,2026-08-08T00:16:47Z
10.7498/aps.71.20220043,yes,diamond,https://wulixb.iphy.ac.cn/pdf-content/10.7498/aps.71.20220043.pdf,W4225854037,2026-08-08T00:16:47Z
